{"@t":"2023-02-27T08:20:21.6265822Z","@mt":"Acquiring MainDom.","SourceContext":"Umbraco.Cms.Core.Runtime.MainDom","ProcessId":29044,"ProcessName":"Clean.Site","ThreadId":1,"ApplicationId":"08576e774ac196133407f48bb75449c37258f5a7","MachineName":"1C3-TEC-GJWGARY","Log4NetLevel":"INFO "}
{"@t":"2023-02-27T08:20:21.6335787Z","@mt":"Acquired MainDom.","SourceContext":"Umbraco.Cms.Core.Runtime.MainDom","ProcessId":29044,"ProcessName":"Clean.Site","ThreadId":1,"ApplicationId":"08576e774ac196133407f48bb75449c37258f5a7","MachineName":"1C3-TEC-GJWGARY","Log4NetLevel":"INFO "}
{"@t":"2023-02-27T08:20:22.5254405Z","@mt":"Now listening on: {address}","address":"https://localhost:44365","EventId":{"Id":14,"Name":"ListeningOnAddress"},"SourceContext":"Microsoft.Hosting.Lifetime","ProcessId":29044,"ProcessName":"Clean.Site","ThreadId":1,"ApplicationId":"08576e774ac196133407f48bb75449c37258f5a7","MachineName":"1C3-TEC-GJWGARY","Log4NetLevel":"INFO "}
{"@t":"2023-02-27T08:20:22.5259751Z","@mt":"Now listening on: {address}","address":"http://localhost:43116","EventId":{"Id":14,"Name":"ListeningOnAddress"},"SourceContext":"Microsoft.Hosting.Lifetime","ProcessId":29044,"ProcessName":"Clean.Site","ThreadId":1,"ApplicationId":"08576e774ac196133407f48bb75449c37258f5a7","MachineName":"1C3-TEC-GJWGARY","Log4NetLevel":"INFO "}
{"@t":"2023-02-27T08:20:22.5292626Z","@mt":"Application started. Press Ctrl+C to shut down.","SourceContext":"Microsoft.Hosting.Lifetime","ProcessId":29044,"ProcessName":"Clean.Site","ThreadId":1,"ApplicationId":"08576e774ac196133407f48bb75449c37258f5a7","MachineName":"1C3-TEC-GJWGARY","Log4NetLevel":"INFO "}
{"@t":"2023-02-27T08:20:22.5293281Z","@mt":"Hosting environment: {EnvName}","EnvName":"Development","SourceContext":"Microsoft.Hosting.Lifetime","ProcessId":29044,"ProcessName":"Clean.Site","ThreadId":1,"ApplicationId":"08576e774ac196133407f48bb75449c37258f5a7","MachineName":"1C3-TEC-GJWGARY","Log4NetLevel":"INFO "}
{"@t":"2023-02-27T08:20:22.5293638Z","@mt":"Content root path: {ContentRoot}","ContentRoot":"C:\\Hadi\\Umbraco\\Clean\\Clean.Site","SourceContext":"Microsoft.Hosting.Lifetime","ProcessId":29044,"ProcessName":"Clean.Site","ThreadId":1,"ApplicationId":"08576e774ac196133407f48bb75449c37258f5a7","MachineName":"1C3-TEC-GJWGARY","Log4NetLevel":"INFO "}
{"@t":"2023-02-27T08:20:23.4528076Z","@mt":"Registered with MainDom, localContentDbExists? {LocalContentDbExists}, localMediaDbExists? {LocalMediaDbExists}","LocalContentDbExists":true,"LocalMediaDbExists":true,"SourceContext":"Umbraco.Cms.Infrastructure.PublishedCache.PublishedSnapshotService","RequestId":"0HMOOJDSD8KU3:00000001","RequestPath":"/","ConnectionId":"0HMOOJDSD8KU3","ProcessId":29044,"ProcessName":"Clean.Site","ThreadId":16,"ApplicationId":"08576e774ac196133407f48bb75449c37258f5a7","MachineName":"1C3-TEC-GJWGARY","Log4NetLevel":"INFO ","HttpRequestId":"dbce6247-d654-4d70-905d-99bbc41d3abb","HttpRequestNumber":1,"HttpSessionId":"0"}
{"@t":"2023-02-27T08:20:23.4548077Z","@mt":"Creating the content store, localContentDbExists? {LocalContentDbExists}","LocalContentDbExists":true,"SourceContext":"Umbraco.Cms.Infrastructure.PublishedCache.PublishedSnapshotService","RequestId":"0HMOOJDSD8KU3:00000001","RequestPath":"/","ConnectionId":"0HMOOJDSD8KU3","ProcessId":29044,"ProcessName":"Clean.Site","ThreadId":16,"ApplicationId":"08576e774ac196133407f48bb75449c37258f5a7","MachineName":"1C3-TEC-GJWGARY","Log4NetLevel":"INFO ","HttpRequestId":"dbce6247-d654-4d70-905d-99bbc41d3abb","HttpRequestNumber":1,"HttpSessionId":"0"}
{"@t":"2023-02-27T08:20:23.4571146Z","@mt":"Creating the media store, localMediaDbExists? {LocalMediaDbExists}","LocalMediaDbExists":true,"SourceContext":"Umbraco.Cms.Infrastructure.PublishedCache.PublishedSnapshotService","RequestId":"0HMOOJDSD8KU3:00000001","RequestPath":"/","ConnectionId":"0HMOOJDSD8KU3","ProcessId":29044,"ProcessName":"Clean.Site","ThreadId":16,"ApplicationId":"08576e774ac196133407f48bb75449c37258f5a7","MachineName":"1C3-TEC-GJWGARY","Log4NetLevel":"INFO ","HttpRequestId":"dbce6247-d654-4d70-905d-99bbc41d3abb","HttpRequestNumber":1,"HttpSessionId":"0"}
{"@t":"2023-02-27T08:20:23.8034430Z","@mt":"{StartMessage} [Timing {TimingId}]","StartMessage":"Loading content from local cache file","TimingId":"6a4c6b7","SourceContext":"Umbraco.Cms.Core.Logging.ProfilingLogger","RequestId":"0HMOOJDSD8KU3:00000001","RequestPath":"/","ConnectionId":"0HMOOJDSD8KU3","ProcessId":29044,"ProcessName":"Clean.Site","ThreadId":16,"ApplicationId":"08576e774ac196133407f48bb75449c37258f5a7","MachineName":"1C3-TEC-GJWGARY","Log4NetLevel":"INFO ","HttpRequestId":"dbce6247-d654-4d70-905d-99bbc41d3abb","HttpRequestNumber":1,"HttpSessionId":"0"}
{"@t":"2023-02-27T08:20:23.8302621Z","@mt":"{EndMessage} ({Duration}ms) [Timing {TimingId}]","EndMessage":"Completed.","Duration":26,"TimingId":"6a4c6b7","SourceContext":"Umbraco.Cms.Core.Logging.ProfilingLogger","RequestId":"0HMOOJDSD8KU3:00000001","RequestPath":"/","ConnectionId":"0HMOOJDSD8KU3","ProcessId":29044,"ProcessName":"Clean.Site","ThreadId":16,"ApplicationId":"08576e774ac196133407f48bb75449c37258f5a7","MachineName":"1C3-TEC-GJWGARY","Log4NetLevel":"INFO ","HttpRequestId":"dbce6247-d654-4d70-905d-99bbc41d3abb","HttpRequestNumber":1,"HttpSessionId":"0"}
{"@t":"2023-02-27T08:20:23.8383107Z","@mt":"{StartMessage} [Timing {TimingId}]","StartMessage":"Loading media from local cache file","TimingId":"2504ae0","SourceContext":"Umbraco.Cms.Core.Logging.ProfilingLogger","RequestId":"0HMOOJDSD8KU3:00000001","RequestPath":"/","ConnectionId":"0HMOOJDSD8KU3","ProcessId":29044,"ProcessName":"Clean.Site","ThreadId":16,"ApplicationId":"08576e774ac196133407f48bb75449c37258f5a7","MachineName":"1C3-TEC-GJWGARY","Log4NetLevel":"INFO ","HttpRequestId":"dbce6247-d654-4d70-905d-99bbc41d3abb","HttpRequestNumber":1,"HttpSessionId":"0"}
{"@t":"2023-02-27T08:20:23.8405809Z","@mt":"{EndMessage} ({Duration}ms) [Timing {TimingId}]","EndMessage":"Completed.","Duration":2,"TimingId":"2504ae0","SourceContext":"Umbraco.Cms.Core.Logging.ProfilingLogger","RequestId":"0HMOOJDSD8KU3:00000001","RequestPath":"/","ConnectionId":"0HMOOJDSD8KU3","ProcessId":29044,"ProcessName":"Clean.Site","ThreadId":16,"ApplicationId":"08576e774ac196133407f48bb75449c37258f5a7","MachineName":"1C3-TEC-GJWGARY","Log4NetLevel":"INFO ","HttpRequestId":"dbce6247-d654-4d70-905d-99bbc41d3abb","HttpRequestNumber":1,"HttpSessionId":"0"}
{"@t":"2023-02-27T08:21:56.5089337Z","@mt":"Document {ContentName} (id={ContentId}) has been published.","ContentName":"Home","ContentId":1064,"SourceContext":"Umbraco.Cms.Core.Services.ContentService","ActionId":"948aae3e-bfcd-4051-a8c5-e4fce80b5282","ActionName":"Umbraco.Cms.Web.BackOffice.Controllers.ContentController.PostSave (Umbraco.Web.BackOffice)","RequestId":"0HMOOJDSD8KU3:000000DF","RequestPath":"/umbraco/backoffice/umbracoapi/content/PostSave","ConnectionId":"0HMOOJDSD8KU3","ProcessId":29044,"ProcessName":"Clean.Site","ThreadId":14,"ApplicationId":"08576e774ac196133407f48bb75449c37258f5a7","MachineName":"1C3-TEC-GJWGARY","Log4NetLevel":"INFO ","HttpRequestId":"3d4e9cfa-9024-4613-ab7d-58687346a5fa","HttpRequestNumber":2,"HttpSessionId":"23fb6447-aaf2-6801-e9fb-35955dfd80a0"}
{"@t":"2023-02-27T08:21:56.7388291Z","@mt":"Adding examine event handlers for {RegisteredIndexers} index providers.","RegisteredIndexers":3,"SourceContext":"Umbraco.Cms.Infrastructure.Examine.ExamineUmbracoIndexingHandler","ActionId":"948aae3e-bfcd-4051-a8c5-e4fce80b5282","ActionName":"Umbraco.Cms.Web.BackOffice.Controllers.ContentController.PostSave (Umbraco.Web.BackOffice)","RequestId":"0HMOOJDSD8KU3:000000DF","RequestPath":"/umbraco/backoffice/umbracoapi/content/PostSave","ConnectionId":"0HMOOJDSD8KU3","ProcessId":29044,"ProcessName":"Clean.Site","ThreadId":14,"ApplicationId":"08576e774ac196133407f48bb75449c37258f5a7","MachineName":"1C3-TEC-GJWGARY","Log4NetLevel":"INFO ","HttpRequestId":"3d4e9cfa-9024-4613-ab7d-58687346a5fa","HttpRequestNumber":2,"HttpSessionId":"23fb6447-aaf2-6801-e9fb-35955dfd80a0"}
