{"@t":"2023-02-24T07:56:34.2059388Z","@mt":"Stopping ({SignalSource})","SignalSource":"environment","SourceContext":"Umbraco.Cms.Core.Runtime.MainDom","ProcessId":18936,"ProcessName":"Clean.Site","ThreadId":134,"ApplicationId":"08576e774ac196133407f48bb75449c37258f5a7","MachineName":"1C3-TEC-GJWGARY","Log4NetLevel":"INFO "}
{"@t":"2023-02-24T07:56:34.2179304Z","@mt":"Released from MainDom","SourceContext":"Umbraco.Cms.Infrastructure.PublishedCache.PublishedSnapshotService","ProcessId":18936,"ProcessName":"Clean.Site","ThreadId":134,"ApplicationId":"08576e774ac196133407f48bb75449c37258f5a7","MachineName":"1C3-TEC-GJWGARY","Log4NetLevel":"INFO "}
{"@t":"2023-02-24T07:56:34.2194975Z","@mt":"{StartMessage} [Timing {TimingId}]","StartMessage":"Examine shutting down","TimingId":"29b1548","SourceContext":"Umbraco.Cms.Core.Logging.ProfilingLogger","ProcessId":18936,"ProcessName":"Clean.Site","ThreadId":134,"ApplicationId":"08576e774ac196133407f48bb75449c37258f5a7","MachineName":"1C3-TEC-GJWGARY","Log4NetLevel":"INFO "}
{"@t":"2023-02-24T07:56:34.2457956Z","@mt":"{EndMessage} ({Duration}ms) [Timing {TimingId}]","EndMessage":"Completed.","Duration":26,"TimingId":"29b1548","SourceContext":"Umbraco.Cms.Core.Logging.ProfilingLogger","ProcessId":18936,"ProcessName":"Clean.Site","ThreadId":134,"ApplicationId":"08576e774ac196133407f48bb75449c37258f5a7","MachineName":"1C3-TEC-GJWGARY","Log4NetLevel":"INFO "}
{"@t":"2023-02-24T07:56:34.2467198Z","@mt":"Released ({SignalSource})","SignalSource":"environment","SourceContext":"Umbraco.Cms.Core.Runtime.MainDom","ProcessId":18936,"ProcessName":"Clean.Site","ThreadId":134,"ApplicationId":"08576e774ac196133407f48bb75449c37258f5a7","MachineName":"1C3-TEC-GJWGARY","Log4NetLevel":"INFO "}
{"@t":"2023-02-24T07:56:34.2476293Z","@mt":"Application is shutting down...","SourceContext":"Microsoft.Hosting.Lifetime","ProcessId":18936,"ProcessName":"Clean.Site","ThreadId":134,"ApplicationId":"08576e774ac196133407f48bb75449c37258f5a7","MachineName":"1C3-TEC-GJWGARY","Log4NetLevel":"INFO "}
{"@t":"2023-02-24T07:56:34.2667616Z","@mt":"Queued Hosted Service is stopping.","SourceContext":"Umbraco.Cms.Infrastructure.HostedServices.QueuedHostedService","ProcessId":18936,"ProcessName":"Clean.Site","ThreadId":20,"ApplicationId":"08576e774ac196133407f48bb75449c37258f5a7","MachineName":"1C3-TEC-GJWGARY","Log4NetLevel":"INFO "}
