{"@t":"2023-02-28T09:39:35.9401563Z","@mt":"Deleted {count} ContentVersion(s)","count":1,"SourceContext":"Umbraco.Cms.Infrastructure.HostedServices.ContentVersionCleanup","ProcessId":29044,"ProcessName":"Clean.Site","ThreadId":122,"ApplicationId":"08576e774ac196133407f48bb75449c37258f5a7","MachineName":"1C3-TEC-GJWGARY","Log4NetLevel":"INFO "}
{"@t":"2023-02-28T14:10:36.1147841Z","@mt":"Stopping ({SignalSource})","SignalSource":"environment","SourceContext":"Umbraco.Cms.Core.Runtime.MainDom","ProcessId":29044,"ProcessName":"Clean.Site","ThreadId":159,"ApplicationId":"08576e774ac196133407f48bb75449c37258f5a7","MachineName":"1C3-TEC-GJWGARY","Log4NetLevel":"INFO "}
{"@t":"2023-02-28T14:10:36.1338694Z","@mt":"Released from MainDom","SourceContext":"Umbraco.Cms.Infrastructure.PublishedCache.PublishedSnapshotService","ProcessId":29044,"ProcessName":"Clean.Site","ThreadId":159,"ApplicationId":"08576e774ac196133407f48bb75449c37258f5a7","MachineName":"1C3-TEC-GJWGARY","Log4NetLevel":"INFO "}
{"@t":"2023-02-28T14:10:36.1348761Z","@mt":"{StartMessage} [Timing {TimingId}]","StartMessage":"Examine shutting down","TimingId":"fc8e413","SourceContext":"Umbraco.Cms.Core.Logging.ProfilingLogger","ProcessId":29044,"ProcessName":"Clean.Site","ThreadId":159,"ApplicationId":"08576e774ac196133407f48bb75449c37258f5a7","MachineName":"1C3-TEC-GJWGARY","Log4NetLevel":"INFO "}
{"@t":"2023-02-28T14:10:36.1614973Z","@mt":"{EndMessage} ({Duration}ms) [Timing {TimingId}]","EndMessage":"Completed.","Duration":26,"TimingId":"fc8e413","SourceContext":"Umbraco.Cms.Core.Logging.ProfilingLogger","ProcessId":29044,"ProcessName":"Clean.Site","ThreadId":159,"ApplicationId":"08576e774ac196133407f48bb75449c37258f5a7","MachineName":"1C3-TEC-GJWGARY","Log4NetLevel":"INFO "}
{"@t":"2023-02-28T14:10:36.1622046Z","@mt":"Released ({SignalSource})","SignalSource":"environment","SourceContext":"Umbraco.Cms.Core.Runtime.MainDom","ProcessId":29044,"ProcessName":"Clean.Site","ThreadId":159,"ApplicationId":"08576e774ac196133407f48bb75449c37258f5a7","MachineName":"1C3-TEC-GJWGARY","Log4NetLevel":"INFO "}
{"@t":"2023-02-28T14:10:36.1631228Z","@mt":"Application is shutting down...","SourceContext":"Microsoft.Hosting.Lifetime","ProcessId":29044,"ProcessName":"Clean.Site","ThreadId":159,"ApplicationId":"08576e774ac196133407f48bb75449c37258f5a7","MachineName":"1C3-TEC-GJWGARY","Log4NetLevel":"INFO "}
{"@t":"2023-02-28T14:10:36.1759255Z","@mt":"Queued Hosted Service is stopping.","SourceContext":"Umbraco.Cms.Infrastructure.HostedServices.QueuedHostedService","ProcessId":29044,"ProcessName":"Clean.Site","ThreadId":57,"ApplicationId":"08576e774ac196133407f48bb75449c37258f5a7","MachineName":"1C3-TEC-GJWGARY","Log4NetLevel":"INFO "}
