{"@t":"2023-03-09T02:12:08.8865050Z","@mt":"Acquiring MainDom.","SourceContext":"Umbraco.Cms.Core.Runtime.MainDom","ProcessId":15572,"ProcessName":"Clean.Site","ThreadId":1,"ApplicationId":"08576e774ac196133407f48bb75449c37258f5a7","MachineName":"1C3-TEC-GJWGARY","Log4NetLevel":"INFO "}
{"@t":"2023-03-09T02:12:08.9113658Z","@mt":"Acquired MainDom.","SourceContext":"Umbraco.Cms.Core.Runtime.MainDom","ProcessId":15572,"ProcessName":"Clean.Site","ThreadId":1,"ApplicationId":"08576e774ac196133407f48bb75449c37258f5a7","MachineName":"1C3-TEC-GJWGARY","Log4NetLevel":"INFO "}
{"@t":"2023-03-09T02:12:12.2508734Z","@mt":"Now listening on: {address}","address":"https://localhost:44365","EventId":{"Id":14,"Name":"ListeningOnAddress"},"SourceContext":"Microsoft.Hosting.Lifetime","ProcessId":15572,"ProcessName":"Clean.Site","ThreadId":1,"ApplicationId":"08576e774ac196133407f48bb75449c37258f5a7","MachineName":"1C3-TEC-GJWGARY","Log4NetLevel":"INFO "}
{"@t":"2023-03-09T02:12:12.2544301Z","@mt":"Now listening on: {address}","address":"http://localhost:43116","EventId":{"Id":14,"Name":"ListeningOnAddress"},"SourceContext":"Microsoft.Hosting.Lifetime","ProcessId":15572,"ProcessName":"Clean.Site","ThreadId":1,"ApplicationId":"08576e774ac196133407f48bb75449c37258f5a7","MachineName":"1C3-TEC-GJWGARY","Log4NetLevel":"INFO "}
{"@t":"2023-03-09T02:12:12.2626150Z","@mt":"Application started. Press Ctrl+C to shut down.","SourceContext":"Microsoft.Hosting.Lifetime","ProcessId":15572,"ProcessName":"Clean.Site","ThreadId":1,"ApplicationId":"08576e774ac196133407f48bb75449c37258f5a7","MachineName":"1C3-TEC-GJWGARY","Log4NetLevel":"INFO "}
{"@t":"2023-03-09T02:12:12.2627794Z","@mt":"Hosting environment: {EnvName}","EnvName":"Development","SourceContext":"Microsoft.Hosting.Lifetime","ProcessId":15572,"ProcessName":"Clean.Site","ThreadId":1,"ApplicationId":"08576e774ac196133407f48bb75449c37258f5a7","MachineName":"1C3-TEC-GJWGARY","Log4NetLevel":"INFO "}
{"@t":"2023-03-09T02:12:12.2628459Z","@mt":"Content root path: {ContentRoot}","ContentRoot":"C:\\Hadi\\Umbraco\\Clean\\Clean.Site","SourceContext":"Microsoft.Hosting.Lifetime","ProcessId":15572,"ProcessName":"Clean.Site","ThreadId":1,"ApplicationId":"08576e774ac196133407f48bb75449c37258f5a7","MachineName":"1C3-TEC-GJWGARY","Log4NetLevel":"INFO "}
{"@t":"2023-03-09T02:12:13.9402818Z","@mt":"Registered with MainDom, localContentDbExists? {LocalContentDbExists}, localMediaDbExists? {LocalMediaDbExists}","LocalContentDbExists":true,"LocalMediaDbExists":true,"SourceContext":"Umbraco.Cms.Infrastructure.PublishedCache.PublishedSnapshotService","RequestId":"0HMP08EP4NFT3:00000001","RequestPath":"/","ConnectionId":"0HMP08EP4NFT3","ProcessId":15572,"ProcessName":"Clean.Site","ThreadId":7,"ApplicationId":"08576e774ac196133407f48bb75449c37258f5a7","MachineName":"1C3-TEC-GJWGARY","Log4NetLevel":"INFO ","HttpRequestId":"28c2b07f-5175-4580-951a-6bdf992ab068","HttpRequestNumber":1,"HttpSessionId":"0"}
{"@t":"2023-03-09T02:12:13.9473105Z","@mt":"Creating the content store, localContentDbExists? {LocalContentDbExists}","LocalContentDbExists":true,"SourceContext":"Umbraco.Cms.Infrastructure.PublishedCache.PublishedSnapshotService","RequestId":"0HMP08EP4NFT3:00000001","RequestPath":"/","ConnectionId":"0HMP08EP4NFT3","ProcessId":15572,"ProcessName":"Clean.Site","ThreadId":7,"ApplicationId":"08576e774ac196133407f48bb75449c37258f5a7","MachineName":"1C3-TEC-GJWGARY","Log4NetLevel":"INFO ","HttpRequestId":"28c2b07f-5175-4580-951a-6bdf992ab068","HttpRequestNumber":1,"HttpSessionId":"0"}
{"@t":"2023-03-09T02:12:13.9554537Z","@mt":"Creating the media store, localMediaDbExists? {LocalMediaDbExists}","LocalMediaDbExists":true,"SourceContext":"Umbraco.Cms.Infrastructure.PublishedCache.PublishedSnapshotService","RequestId":"0HMP08EP4NFT3:00000001","RequestPath":"/","ConnectionId":"0HMP08EP4NFT3","ProcessId":15572,"ProcessName":"Clean.Site","ThreadId":7,"ApplicationId":"08576e774ac196133407f48bb75449c37258f5a7","MachineName":"1C3-TEC-GJWGARY","Log4NetLevel":"INFO ","HttpRequestId":"28c2b07f-5175-4580-951a-6bdf992ab068","HttpRequestNumber":1,"HttpSessionId":"0"}
{"@t":"2023-03-09T02:12:14.9325564Z","@mt":"{StartMessage} [Timing {TimingId}]","StartMessage":"Loading content from local cache file","TimingId":"9d11c08","SourceContext":"Umbraco.Cms.Core.Logging.ProfilingLogger","RequestId":"0HMP08EP4NFT3:00000001","RequestPath":"/","ConnectionId":"0HMP08EP4NFT3","ProcessId":15572,"ProcessName":"Clean.Site","ThreadId":7,"ApplicationId":"08576e774ac196133407f48bb75449c37258f5a7","MachineName":"1C3-TEC-GJWGARY","Log4NetLevel":"INFO ","HttpRequestId":"28c2b07f-5175-4580-951a-6bdf992ab068","HttpRequestNumber":1,"HttpSessionId":"0"}
{"@t":"2023-03-09T02:12:15.0201387Z","@mt":"{EndMessage} ({Duration}ms) [Timing {TimingId}]","EndMessage":"Completed.","Duration":87,"TimingId":"9d11c08","SourceContext":"Umbraco.Cms.Core.Logging.ProfilingLogger","RequestId":"0HMP08EP4NFT3:00000001","RequestPath":"/","ConnectionId":"0HMP08EP4NFT3","ProcessId":15572,"ProcessName":"Clean.Site","ThreadId":7,"ApplicationId":"08576e774ac196133407f48bb75449c37258f5a7","MachineName":"1C3-TEC-GJWGARY","Log4NetLevel":"INFO ","HttpRequestId":"28c2b07f-5175-4580-951a-6bdf992ab068","HttpRequestNumber":1,"HttpSessionId":"0"}
{"@t":"2023-03-09T02:12:15.0518220Z","@mt":"{StartMessage} [Timing {TimingId}]","StartMessage":"Loading media from local cache file","TimingId":"d388bd4","SourceContext":"Umbraco.Cms.Core.Logging.ProfilingLogger","RequestId":"0HMP08EP4NFT3:00000001","RequestPath":"/","ConnectionId":"0HMP08EP4NFT3","ProcessId":15572,"ProcessName":"Clean.Site","ThreadId":7,"ApplicationId":"08576e774ac196133407f48bb75449c37258f5a7","MachineName":"1C3-TEC-GJWGARY","Log4NetLevel":"INFO ","HttpRequestId":"28c2b07f-5175-4580-951a-6bdf992ab068","HttpRequestNumber":1,"HttpSessionId":"0"}
{"@t":"2023-03-09T02:12:15.0622412Z","@mt":"{EndMessage} ({Duration}ms) [Timing {TimingId}]","EndMessage":"Completed.","Duration":10,"TimingId":"d388bd4","SourceContext":"Umbraco.Cms.Core.Logging.ProfilingLogger","RequestId":"0HMP08EP4NFT3:00000001","RequestPath":"/","ConnectionId":"0HMP08EP4NFT3","ProcessId":15572,"ProcessName":"Clean.Site","ThreadId":7,"ApplicationId":"08576e774ac196133407f48bb75449c37258f5a7","MachineName":"1C3-TEC-GJWGARY","Log4NetLevel":"INFO ","HttpRequestId":"28c2b07f-5175-4580-951a-6bdf992ab068","HttpRequestNumber":1,"HttpSessionId":"0"}
{"@t":"2023-03-09T02:15:23.9902123Z","@mt":"Adding examine event handlers for {RegisteredIndexers} index providers.","RegisteredIndexers":3,"SourceContext":"Umbraco.Cms.Infrastructure.Examine.ExamineUmbracoIndexingHandler","ActionId":"07670006-65d5-4549-95d6-c7022fe81def","ActionName":"Umbraco.Cms.Web.BackOffice.Controllers.ContentTypeController.PostSave (Umbraco.Web.BackOffice)","RequestId":"0HMP08EP4NFT3:00000101","RequestPath":"/umbraco/backoffice/umbracoapi/contenttype/PostSave","ConnectionId":"0HMP08EP4NFT3","ProcessId":15572,"ProcessName":"Clean.Site","ThreadId":38,"ApplicationId":"08576e774ac196133407f48bb75449c37258f5a7","MachineName":"1C3-TEC-GJWGARY","Log4NetLevel":"INFO ","HttpRequestId":"90e332e8-05e8-4924-9935-6e45f792f724","HttpRequestNumber":2,"HttpSessionId":"e88cbcd3-8a7c-c9a9-50ac-8a06b1ff8091"}
{"@t":"2023-03-09T02:21:26.0756799Z","@mt":"Acquiring MainDom.","SourceContext":"Umbraco.Cms.Core.Runtime.MainDom","ProcessId":28900,"ProcessName":"Clean.Site","ThreadId":1,"ApplicationId":"08576e774ac196133407f48bb75449c37258f5a7","MachineName":"1C3-TEC-GJWGARY","Log4NetLevel":"INFO "}
{"@t":"2023-03-09T02:21:26.0959030Z","@mt":"Acquired MainDom.","SourceContext":"Umbraco.Cms.Core.Runtime.MainDom","ProcessId":28900,"ProcessName":"Clean.Site","ThreadId":1,"ApplicationId":"08576e774ac196133407f48bb75449c37258f5a7","MachineName":"1C3-TEC-GJWGARY","Log4NetLevel":"INFO "}
{"@t":"2023-03-09T02:21:28.2692512Z","@mt":"Now listening on: {address}","address":"https://localhost:44365","EventId":{"Id":14,"Name":"ListeningOnAddress"},"SourceContext":"Microsoft.Hosting.Lifetime","ProcessId":28900,"ProcessName":"Clean.Site","ThreadId":1,"ApplicationId":"08576e774ac196133407f48bb75449c37258f5a7","MachineName":"1C3-TEC-GJWGARY","Log4NetLevel":"INFO "}
{"@t":"2023-03-09T02:21:28.2700917Z","@mt":"Now listening on: {address}","address":"http://localhost:43116","EventId":{"Id":14,"Name":"ListeningOnAddress"},"SourceContext":"Microsoft.Hosting.Lifetime","ProcessId":28900,"ProcessName":"Clean.Site","ThreadId":1,"ApplicationId":"08576e774ac196133407f48bb75449c37258f5a7","MachineName":"1C3-TEC-GJWGARY","Log4NetLevel":"INFO "}
{"@t":"2023-03-09T02:21:28.2788683Z","@mt":"Application started. Press Ctrl+C to shut down.","SourceContext":"Microsoft.Hosting.Lifetime","ProcessId":28900,"ProcessName":"Clean.Site","ThreadId":1,"ApplicationId":"08576e774ac196133407f48bb75449c37258f5a7","MachineName":"1C3-TEC-GJWGARY","Log4NetLevel":"INFO "}
{"@t":"2023-03-09T02:21:28.2790902Z","@mt":"Hosting environment: {EnvName}","EnvName":"Development","SourceContext":"Microsoft.Hosting.Lifetime","ProcessId":28900,"ProcessName":"Clean.Site","ThreadId":1,"ApplicationId":"08576e774ac196133407f48bb75449c37258f5a7","MachineName":"1C3-TEC-GJWGARY","Log4NetLevel":"INFO "}
{"@t":"2023-03-09T02:21:28.2791752Z","@mt":"Content root path: {ContentRoot}","ContentRoot":"C:\\Hadi\\Umbraco\\Clean\\Clean.Site","SourceContext":"Microsoft.Hosting.Lifetime","ProcessId":28900,"ProcessName":"Clean.Site","ThreadId":1,"ApplicationId":"08576e774ac196133407f48bb75449c37258f5a7","MachineName":"1C3-TEC-GJWGARY","Log4NetLevel":"INFO "}
{"@t":"2023-03-09T02:21:46.6076492Z","@mt":"Registered with MainDom, localContentDbExists? {LocalContentDbExists}, localMediaDbExists? {LocalMediaDbExists}","LocalContentDbExists":true,"LocalMediaDbExists":true,"SourceContext":"Umbraco.Cms.Infrastructure.PublishedCache.PublishedSnapshotService","ActionId":"1dbc8f4c-3a03-4339-ab60-68d7e099ce52","ActionName":"Umbraco.Cms.Web.BackOffice.Controllers.ContentController.GetById (Umbraco.Web.BackOffice)","RequestId":"0HMP08JULBIGM:000000A5","RequestPath":"/umbraco/backoffice/umbracoapi/content/GetById","ConnectionId":"0HMP08JULBIGM","ProcessId":28900,"ProcessName":"Clean.Site","ThreadId":25,"ApplicationId":"08576e774ac196133407f48bb75449c37258f5a7","MachineName":"1C3-TEC-GJWGARY","Log4NetLevel":"INFO ","HttpRequestId":"b9baea94-8a2f-40bb-a2f5-380395f7d69d","HttpRequestNumber":1,"HttpSessionId":"85915f3c-11b9-c1f6-0674-2c2ee7962ea7"}
{"@t":"2023-03-09T02:21:46.6185574Z","@mt":"Creating the content store, localContentDbExists? {LocalContentDbExists}","LocalContentDbExists":true,"SourceContext":"Umbraco.Cms.Infrastructure.PublishedCache.PublishedSnapshotService","ActionId":"1dbc8f4c-3a03-4339-ab60-68d7e099ce52","ActionName":"Umbraco.Cms.Web.BackOffice.Controllers.ContentController.GetById (Umbraco.Web.BackOffice)","RequestId":"0HMP08JULBIGM:000000A5","RequestPath":"/umbraco/backoffice/umbracoapi/content/GetById","ConnectionId":"0HMP08JULBIGM","ProcessId":28900,"ProcessName":"Clean.Site","ThreadId":25,"ApplicationId":"08576e774ac196133407f48bb75449c37258f5a7","MachineName":"1C3-TEC-GJWGARY","Log4NetLevel":"INFO ","HttpRequestId":"b9baea94-8a2f-40bb-a2f5-380395f7d69d","HttpRequestNumber":1,"HttpSessionId":"85915f3c-11b9-c1f6-0674-2c2ee7962ea7"}
{"@t":"2023-03-09T02:21:46.6296775Z","@mt":"Creating the media store, localMediaDbExists? {LocalMediaDbExists}","LocalMediaDbExists":true,"SourceContext":"Umbraco.Cms.Infrastructure.PublishedCache.PublishedSnapshotService","ActionId":"1dbc8f4c-3a03-4339-ab60-68d7e099ce52","ActionName":"Umbraco.Cms.Web.BackOffice.Controllers.ContentController.GetById (Umbraco.Web.BackOffice)","RequestId":"0HMP08JULBIGM:000000A5","RequestPath":"/umbraco/backoffice/umbracoapi/content/GetById","ConnectionId":"0HMP08JULBIGM","ProcessId":28900,"ProcessName":"Clean.Site","ThreadId":25,"ApplicationId":"08576e774ac196133407f48bb75449c37258f5a7","MachineName":"1C3-TEC-GJWGARY","Log4NetLevel":"INFO ","HttpRequestId":"b9baea94-8a2f-40bb-a2f5-380395f7d69d","HttpRequestNumber":1,"HttpSessionId":"85915f3c-11b9-c1f6-0674-2c2ee7962ea7"}
{"@t":"2023-03-09T02:21:46.7553266Z","@mt":"{StartMessage} [Timing {TimingId}]","StartMessage":"Loading content from local cache file","TimingId":"2435f2b","SourceContext":"Umbraco.Cms.Core.Logging.ProfilingLogger","ActionId":"1dbc8f4c-3a03-4339-ab60-68d7e099ce52","ActionName":"Umbraco.Cms.Web.BackOffice.Controllers.ContentController.GetById (Umbraco.Web.BackOffice)","RequestId":"0HMP08JULBIGM:000000A5","RequestPath":"/umbraco/backoffice/umbracoapi/content/GetById","ConnectionId":"0HMP08JULBIGM","ProcessId":28900,"ProcessName":"Clean.Site","ThreadId":25,"ApplicationId":"08576e774ac196133407f48bb75449c37258f5a7","MachineName":"1C3-TEC-GJWGARY","Log4NetLevel":"INFO ","HttpRequestId":"b9baea94-8a2f-40bb-a2f5-380395f7d69d","HttpRequestNumber":1,"HttpSessionId":"85915f3c-11b9-c1f6-0674-2c2ee7962ea7"}
{"@t":"2023-03-09T02:21:46.7979409Z","@mt":"{EndMessage} ({Duration}ms) [Timing {TimingId}]","EndMessage":"Completed.","Duration":42,"TimingId":"2435f2b","SourceContext":"Umbraco.Cms.Core.Logging.ProfilingLogger","ActionId":"1dbc8f4c-3a03-4339-ab60-68d7e099ce52","ActionName":"Umbraco.Cms.Web.BackOffice.Controllers.ContentController.GetById (Umbraco.Web.BackOffice)","RequestId":"0HMP08JULBIGM:000000A5","RequestPath":"/umbraco/backoffice/umbracoapi/content/GetById","ConnectionId":"0HMP08JULBIGM","ProcessId":28900,"ProcessName":"Clean.Site","ThreadId":25,"ApplicationId":"08576e774ac196133407f48bb75449c37258f5a7","MachineName":"1C3-TEC-GJWGARY","Log4NetLevel":"INFO ","HttpRequestId":"b9baea94-8a2f-40bb-a2f5-380395f7d69d","HttpRequestNumber":1,"HttpSessionId":"85915f3c-11b9-c1f6-0674-2c2ee7962ea7"}
{"@t":"2023-03-09T02:21:46.8102012Z","@mt":"{StartMessage} [Timing {TimingId}]","StartMessage":"Loading media from local cache file","TimingId":"e00337c","SourceContext":"Umbraco.Cms.Core.Logging.ProfilingLogger","ActionId":"1dbc8f4c-3a03-4339-ab60-68d7e099ce52","ActionName":"Umbraco.Cms.Web.BackOffice.Controllers.ContentController.GetById (Umbraco.Web.BackOffice)","RequestId":"0HMP08JULBIGM:000000A5","RequestPath":"/umbraco/backoffice/umbracoapi/content/GetById","ConnectionId":"0HMP08JULBIGM","ProcessId":28900,"ProcessName":"Clean.Site","ThreadId":25,"ApplicationId":"08576e774ac196133407f48bb75449c37258f5a7","MachineName":"1C3-TEC-GJWGARY","Log4NetLevel":"INFO ","HttpRequestId":"b9baea94-8a2f-40bb-a2f5-380395f7d69d","HttpRequestNumber":1,"HttpSessionId":"85915f3c-11b9-c1f6-0674-2c2ee7962ea7"}
{"@t":"2023-03-09T02:21:46.8133833Z","@mt":"{EndMessage} ({Duration}ms) [Timing {TimingId}]","EndMessage":"Completed.","Duration":3,"TimingId":"e00337c","SourceContext":"Umbraco.Cms.Core.Logging.ProfilingLogger","ActionId":"1dbc8f4c-3a03-4339-ab60-68d7e099ce52","ActionName":"Umbraco.Cms.Web.BackOffice.Controllers.ContentController.GetById (Umbraco.Web.BackOffice)","RequestId":"0HMP08JULBIGM:000000A5","RequestPath":"/umbraco/backoffice/umbracoapi/content/GetById","ConnectionId":"0HMP08JULBIGM","ProcessId":28900,"ProcessName":"Clean.Site","ThreadId":25,"ApplicationId":"08576e774ac196133407f48bb75449c37258f5a7","MachineName":"1C3-TEC-GJWGARY","Log4NetLevel":"INFO ","HttpRequestId":"b9baea94-8a2f-40bb-a2f5-380395f7d69d","HttpRequestNumber":1,"HttpSessionId":"85915f3c-11b9-c1f6-0674-2c2ee7962ea7"}
{"@t":"2023-03-09T02:22:41.5864091Z","@mt":"An unhandled exception has occurred while executing the request.","@l":"Error","@x":"Microsoft.AspNetCore.Mvc.Razor.RuntimeCompilation.CompilationFailedException: One or more compilation failures occurred:\r\nC:\\Hadi\\Umbraco\\Clean\\Clean.Site\\Views\\HomePage.cshtml(17,19): error CS1061: 'HomePage' does not contain a definition for 'Colours' and no accessible extension method 'Colours' accepting a first argument of type 'HomePage' could be found (are you missing a using directive or an assembly reference?)\r\nC:\\Hadi\\Umbraco\\Clean\\Clean.Site\\Views\\HomePage.cshtml(25,13): error CS1061: 'HomePage' does not contain a definition for 'BodyText' and no accessible extension method 'BodyText' accepting a first argument of type 'HomePage' could be found (are you missing a using directive or an assembly reference?)\r\nC:\\Hadi\\Umbraco\\Clean\\Clean.Site\\Views\\HomePage.cshtml(26,15): error CS1061: 'HomePage' does not contain a definition for 'Names' and no accessible extension method 'Names' accepting a first argument of type 'HomePage' could be found (are you missing a using directive or an assembly reference?)\r\nC:\\Hadi\\Umbraco\\Clean\\Clean.Site\\Views\\HomePage.cshtml(26,37): error CS1061: 'HomePage' does not contain a definition for 'Names' and no accessible extension method 'Names' accepting a first argument of type 'HomePage' could be found (are you missing a using directive or an assembly reference?)\r\nC:\\Hadi\\Umbraco\\Clean\\Clean.Site\\Views\\HomePage.cshtml(29,41): error CS1061: 'HomePage' does not contain a definition for 'Names' and no accessible extension method 'Names' accepting a first argument of type 'HomePage' could be found (are you missing a using directive or an assembly reference?)\r\nC:\\Hadi\\Umbraco\\Clean\\Clean.Site\\Views\\HomePage.cshtml(35,15): error CS1061: 'HomePage' does not contain a definition for 'Image' and no accessible extension method 'Image' accepting a first argument of type 'HomePage' could be found (are you missing a using directive or an assembly reference?)\r\nC:\\Hadi\\Umbraco\\Clean\\Clean.Site\\Views\\HomePage.cshtml(35,37): error CS1061: 'HomePage' does not contain a definition for 'HideEarth' and no accessible extension method 'HideEarth' accepting a first argument of type 'HomePage' could be found (are you missing a using directive or an assembly reference?)\r\nC:\\Hadi\\Umbraco\\Clean\\Clean.Site\\Views\\HomePage.cshtml(37,48): error CS1061: 'HomePage' does not contain a definition for 'Image' and no accessible extension method 'Image' accepting a first argument of type 'HomePage' could be found (are you missing a using directive or an assembly reference?)\r\n   at Microsoft.AspNetCore.Mvc.Razor.RuntimeCompilation.RuntimeViewCompiler.CompileAndEmit(RazorCodeDocument codeDocument, String generatedCode)\r\n   at Microsoft.AspNetCore.Mvc.Razor.RuntimeCompilation.RuntimeViewCompiler.CompileAndEmit(String relativePath)\r\n   at Microsoft.AspNetCore.Mvc.Razor.RuntimeCompilation.RuntimeViewCompiler.OnCacheMiss(String normalizedPath)\r\n--- End of stack trace from previous location ---\r\n   at Microsoft.AspNetCore.Mvc.Razor.Compilation.DefaultRazorPageFactoryProvider.CreateFactory(String relativePath)\r\n   at Microsoft.AspNetCore.Mvc.Razor.RazorViewEngine.CreateCacheResult(HashSet`1 expirationTokens, String relativePath, Boolean isMainPage)\r\n   at Microsoft.AspNetCore.Mvc.Razor.RazorViewEngine.OnCacheMiss(ViewLocationExpanderContext expanderContext, ViewLocationCacheKey cacheKey)\r\n   at Microsoft.AspNetCore.Mvc.Razor.RazorViewEngine.LocatePageFromViewLocations(ActionContext actionContext, String pageName, Boolean isMainPage)\r\n   at Microsoft.AspNetCore.Mvc.Razor.RazorViewEngine.FindView(ActionContext context, String viewName, Boolean isMainPage)\r\n   at Umbraco.Cms.Web.Website.ViewEngines.ProfilingViewEngine.FindView(ActionContext context, String viewName, Boolean isMainPage)\r\n   at Microsoft.AspNetCore.Mvc.ViewEngines.CompositeViewEngine.FindView(ActionContext context, String viewName, Boolean isMainPage)\r\n   at Umbraco.Cms.Web.Common.Controllers.UmbracoPageController.EnsurePhsyicalViewExists(String template)\r\n   at Umbraco.Cms.Web.Common.Controllers.RenderController.CurrentTemplate[T](T model)\r\n   at Umbraco.Cms.Web.Common.Controllers.RenderController.Index()\r\n   at lambda_method828(Closure, Object, Object[])\r\n   at Microsoft.AspNetCore.Mvc.Infrastructure.ActionMethodExecutor.SyncActionResultExecutor.Execute(ActionContext actionContext, IActionResultTypeMapper mapper, ObjectMethodExecutor executor, Object controller, Object[] arguments)\r\n   at Microsoft.AspNetCore.Mvc.Infrastructure.ControllerActionInvoker.InvokeActionMethodAsync()\r\n   at Microsoft.AspNetCore.Mvc.Infrastructure.ControllerActionInvoker.Next(State& next, Scope& scope, Object& state, Boolean& isCompleted)\r\n   at Microsoft.AspNetCore.Mvc.Infrastructure.ControllerActionInvoker.InvokeNextActionFilterAsync()\r\n--- End of stack trace from previous location ---\r\n   at Microsoft.AspNetCore.Mvc.Infrastructure.ControllerActionInvoker.Rethrow(ActionExecutedContextSealed context)\r\n   at Microsoft.AspNetCore.Mvc.Infrastructure.ControllerActionInvoker.Next(State& next, Scope& scope, Object& state, Boolean& isCompleted)\r\n   at Microsoft.AspNetCore.Mvc.Infrastructure.ControllerActionInvoker.InvokeInnerFilterAsync()\r\n--- End of stack trace from previous location ---\r\n   at Microsoft.AspNetCore.Mvc.Infrastructure.ResourceInvoker.<InvokeNextExceptionFilterAsync>g__Awaited|26_0(ResourceInvoker invoker, Task lastTask, State next, Scope scope, Object state, Boolean isCompleted)\r\n   at Microsoft.AspNetCore.Mvc.Infrastructure.ResourceInvoker.Rethrow(ExceptionContextSealed context)\r\n   at Microsoft.AspNetCore.Mvc.Infrastructure.ResourceInvoker.Next(State& next, Scope& scope, Object& state, Boolean& isCompleted)\r\n   at Microsoft.AspNetCore.Mvc.Infrastructure.ResourceInvoker.InvokeNextResourceFilter()\r\n--- End of stack trace from previous location ---\r\n   at Microsoft.AspNetCore.Mvc.Infrastructure.ResourceInvoker.Rethrow(ResourceExecutedContextSealed context)\r\n   at Microsoft.AspNetCore.Mvc.Infrastructure.ResourceInvoker.Next(State& next, Scope& scope, Object& state, Boolean& isCompleted)\r\n   at Microsoft.AspNetCore.Mvc.Infrastructure.ResourceInvoker.InvokeFilterPipelineAsync()\r\n--- End of stack trace from previous location ---\r\n   at Microsoft.AspNetCore.Mvc.Infrastructure.ResourceInvoker.<InvokeAsync>g__Awaited|17_0(ResourceInvoker invoker, Task task, IDisposable scope)\r\n   at Microsoft.AspNetCore.Mvc.Infrastructure.ResourceInvoker.<InvokeAsync>g__Awaited|17_0(ResourceInvoker invoker, Task task, IDisposable scope)\r\n   at Microsoft.AspNetCore.Routing.EndpointMiddleware.<Invoke>g__AwaitRequestTask|6_0(Endpoint endpoint, Task requestTask, ILogger logger)\r\n   at Umbraco.Cms.Web.Common.Middleware.BasicAuthenticationMiddleware.InvokeAsync(HttpContext context, RequestDelegate next)\r\n   at Microsoft.AspNetCore.Builder.UseMiddlewareExtensions.<>c__DisplayClass6_1.<<UseMiddlewareInterface>b__1>d.MoveNext()\r\n--- End of stack trace from previous location ---\r\n   at Umbraco.Cms.Web.BackOffice.Middleware.BackOfficeExternalLoginProviderErrorMiddleware.InvokeAsync(HttpContext context, RequestDelegate next)\r\n   at Microsoft.AspNetCore.Builder.UseMiddlewareExtensions.<>c__DisplayClass6_1.<<UseMiddlewareInterface>b__1>d.MoveNext()\r\n--- End of stack trace from previous location ---\r\n   at Microsoft.AspNetCore.Session.SessionMiddleware.Invoke(HttpContext context)\r\n   at Microsoft.AspNetCore.Session.SessionMiddleware.Invoke(HttpContext context)\r\n   at Microsoft.AspNetCore.Localization.RequestLocalizationMiddleware.Invoke(HttpContext context)\r\n   at Microsoft.AspNetCore.Authorization.AuthorizationMiddleware.Invoke(HttpContext context)\r\n   at Microsoft.AspNetCore.Authentication.AuthenticationMiddleware.Invoke(HttpContext context)\r\n   at StackExchange.Profiling.MiniProfilerMiddleware.Invoke(HttpContext context) in C:\\projects\\dotnet\\src\\MiniProfiler.AspNetCore\\MiniProfilerMiddleware.cs:line 121\r\n   at Umbraco.Cms.Web.Common.Middleware.UmbracoRequestMiddleware.InvokeAsync(HttpContext context, RequestDelegate next)\r\n   at Umbraco.Cms.Web.Common.Middleware.UmbracoRequestMiddleware.InvokeAsync(HttpContext context, RequestDelegate next)\r\n   at Microsoft.AspNetCore.Builder.UseMiddlewareExtensions.<>c__DisplayClass6_1.<<UseMiddlewareInterface>b__1>d.MoveNext()\r\n--- End of stack trace from previous location ---\r\n   at Umbraco.Cms.Web.Common.Middleware.PreviewAuthenticationMiddleware.InvokeAsync(HttpContext context, RequestDelegate next)\r\n   at Microsoft.AspNetCore.Builder.UseMiddlewareExtensions.<>c__DisplayClass6_1.<<UseMiddlewareInterface>b__1>d.MoveNext()\r\n--- End of stack trace from previous location ---\r\n   at Umbraco.Cms.Web.Common.Middleware.UmbracoRequestLoggingMiddleware.InvokeAsync(HttpContext context, RequestDelegate next)\r\n   at Microsoft.AspNetCore.Builder.UseMiddlewareExtensions.<>c__DisplayClass6_1.<<UseMiddlewareInterface>b__1>d.MoveNext()\r\n--- End of stack trace from previous location ---\r\n   at SixLabors.ImageSharp.Web.Middleware.ImageSharpMiddleware.Invoke(HttpContext httpContext, Boolean retry)\r\n   at Microsoft.AspNetCore.Diagnostics.DeveloperExceptionPageMiddlewareImpl.Invoke(HttpContext context)","EventId":{"Id":1,"Name":"UnhandledException"},"SourceContext":"Microsoft.AspNetCore.Diagnostics.DeveloperExceptionPageMiddleware","RequestId":"0HMP08JULBIGM:00000149","RequestPath":"/","ConnectionId":"0HMP08JULBIGM","ProcessId":28900,"ProcessName":"Clean.Site","ThreadId":25,"ApplicationId":"08576e774ac196133407f48bb75449c37258f5a7","MachineName":"1C3-TEC-GJWGARY","Log4NetLevel":"ERROR"}
{"@t":"2023-03-09T02:25:36.5288931Z","@mt":"Document {ContentName} (id={ContentId}) has been published.","ContentName":"Home","ContentId":1064,"SourceContext":"Umbraco.Cms.Core.Services.ContentService","ActionId":"a97376c0-2d81-4a08-9981-786c5721e0dc","ActionName":"Umbraco.Cms.Web.BackOffice.Controllers.ContentController.PostSave (Umbraco.Web.BackOffice)","RequestId":"0HMP08JULBIGM:00000161","RequestPath":"/umbraco/backoffice/umbracoapi/content/PostSave","ConnectionId":"0HMP08JULBIGM","ProcessId":28900,"ProcessName":"Clean.Site","ThreadId":18,"ApplicationId":"08576e774ac196133407f48bb75449c37258f5a7","MachineName":"1C3-TEC-GJWGARY","Log4NetLevel":"INFO ","HttpRequestId":"0135f1b0-9ab2-4b7e-b801-da0847f3fdcc","HttpRequestNumber":2,"HttpSessionId":"7def79ee-9e43-611c-54c4-d087e8b38325"}
{"@t":"2023-03-09T02:25:37.2805635Z","@mt":"Adding examine event handlers for {RegisteredIndexers} index providers.","RegisteredIndexers":3,"SourceContext":"Umbraco.Cms.Infrastructure.Examine.ExamineUmbracoIndexingHandler","ActionId":"a97376c0-2d81-4a08-9981-786c5721e0dc","ActionName":"Umbraco.Cms.Web.BackOffice.Controllers.ContentController.PostSave (Umbraco.Web.BackOffice)","RequestId":"0HMP08JULBIGM:00000161","RequestPath":"/umbraco/backoffice/umbracoapi/content/PostSave","ConnectionId":"0HMP08JULBIGM","ProcessId":28900,"ProcessName":"Clean.Site","ThreadId":18,"ApplicationId":"08576e774ac196133407f48bb75449c37258f5a7","MachineName":"1C3-TEC-GJWGARY","Log4NetLevel":"INFO ","HttpRequestId":"0135f1b0-9ab2-4b7e-b801-da0847f3fdcc","HttpRequestNumber":2,"HttpSessionId":"7def79ee-9e43-611c-54c4-d087e8b38325"}
{"@t":"2023-03-09T02:28:24.0676107Z","@mt":"Document {ContentName} (id={ContentId}) has been published.","ContentName":"Home","ContentId":1064,"SourceContext":"Umbraco.Cms.Core.Services.ContentService","ActionId":"a97376c0-2d81-4a08-9981-786c5721e0dc","ActionName":"Umbraco.Cms.Web.BackOffice.Controllers.ContentController.PostSave (Umbraco.Web.BackOffice)","RequestId":"0HMP08JULBIGM:000001FF","RequestPath":"/umbraco/backoffice/umbracoapi/content/PostSave","ConnectionId":"0HMP08JULBIGM","ProcessId":28900,"ProcessName":"Clean.Site","ThreadId":48,"ApplicationId":"08576e774ac196133407f48bb75449c37258f5a7","MachineName":"1C3-TEC-GJWGARY","Log4NetLevel":"INFO ","HttpRequestId":"458e0ae2-3ef0-4d9e-b255-050db894690a","HttpRequestNumber":3,"HttpSessionId":"6cd11d74-f421-ca32-33b2-31c635121f21"}
{"@t":"2023-03-09T02:29:25.2831282Z","@mt":"Document {ContentName} (id={ContentId}) has been published.","ContentName":"Home","ContentId":1064,"SourceContext":"Umbraco.Cms.Core.Services.ContentService","ActionId":"a97376c0-2d81-4a08-9981-786c5721e0dc","ActionName":"Umbraco.Cms.Web.BackOffice.Controllers.ContentController.PostSave (Umbraco.Web.BackOffice)","RequestId":"0HMP08JULBIGM:0000021B","RequestPath":"/umbraco/backoffice/umbracoapi/content/PostSave","ConnectionId":"0HMP08JULBIGM","ProcessId":28900,"ProcessName":"Clean.Site","ThreadId":20,"ApplicationId":"08576e774ac196133407f48bb75449c37258f5a7","MachineName":"1C3-TEC-GJWGARY","Log4NetLevel":"INFO ","HttpRequestId":"31786c02-e874-45c5-94f2-45b27d52b149","HttpRequestNumber":4,"HttpSessionId":"2e286742-72f2-1396-b3c5-3bbc2b5f04f6"}
{"@t":"2023-03-09T02:29:43.7135595Z","@mt":"Acquiring MainDom.","SourceContext":"Umbraco.Cms.Core.Runtime.MainDom","ProcessId":21676,"ProcessName":"Clean.Site","ThreadId":1,"ApplicationId":"08576e774ac196133407f48bb75449c37258f5a7","MachineName":"1C3-TEC-GJWGARY","Log4NetLevel":"INFO "}
{"@t":"2023-03-09T02:29:43.7249337Z","@mt":"Acquired MainDom.","SourceContext":"Umbraco.Cms.Core.Runtime.MainDom","ProcessId":21676,"ProcessName":"Clean.Site","ThreadId":1,"ApplicationId":"08576e774ac196133407f48bb75449c37258f5a7","MachineName":"1C3-TEC-GJWGARY","Log4NetLevel":"INFO "}
{"@t":"2023-03-09T02:29:45.2846206Z","@mt":"Now listening on: {address}","address":"https://localhost:44365","EventId":{"Id":14,"Name":"ListeningOnAddress"},"SourceContext":"Microsoft.Hosting.Lifetime","ProcessId":21676,"ProcessName":"Clean.Site","ThreadId":1,"ApplicationId":"08576e774ac196133407f48bb75449c37258f5a7","MachineName":"1C3-TEC-GJWGARY","Log4NetLevel":"INFO "}
{"@t":"2023-03-09T02:29:45.2851058Z","@mt":"Now listening on: {address}","address":"http://localhost:43116","EventId":{"Id":14,"Name":"ListeningOnAddress"},"SourceContext":"Microsoft.Hosting.Lifetime","ProcessId":21676,"ProcessName":"Clean.Site","ThreadId":1,"ApplicationId":"08576e774ac196133407f48bb75449c37258f5a7","MachineName":"1C3-TEC-GJWGARY","Log4NetLevel":"INFO "}
{"@t":"2023-03-09T02:29:45.2914151Z","@mt":"Application started. Press Ctrl+C to shut down.","SourceContext":"Microsoft.Hosting.Lifetime","ProcessId":21676,"ProcessName":"Clean.Site","ThreadId":1,"ApplicationId":"08576e774ac196133407f48bb75449c37258f5a7","MachineName":"1C3-TEC-GJWGARY","Log4NetLevel":"INFO "}
{"@t":"2023-03-09T02:29:45.2915730Z","@mt":"Hosting environment: {EnvName}","EnvName":"Development","SourceContext":"Microsoft.Hosting.Lifetime","ProcessId":21676,"ProcessName":"Clean.Site","ThreadId":1,"ApplicationId":"08576e774ac196133407f48bb75449c37258f5a7","MachineName":"1C3-TEC-GJWGARY","Log4NetLevel":"INFO "}
{"@t":"2023-03-09T02:29:45.2916233Z","@mt":"Content root path: {ContentRoot}","ContentRoot":"C:\\Hadi\\Umbraco\\Clean\\Clean.Site","SourceContext":"Microsoft.Hosting.Lifetime","ProcessId":21676,"ProcessName":"Clean.Site","ThreadId":1,"ApplicationId":"08576e774ac196133407f48bb75449c37258f5a7","MachineName":"1C3-TEC-GJWGARY","Log4NetLevel":"INFO "}
{"@t":"2023-03-09T02:29:45.8176381Z","@mt":"Registered with MainDom, localContentDbExists? {LocalContentDbExists}, localMediaDbExists? {LocalMediaDbExists}","LocalContentDbExists":true,"LocalMediaDbExists":true,"SourceContext":"Umbraco.Cms.Infrastructure.PublishedCache.PublishedSnapshotService","RequestId":"0HMP08OIP3HN9:00000001","RequestPath":"/","ConnectionId":"0HMP08OIP3HN9","ProcessId":21676,"ProcessName":"Clean.Site","ThreadId":7,"ApplicationId":"08576e774ac196133407f48bb75449c37258f5a7","MachineName":"1C3-TEC-GJWGARY","Log4NetLevel":"INFO ","HttpRequestId":"2c3a4afc-67ab-4355-8b35-d3f6b47eacc1","HttpRequestNumber":1,"HttpSessionId":"0"}
{"@t":"2023-03-09T02:29:45.8196654Z","@mt":"Creating the content store, localContentDbExists? {LocalContentDbExists}","LocalContentDbExists":true,"SourceContext":"Umbraco.Cms.Infrastructure.PublishedCache.PublishedSnapshotService","RequestId":"0HMP08OIP3HN9:00000001","RequestPath":"/","ConnectionId":"0HMP08OIP3HN9","ProcessId":21676,"ProcessName":"Clean.Site","ThreadId":7,"ApplicationId":"08576e774ac196133407f48bb75449c37258f5a7","MachineName":"1C3-TEC-GJWGARY","Log4NetLevel":"INFO ","HttpRequestId":"2c3a4afc-67ab-4355-8b35-d3f6b47eacc1","HttpRequestNumber":1,"HttpSessionId":"0"}
{"@t":"2023-03-09T02:29:45.8228527Z","@mt":"Creating the media store, localMediaDbExists? {LocalMediaDbExists}","LocalMediaDbExists":true,"SourceContext":"Umbraco.Cms.Infrastructure.PublishedCache.PublishedSnapshotService","RequestId":"0HMP08OIP3HN9:00000001","RequestPath":"/","ConnectionId":"0HMP08OIP3HN9","ProcessId":21676,"ProcessName":"Clean.Site","ThreadId":7,"ApplicationId":"08576e774ac196133407f48bb75449c37258f5a7","MachineName":"1C3-TEC-GJWGARY","Log4NetLevel":"INFO ","HttpRequestId":"2c3a4afc-67ab-4355-8b35-d3f6b47eacc1","HttpRequestNumber":1,"HttpSessionId":"0"}
{"@t":"2023-03-09T02:29:46.1041642Z","@mt":"{StartMessage} [Timing {TimingId}]","StartMessage":"Loading content from local cache file","TimingId":"f351bc0","SourceContext":"Umbraco.Cms.Core.Logging.ProfilingLogger","RequestId":"0HMP08OIP3HN9:00000001","RequestPath":"/","ConnectionId":"0HMP08OIP3HN9","ProcessId":21676,"ProcessName":"Clean.Site","ThreadId":7,"ApplicationId":"08576e774ac196133407f48bb75449c37258f5a7","MachineName":"1C3-TEC-GJWGARY","Log4NetLevel":"INFO ","HttpRequestId":"2c3a4afc-67ab-4355-8b35-d3f6b47eacc1","HttpRequestNumber":1,"HttpSessionId":"0"}
{"@t":"2023-03-09T02:29:46.1358122Z","@mt":"{EndMessage} ({Duration}ms) [Timing {TimingId}]","EndMessage":"Completed.","Duration":31,"TimingId":"f351bc0","SourceContext":"Umbraco.Cms.Core.Logging.ProfilingLogger","RequestId":"0HMP08OIP3HN9:00000001","RequestPath":"/","ConnectionId":"0HMP08OIP3HN9","ProcessId":21676,"ProcessName":"Clean.Site","ThreadId":7,"ApplicationId":"08576e774ac196133407f48bb75449c37258f5a7","MachineName":"1C3-TEC-GJWGARY","Log4NetLevel":"INFO ","HttpRequestId":"2c3a4afc-67ab-4355-8b35-d3f6b47eacc1","HttpRequestNumber":1,"HttpSessionId":"0"}
{"@t":"2023-03-09T02:29:46.1504894Z","@mt":"{StartMessage} [Timing {TimingId}]","StartMessage":"Loading media from local cache file","TimingId":"395899d","SourceContext":"Umbraco.Cms.Core.Logging.ProfilingLogger","RequestId":"0HMP08OIP3HN9:00000001","RequestPath":"/","ConnectionId":"0HMP08OIP3HN9","ProcessId":21676,"ProcessName":"Clean.Site","ThreadId":7,"ApplicationId":"08576e774ac196133407f48bb75449c37258f5a7","MachineName":"1C3-TEC-GJWGARY","Log4NetLevel":"INFO ","HttpRequestId":"2c3a4afc-67ab-4355-8b35-d3f6b47eacc1","HttpRequestNumber":1,"HttpSessionId":"0"}
{"@t":"2023-03-09T02:29:46.1517163Z","@mt":"{EndMessage} ({Duration}ms) [Timing {TimingId}]","EndMessage":"Completed.","Duration":1,"TimingId":"395899d","SourceContext":"Umbraco.Cms.Core.Logging.ProfilingLogger","RequestId":"0HMP08OIP3HN9:00000001","RequestPath":"/","ConnectionId":"0HMP08OIP3HN9","ProcessId":21676,"ProcessName":"Clean.Site","ThreadId":7,"ApplicationId":"08576e774ac196133407f48bb75449c37258f5a7","MachineName":"1C3-TEC-GJWGARY","Log4NetLevel":"INFO ","HttpRequestId":"2c3a4afc-67ab-4355-8b35-d3f6b47eacc1","HttpRequestNumber":1,"HttpSessionId":"0"}
{"@t":"2023-03-09T02:32:35.7769854Z","@mt":"Adding examine event handlers for {RegisteredIndexers} index providers.","RegisteredIndexers":3,"SourceContext":"Umbraco.Cms.Infrastructure.Examine.ExamineUmbracoIndexingHandler","ActionId":"ff65032f-16fd-4b4f-82e2-ed4b72eedaa2","ActionName":"Umbraco.Cms.Web.BackOffice.Controllers.ContentTypeController.PostSave (Umbraco.Web.BackOffice)","RequestId":"0HMP08OIP3HN9:00000107","RequestPath":"/umbraco/backoffice/umbracoapi/contenttype/PostSave","ConnectionId":"0HMP08OIP3HN9","ProcessId":21676,"ProcessName":"Clean.Site","ThreadId":29,"ApplicationId":"08576e774ac196133407f48bb75449c37258f5a7","MachineName":"1C3-TEC-GJWGARY","Log4NetLevel":"INFO ","HttpRequestId":"c378261e-87f0-4a55-b0a2-028459287051","HttpRequestNumber":2,"HttpSessionId":"2f14a05e-06ba-2967-c329-9a97461f2f54"}
{"@t":"2023-03-09T02:32:56.9752204Z","@mt":"Document {ContentName} (id={ContentId}) has been published.","ContentName":"Home","ContentId":1064,"SourceContext":"Umbraco.Cms.Core.Services.ContentService","ActionId":"303d9860-46f4-49db-b6e1-c107d235e966","ActionName":"Umbraco.Cms.Web.BackOffice.Controllers.ContentController.PostSave (Umbraco.Web.BackOffice)","RequestId":"0HMP08OIP3HN9:00000149","RequestPath":"/umbraco/backoffice/umbracoapi/content/PostSave","ConnectionId":"0HMP08OIP3HN9","ProcessId":21676,"ProcessName":"Clean.Site","ThreadId":29,"ApplicationId":"08576e774ac196133407f48bb75449c37258f5a7","MachineName":"1C3-TEC-GJWGARY","Log4NetLevel":"INFO ","HttpRequestId":"eda1416f-0b47-4a0c-b927-da7bcf61fb4a","HttpRequestNumber":3,"HttpSessionId":"bc70187a-7740-9239-829b-85770c60702e"}
{"@t":"2023-03-09T02:33:30.6811479Z","@mt":"Acquiring MainDom.","SourceContext":"Umbraco.Cms.Core.Runtime.MainDom","ProcessId":21536,"ProcessName":"Clean.Site","ThreadId":1,"ApplicationId":"08576e774ac196133407f48bb75449c37258f5a7","MachineName":"1C3-TEC-GJWGARY","Log4NetLevel":"INFO "}
{"@t":"2023-03-09T02:33:30.6911803Z","@mt":"Acquired MainDom.","SourceContext":"Umbraco.Cms.Core.Runtime.MainDom","ProcessId":21536,"ProcessName":"Clean.Site","ThreadId":1,"ApplicationId":"08576e774ac196133407f48bb75449c37258f5a7","MachineName":"1C3-TEC-GJWGARY","Log4NetLevel":"INFO "}
{"@t":"2023-03-09T02:33:31.7915975Z","@mt":"Now listening on: {address}","address":"https://localhost:44365","EventId":{"Id":14,"Name":"ListeningOnAddress"},"SourceContext":"Microsoft.Hosting.Lifetime","ProcessId":21536,"ProcessName":"Clean.Site","ThreadId":1,"ApplicationId":"08576e774ac196133407f48bb75449c37258f5a7","MachineName":"1C3-TEC-GJWGARY","Log4NetLevel":"INFO "}
{"@t":"2023-03-09T02:33:31.7923922Z","@mt":"Now listening on: {address}","address":"http://localhost:43116","EventId":{"Id":14,"Name":"ListeningOnAddress"},"SourceContext":"Microsoft.Hosting.Lifetime","ProcessId":21536,"ProcessName":"Clean.Site","ThreadId":1,"ApplicationId":"08576e774ac196133407f48bb75449c37258f5a7","MachineName":"1C3-TEC-GJWGARY","Log4NetLevel":"INFO "}
{"@t":"2023-03-09T02:33:31.7995658Z","@mt":"Application started. Press Ctrl+C to shut down.","SourceContext":"Microsoft.Hosting.Lifetime","ProcessId":21536,"ProcessName":"Clean.Site","ThreadId":1,"ApplicationId":"08576e774ac196133407f48bb75449c37258f5a7","MachineName":"1C3-TEC-GJWGARY","Log4NetLevel":"INFO "}
{"@t":"2023-03-09T02:33:31.8002179Z","@mt":"Hosting environment: {EnvName}","EnvName":"Development","SourceContext":"Microsoft.Hosting.Lifetime","ProcessId":21536,"ProcessName":"Clean.Site","ThreadId":1,"ApplicationId":"08576e774ac196133407f48bb75449c37258f5a7","MachineName":"1C3-TEC-GJWGARY","Log4NetLevel":"INFO "}
{"@t":"2023-03-09T02:33:31.8007119Z","@mt":"Content root path: {ContentRoot}","ContentRoot":"C:\\Hadi\\Umbraco\\Clean\\Clean.Site","SourceContext":"Microsoft.Hosting.Lifetime","ProcessId":21536,"ProcessName":"Clean.Site","ThreadId":1,"ApplicationId":"08576e774ac196133407f48bb75449c37258f5a7","MachineName":"1C3-TEC-GJWGARY","Log4NetLevel":"INFO "}
{"@t":"2023-03-09T02:33:32.4344900Z","@mt":"Registered with MainDom, localContentDbExists? {LocalContentDbExists}, localMediaDbExists? {LocalMediaDbExists}","LocalContentDbExists":true,"LocalMediaDbExists":true,"SourceContext":"Umbraco.Cms.Infrastructure.PublishedCache.PublishedSnapshotService","RequestId":"0HMP08QM9JRQG:00000001","RequestPath":"/","ConnectionId":"0HMP08QM9JRQG","ProcessId":21536,"ProcessName":"Clean.Site","ThreadId":4,"ApplicationId":"08576e774ac196133407f48bb75449c37258f5a7","MachineName":"1C3-TEC-GJWGARY","Log4NetLevel":"INFO ","HttpRequestId":"1d342a1f-1612-48cf-b8a2-42e9cc6791a5","HttpRequestNumber":1,"HttpSessionId":"0"}
{"@t":"2023-03-09T02:33:32.4372102Z","@mt":"Creating the content store, localContentDbExists? {LocalContentDbExists}","LocalContentDbExists":true,"SourceContext":"Umbraco.Cms.Infrastructure.PublishedCache.PublishedSnapshotService","RequestId":"0HMP08QM9JRQG:00000001","RequestPath":"/","ConnectionId":"0HMP08QM9JRQG","ProcessId":21536,"ProcessName":"Clean.Site","ThreadId":4,"ApplicationId":"08576e774ac196133407f48bb75449c37258f5a7","MachineName":"1C3-TEC-GJWGARY","Log4NetLevel":"INFO ","HttpRequestId":"1d342a1f-1612-48cf-b8a2-42e9cc6791a5","HttpRequestNumber":1,"HttpSessionId":"0"}
{"@t":"2023-03-09T02:33:32.4390677Z","@mt":"Creating the media store, localMediaDbExists? {LocalMediaDbExists}","LocalMediaDbExists":true,"SourceContext":"Umbraco.Cms.Infrastructure.PublishedCache.PublishedSnapshotService","RequestId":"0HMP08QM9JRQG:00000001","RequestPath":"/","ConnectionId":"0HMP08QM9JRQG","ProcessId":21536,"ProcessName":"Clean.Site","ThreadId":4,"ApplicationId":"08576e774ac196133407f48bb75449c37258f5a7","MachineName":"1C3-TEC-GJWGARY","Log4NetLevel":"INFO ","HttpRequestId":"1d342a1f-1612-48cf-b8a2-42e9cc6791a5","HttpRequestNumber":1,"HttpSessionId":"0"}
{"@t":"2023-03-09T02:33:32.7861620Z","@mt":"{StartMessage} [Timing {TimingId}]","StartMessage":"Loading content from local cache file","TimingId":"f40d005","SourceContext":"Umbraco.Cms.Core.Logging.ProfilingLogger","RequestId":"0HMP08QM9JRQG:00000001","RequestPath":"/","ConnectionId":"0HMP08QM9JRQG","ProcessId":21536,"ProcessName":"Clean.Site","ThreadId":4,"ApplicationId":"08576e774ac196133407f48bb75449c37258f5a7","MachineName":"1C3-TEC-GJWGARY","Log4NetLevel":"INFO ","HttpRequestId":"1d342a1f-1612-48cf-b8a2-42e9cc6791a5","HttpRequestNumber":1,"HttpSessionId":"0"}
{"@t":"2023-03-09T02:33:32.8246378Z","@mt":"{EndMessage} ({Duration}ms) [Timing {TimingId}]","EndMessage":"Completed.","Duration":38,"TimingId":"f40d005","SourceContext":"Umbraco.Cms.Core.Logging.ProfilingLogger","RequestId":"0HMP08QM9JRQG:00000001","RequestPath":"/","ConnectionId":"0HMP08QM9JRQG","ProcessId":21536,"ProcessName":"Clean.Site","ThreadId":4,"ApplicationId":"08576e774ac196133407f48bb75449c37258f5a7","MachineName":"1C3-TEC-GJWGARY","Log4NetLevel":"INFO ","HttpRequestId":"1d342a1f-1612-48cf-b8a2-42e9cc6791a5","HttpRequestNumber":1,"HttpSessionId":"0"}
{"@t":"2023-03-09T02:33:32.8395429Z","@mt":"{StartMessage} [Timing {TimingId}]","StartMessage":"Loading media from local cache file","TimingId":"c88e849","SourceContext":"Umbraco.Cms.Core.Logging.ProfilingLogger","RequestId":"0HMP08QM9JRQG:00000001","RequestPath":"/","ConnectionId":"0HMP08QM9JRQG","ProcessId":21536,"ProcessName":"Clean.Site","ThreadId":4,"ApplicationId":"08576e774ac196133407f48bb75449c37258f5a7","MachineName":"1C3-TEC-GJWGARY","Log4NetLevel":"INFO ","HttpRequestId":"1d342a1f-1612-48cf-b8a2-42e9cc6791a5","HttpRequestNumber":1,"HttpSessionId":"0"}
{"@t":"2023-03-09T02:33:32.8414983Z","@mt":"{EndMessage} ({Duration}ms) [Timing {TimingId}]","EndMessage":"Completed.","Duration":1,"TimingId":"c88e849","SourceContext":"Umbraco.Cms.Core.Logging.ProfilingLogger","RequestId":"0HMP08QM9JRQG:00000001","RequestPath":"/","ConnectionId":"0HMP08QM9JRQG","ProcessId":21536,"ProcessName":"Clean.Site","ThreadId":4,"ApplicationId":"08576e774ac196133407f48bb75449c37258f5a7","MachineName":"1C3-TEC-GJWGARY","Log4NetLevel":"INFO ","HttpRequestId":"1d342a1f-1612-48cf-b8a2-42e9cc6791a5","HttpRequestNumber":1,"HttpSessionId":"0"}
{"@t":"2023-03-09T02:53:32.6816894Z","@mt":"User logged will be logged out due to timeout: {Username}, IP Address: {IPAddress}","Username":"admin@example.com","IPAddress":"::1","SourceContext":"Umbraco.Cms.Web.BackOffice.Controllers.AuthenticationController","ActionId":"65902b47-e343-432e-8fa9-8ac2fd031f61","ActionName":"Umbraco.Cms.Web.BackOffice.Controllers.AuthenticationController.GetRemainingTimeoutSeconds (Umbraco.Web.BackOffice)","RequestId":"0HMP08QM9JRQG:000000D3","RequestPath":"/umbraco/backoffice/umbracoapi/authentication/GetRemainingTimeoutSeconds","ConnectionId":"0HMP08QM9JRQG","ProcessId":21536,"ProcessName":"Clean.Site","ThreadId":64,"ApplicationId":"08576e774ac196133407f48bb75449c37258f5a7","MachineName":"1C3-TEC-GJWGARY","Log4NetLevel":"INFO ","HttpRequestId":"89bb12f4-f976-42f7-b3cc-240ff8f2eb60","HttpRequestNumber":2,"HttpSessionId":"e1fa014e-9608-7354-f402-3ac1eae9f067"}
{"@t":"2023-03-09T03:14:17.1600415Z","@mt":"An unhandled exception has occurred while executing the request.","@l":"Error","@x":"Microsoft.AspNetCore.Mvc.Razor.RuntimeCompilation.CompilationFailedException: One or more compilation failures occurred:\r\nC:\\Hadi\\Umbraco\\Clean\\Clean.Site\\Views\\Master.cshtml(13,24): error CS1061: 'IPublishedContent' does not contain a definition for 'Title' and no accessible extension method 'Title' accepting a first argument of type 'IPublishedContent' could be found (are you missing a using directive or an assembly reference?)\r\n   at Microsoft.AspNetCore.Mvc.Razor.RuntimeCompilation.RuntimeViewCompiler.CompileAndEmit(RazorCodeDocument codeDocument, String generatedCode)\r\n   at Microsoft.AspNetCore.Mvc.Razor.RuntimeCompilation.RuntimeViewCompiler.CompileAndEmit(String relativePath)\r\n   at Microsoft.AspNetCore.Mvc.Razor.RuntimeCompilation.RuntimeViewCompiler.OnCacheMiss(String normalizedPath)\r\n--- End of stack trace from previous location ---\r\n   at Microsoft.AspNetCore.Mvc.Razor.Compilation.DefaultRazorPageFactoryProvider.CreateFactory(String relativePath)\r\n   at Microsoft.AspNetCore.Mvc.Razor.RazorViewEngine.CreateCacheResult(HashSet`1 expirationTokens, String relativePath, Boolean isMainPage)\r\n   at Microsoft.AspNetCore.Mvc.Razor.RazorViewEngine.LocatePageFromPath(String executingFilePath, String pagePath, Boolean isMainPage)\r\n   at Microsoft.AspNetCore.Mvc.Razor.RazorViewEngine.GetPage(String executingFilePath, String pagePath)\r\n   at Microsoft.AspNetCore.Mvc.Razor.RazorView.GetLayoutPage(ViewContext context, String executingFilePath, String layoutPath)\r\n   at Microsoft.AspNetCore.Mvc.Razor.RazorView.RenderLayoutAsync(ViewContext context, ViewBufferTextWriter bodyWriter)\r\n   at Microsoft.AspNetCore.Mvc.Razor.RazorView.RenderAsync(ViewContext context)\r\n   at Microsoft.AspNetCore.Mvc.ViewFeatures.ViewExecutor.ExecuteAsync(ViewContext viewContext, String contentType, Nullable`1 statusCode)\r\n   at Microsoft.AspNetCore.Mvc.ViewFeatures.ViewExecutor.ExecuteAsync(ViewContext viewContext, String contentType, Nullable`1 statusCode)\r\n   at Microsoft.AspNetCore.Mvc.ViewFeatures.ViewExecutor.ExecuteAsync(ActionContext actionContext, IView view, ViewDataDictionary viewData, ITempDataDictionary tempData, String contentType, Nullable`1 statusCode)\r\n   at Microsoft.AspNetCore.Mvc.ViewFeatures.ViewResultExecutor.ExecuteAsync(ActionContext context, ViewResult result)\r\n   at Microsoft.AspNetCore.Mvc.ViewResult.ExecuteResultAsync(ActionContext context)\r\n   at Microsoft.AspNetCore.Mvc.Infrastructure.ResourceInvoker.<InvokeNextResultFilterAsync>g__Awaited|30_0[TFilter,TFilterAsync](ResourceInvoker invoker, Task lastTask, State next, Scope scope, Object state, Boolean isCompleted)\r\n   at Microsoft.AspNetCore.Mvc.Infrastructure.ResourceInvoker.Rethrow(ResultExecutedContextSealed context)\r\n   at Microsoft.AspNetCore.Mvc.Infrastructure.ResourceInvoker.ResultNext[TFilter,TFilterAsync](State& next, Scope& scope, Object& state, Boolean& isCompleted)\r\n   at Microsoft.AspNetCore.Mvc.Infrastructure.ResourceInvoker.InvokeResultFilters()\r\n--- End of stack trace from previous location ---\r\n   at Microsoft.AspNetCore.Mvc.Infrastructure.ResourceInvoker.<InvokeNextResourceFilter>g__Awaited|25_0(ResourceInvoker invoker, Task lastTask, State next, Scope scope, Object state, Boolean isCompleted)\r\n   at Microsoft.AspNetCore.Mvc.Infrastructure.ResourceInvoker.Rethrow(ResourceExecutedContextSealed context)\r\n   at Microsoft.AspNetCore.Mvc.Infrastructure.ResourceInvoker.Next(State& next, Scope& scope, Object& state, Boolean& isCompleted)\r\n   at Microsoft.AspNetCore.Mvc.Infrastructure.ResourceInvoker.InvokeFilterPipelineAsync()\r\n--- End of stack trace from previous location ---\r\n   at Microsoft.AspNetCore.Mvc.Infrastructure.ResourceInvoker.<InvokeAsync>g__Awaited|17_0(ResourceInvoker invoker, Task task, IDisposable scope)\r\n   at Microsoft.AspNetCore.Mvc.Infrastructure.ResourceInvoker.<InvokeAsync>g__Awaited|17_0(ResourceInvoker invoker, Task task, IDisposable scope)\r\n   at Microsoft.AspNetCore.Routing.EndpointMiddleware.<Invoke>g__AwaitRequestTask|6_0(Endpoint endpoint, Task requestTask, ILogger logger)\r\n   at Umbraco.Cms.Web.Common.Middleware.BasicAuthenticationMiddleware.InvokeAsync(HttpContext context, RequestDelegate next)\r\n   at Microsoft.AspNetCore.Builder.UseMiddlewareExtensions.<>c__DisplayClass6_1.<<UseMiddlewareInterface>b__1>d.MoveNext()\r\n--- End of stack trace from previous location ---\r\n   at Umbraco.Cms.Web.BackOffice.Middleware.BackOfficeExternalLoginProviderErrorMiddleware.InvokeAsync(HttpContext context, RequestDelegate next)\r\n   at Microsoft.AspNetCore.Builder.UseMiddlewareExtensions.<>c__DisplayClass6_1.<<UseMiddlewareInterface>b__1>d.MoveNext()\r\n--- End of stack trace from previous location ---\r\n   at Microsoft.AspNetCore.Session.SessionMiddleware.Invoke(HttpContext context)\r\n   at Microsoft.AspNetCore.Session.SessionMiddleware.Invoke(HttpContext context)\r\n   at Microsoft.AspNetCore.Localization.RequestLocalizationMiddleware.Invoke(HttpContext context)\r\n   at Microsoft.AspNetCore.Authorization.AuthorizationMiddleware.Invoke(HttpContext context)\r\n   at Microsoft.AspNetCore.Authentication.AuthenticationMiddleware.Invoke(HttpContext context)\r\n   at StackExchange.Profiling.MiniProfilerMiddleware.Invoke(HttpContext context) in C:\\projects\\dotnet\\src\\MiniProfiler.AspNetCore\\MiniProfilerMiddleware.cs:line 121\r\n   at Umbraco.Cms.Web.Common.Middleware.UmbracoRequestMiddleware.InvokeAsync(HttpContext context, RequestDelegate next)\r\n   at Umbraco.Cms.Web.Common.Middleware.UmbracoRequestMiddleware.InvokeAsync(HttpContext context, RequestDelegate next)\r\n   at Microsoft.AspNetCore.Builder.UseMiddlewareExtensions.<>c__DisplayClass6_1.<<UseMiddlewareInterface>b__1>d.MoveNext()\r\n--- End of stack trace from previous location ---\r\n   at Umbraco.Cms.Web.Common.Middleware.PreviewAuthenticationMiddleware.InvokeAsync(HttpContext context, RequestDelegate next)\r\n   at Microsoft.AspNetCore.Builder.UseMiddlewareExtensions.<>c__DisplayClass6_1.<<UseMiddlewareInterface>b__1>d.MoveNext()\r\n--- End of stack trace from previous location ---\r\n   at Umbraco.Cms.Web.Common.Middleware.UmbracoRequestLoggingMiddleware.InvokeAsync(HttpContext context, RequestDelegate next)\r\n   at Microsoft.AspNetCore.Builder.UseMiddlewareExtensions.<>c__DisplayClass6_1.<<UseMiddlewareInterface>b__1>d.MoveNext()\r\n--- End of stack trace from previous location ---\r\n   at SixLabors.ImageSharp.Web.Middleware.ImageSharpMiddleware.Invoke(HttpContext httpContext, Boolean retry)\r\n   at Microsoft.AspNetCore.Diagnostics.DeveloperExceptionPageMiddlewareImpl.Invoke(HttpContext context)","EventId":{"Id":1,"Name":"UnhandledException"},"SourceContext":"Microsoft.AspNetCore.Diagnostics.DeveloperExceptionPageMiddleware","RequestId":"0HMP08QM9JRQM:000000C3","RequestPath":"/","ConnectionId":"0HMP08QM9JRQM","ProcessId":21536,"ProcessName":"Clean.Site","ThreadId":12,"ApplicationId":"08576e774ac196133407f48bb75449c37258f5a7","MachineName":"1C3-TEC-GJWGARY","Log4NetLevel":"ERROR"}
{"@t":"2023-03-09T08:34:18.0116081Z","@mt":"Adding examine event handlers for {RegisteredIndexers} index providers.","RegisteredIndexers":3,"SourceContext":"Umbraco.Cms.Infrastructure.Examine.ExamineUmbracoIndexingHandler","ActionId":"11a3e532-2ca0-484f-a9cc-f93f225a3b69","ActionName":"Umbraco.Cms.Web.BackOffice.Controllers.ContentTypeController.PostSave (Umbraco.Web.BackOffice)","RequestId":"0HMP08QM9JRSP:00000049","RequestPath":"/umbraco/backoffice/umbracoapi/contenttype/PostSave","ConnectionId":"0HMP08QM9JRSP","ProcessId":21536,"ProcessName":"Clean.Site","ThreadId":161,"ApplicationId":"08576e774ac196133407f48bb75449c37258f5a7","MachineName":"1C3-TEC-GJWGARY","Log4NetLevel":"INFO ","HttpRequestId":"a988b900-6277-4883-aa3f-c6db22d94753","HttpRequestNumber":3,"HttpSessionId":"8c63347f-2ac5-125a-9764-7dab8230b95b"}
{"@t":"2023-03-09T08:38:59.6539419Z","@mt":"Acquiring MainDom.","SourceContext":"Umbraco.Cms.Core.Runtime.MainDom","ProcessId":23664,"ProcessName":"Clean.Site","ThreadId":1,"ApplicationId":"08576e774ac196133407f48bb75449c37258f5a7","MachineName":"1C3-TEC-GJWGARY","Log4NetLevel":"INFO "}
{"@t":"2023-03-09T08:38:59.6741354Z","@mt":"Acquired MainDom.","SourceContext":"Umbraco.Cms.Core.Runtime.MainDom","ProcessId":23664,"ProcessName":"Clean.Site","ThreadId":1,"ApplicationId":"08576e774ac196133407f48bb75449c37258f5a7","MachineName":"1C3-TEC-GJWGARY","Log4NetLevel":"INFO "}
{"@t":"2023-03-09T08:39:02.1265960Z","@mt":"Now listening on: {address}","address":"https://localhost:44365","EventId":{"Id":14,"Name":"ListeningOnAddress"},"SourceContext":"Microsoft.Hosting.Lifetime","ProcessId":23664,"ProcessName":"Clean.Site","ThreadId":1,"ApplicationId":"08576e774ac196133407f48bb75449c37258f5a7","MachineName":"1C3-TEC-GJWGARY","Log4NetLevel":"INFO "}
{"@t":"2023-03-09T08:39:02.1278108Z","@mt":"Now listening on: {address}","address":"http://localhost:43116","EventId":{"Id":14,"Name":"ListeningOnAddress"},"SourceContext":"Microsoft.Hosting.Lifetime","ProcessId":23664,"ProcessName":"Clean.Site","ThreadId":1,"ApplicationId":"08576e774ac196133407f48bb75449c37258f5a7","MachineName":"1C3-TEC-GJWGARY","Log4NetLevel":"INFO "}
{"@t":"2023-03-09T08:39:02.1354341Z","@mt":"Application started. Press Ctrl+C to shut down.","SourceContext":"Microsoft.Hosting.Lifetime","ProcessId":23664,"ProcessName":"Clean.Site","ThreadId":1,"ApplicationId":"08576e774ac196133407f48bb75449c37258f5a7","MachineName":"1C3-TEC-GJWGARY","Log4NetLevel":"INFO "}
{"@t":"2023-03-09T08:39:02.1356105Z","@mt":"Hosting environment: {EnvName}","EnvName":"Development","SourceContext":"Microsoft.Hosting.Lifetime","ProcessId":23664,"ProcessName":"Clean.Site","ThreadId":1,"ApplicationId":"08576e774ac196133407f48bb75449c37258f5a7","MachineName":"1C3-TEC-GJWGARY","Log4NetLevel":"INFO "}
{"@t":"2023-03-09T08:39:02.1356947Z","@mt":"Content root path: {ContentRoot}","ContentRoot":"C:\\Hadi\\Umbraco\\Clean\\Clean.Site","SourceContext":"Microsoft.Hosting.Lifetime","ProcessId":23664,"ProcessName":"Clean.Site","ThreadId":1,"ApplicationId":"08576e774ac196133407f48bb75449c37258f5a7","MachineName":"1C3-TEC-GJWGARY","Log4NetLevel":"INFO "}
{"@t":"2023-03-09T08:39:15.7904402Z","@mt":"No umbracoApplicationUrl for service (yet), skip.","@l":"Warning","SourceContext":"Umbraco.Cms.Infrastructure.HostedServices.ServerRegistration.TouchServerTask","ProcessId":23664,"ProcessName":"Clean.Site","ThreadId":18,"ApplicationId":"08576e774ac196133407f48bb75449c37258f5a7","MachineName":"1C3-TEC-GJWGARY","Log4NetLevel":"WARN "}
{"@t":"2023-03-09T08:40:15.7920852Z","@mt":"No umbracoApplicationUrl for service (yet), skip.","@l":"Warning","SourceContext":"Umbraco.Cms.Infrastructure.HostedServices.ServerRegistration.TouchServerTask","ProcessId":23664,"ProcessName":"Clean.Site","ThreadId":11,"ApplicationId":"08576e774ac196133407f48bb75449c37258f5a7","MachineName":"1C3-TEC-GJWGARY","Log4NetLevel":"WARN "}
{"@t":"2023-03-09T08:41:15.7997402Z","@mt":"No umbracoApplicationUrl for service (yet), skip.","@l":"Warning","SourceContext":"Umbraco.Cms.Infrastructure.HostedServices.ServerRegistration.TouchServerTask","ProcessId":23664,"ProcessName":"Clean.Site","ThreadId":12,"ApplicationId":"08576e774ac196133407f48bb75449c37258f5a7","MachineName":"1C3-TEC-GJWGARY","Log4NetLevel":"WARN "}
{"@t":"2023-03-09T08:41:27.5354591Z","@mt":"Registered with MainDom, localContentDbExists? {LocalContentDbExists}, localMediaDbExists? {LocalMediaDbExists}","LocalContentDbExists":true,"LocalMediaDbExists":true,"SourceContext":"Umbraco.Cms.Infrastructure.PublishedCache.PublishedSnapshotService","RequestId":"0HMP0F881VK9F:00000053","RequestPath":"/","ConnectionId":"0HMP0F881VK9F","ProcessId":23664,"ProcessName":"Clean.Site","ThreadId":12,"ApplicationId":"08576e774ac196133407f48bb75449c37258f5a7","MachineName":"1C3-TEC-GJWGARY","Log4NetLevel":"INFO ","HttpRequestId":"5e7bf1c6-0e34-4904-a3e6-eb302fcc3538","HttpRequestNumber":1,"HttpSessionId":"0"}
{"@t":"2023-03-09T08:41:27.5414595Z","@mt":"Creating the content store, localContentDbExists? {LocalContentDbExists}","LocalContentDbExists":true,"SourceContext":"Umbraco.Cms.Infrastructure.PublishedCache.PublishedSnapshotService","RequestId":"0HMP0F881VK9F:00000053","RequestPath":"/","ConnectionId":"0HMP0F881VK9F","ProcessId":23664,"ProcessName":"Clean.Site","ThreadId":12,"ApplicationId":"08576e774ac196133407f48bb75449c37258f5a7","MachineName":"1C3-TEC-GJWGARY","Log4NetLevel":"INFO ","HttpRequestId":"5e7bf1c6-0e34-4904-a3e6-eb302fcc3538","HttpRequestNumber":1,"HttpSessionId":"0"}
{"@t":"2023-03-09T08:41:27.5451327Z","@mt":"Creating the media store, localMediaDbExists? {LocalMediaDbExists}","LocalMediaDbExists":true,"SourceContext":"Umbraco.Cms.Infrastructure.PublishedCache.PublishedSnapshotService","RequestId":"0HMP0F881VK9F:00000053","RequestPath":"/","ConnectionId":"0HMP0F881VK9F","ProcessId":23664,"ProcessName":"Clean.Site","ThreadId":12,"ApplicationId":"08576e774ac196133407f48bb75449c37258f5a7","MachineName":"1C3-TEC-GJWGARY","Log4NetLevel":"INFO ","HttpRequestId":"5e7bf1c6-0e34-4904-a3e6-eb302fcc3538","HttpRequestNumber":1,"HttpSessionId":"0"}
{"@t":"2023-03-09T08:41:28.1000617Z","@mt":"{StartMessage} [Timing {TimingId}]","StartMessage":"Loading content from local cache file","TimingId":"b2175ac","SourceContext":"Umbraco.Cms.Core.Logging.ProfilingLogger","RequestId":"0HMP0F881VK9F:00000053","RequestPath":"/","ConnectionId":"0HMP0F881VK9F","ProcessId":23664,"ProcessName":"Clean.Site","ThreadId":12,"ApplicationId":"08576e774ac196133407f48bb75449c37258f5a7","MachineName":"1C3-TEC-GJWGARY","Log4NetLevel":"INFO ","HttpRequestId":"5e7bf1c6-0e34-4904-a3e6-eb302fcc3538","HttpRequestNumber":1,"HttpSessionId":"0"}
{"@t":"2023-03-09T08:41:28.1617752Z","@mt":"{EndMessage} ({Duration}ms) [Timing {TimingId}]","EndMessage":"Completed.","Duration":61,"TimingId":"b2175ac","SourceContext":"Umbraco.Cms.Core.Logging.ProfilingLogger","RequestId":"0HMP0F881VK9F:00000053","RequestPath":"/","ConnectionId":"0HMP0F881VK9F","ProcessId":23664,"ProcessName":"Clean.Site","ThreadId":12,"ApplicationId":"08576e774ac196133407f48bb75449c37258f5a7","MachineName":"1C3-TEC-GJWGARY","Log4NetLevel":"INFO ","HttpRequestId":"5e7bf1c6-0e34-4904-a3e6-eb302fcc3538","HttpRequestNumber":1,"HttpSessionId":"0"}
{"@t":"2023-03-09T08:41:28.1837918Z","@mt":"{StartMessage} [Timing {TimingId}]","StartMessage":"Loading media from local cache file","TimingId":"c760f3c","SourceContext":"Umbraco.Cms.Core.Logging.ProfilingLogger","RequestId":"0HMP0F881VK9F:00000053","RequestPath":"/","ConnectionId":"0HMP0F881VK9F","ProcessId":23664,"ProcessName":"Clean.Site","ThreadId":12,"ApplicationId":"08576e774ac196133407f48bb75449c37258f5a7","MachineName":"1C3-TEC-GJWGARY","Log4NetLevel":"INFO ","HttpRequestId":"5e7bf1c6-0e34-4904-a3e6-eb302fcc3538","HttpRequestNumber":1,"HttpSessionId":"0"}
{"@t":"2023-03-09T08:41:28.1876232Z","@mt":"{EndMessage} ({Duration}ms) [Timing {TimingId}]","EndMessage":"Completed.","Duration":3,"TimingId":"c760f3c","SourceContext":"Umbraco.Cms.Core.Logging.ProfilingLogger","RequestId":"0HMP0F881VK9F:00000053","RequestPath":"/","ConnectionId":"0HMP0F881VK9F","ProcessId":23664,"ProcessName":"Clean.Site","ThreadId":12,"ApplicationId":"08576e774ac196133407f48bb75449c37258f5a7","MachineName":"1C3-TEC-GJWGARY","Log4NetLevel":"INFO ","HttpRequestId":"5e7bf1c6-0e34-4904-a3e6-eb302fcc3538","HttpRequestNumber":1,"HttpSessionId":"0"}
{"@t":"2023-03-09T10:59:31.4455650Z","@mt":"Stopping ({SignalSource})","SignalSource":"environment","SourceContext":"Umbraco.Cms.Core.Runtime.MainDom","ProcessId":23664,"ProcessName":"Clean.Site","ThreadId":99,"ApplicationId":"08576e774ac196133407f48bb75449c37258f5a7","MachineName":"1C3-TEC-GJWGARY","Log4NetLevel":"INFO "}
{"@t":"2023-03-09T10:59:31.4702104Z","@mt":"Released from MainDom","SourceContext":"Umbraco.Cms.Infrastructure.PublishedCache.PublishedSnapshotService","ProcessId":23664,"ProcessName":"Clean.Site","ThreadId":99,"ApplicationId":"08576e774ac196133407f48bb75449c37258f5a7","MachineName":"1C3-TEC-GJWGARY","Log4NetLevel":"INFO "}
{"@t":"2023-03-09T10:59:31.4711879Z","@mt":"Released ({SignalSource})","SignalSource":"environment","SourceContext":"Umbraco.Cms.Core.Runtime.MainDom","ProcessId":23664,"ProcessName":"Clean.Site","ThreadId":99,"ApplicationId":"08576e774ac196133407f48bb75449c37258f5a7","MachineName":"1C3-TEC-GJWGARY","Log4NetLevel":"INFO "}
{"@t":"2023-03-09T10:59:31.4719837Z","@mt":"Application is shutting down...","SourceContext":"Microsoft.Hosting.Lifetime","ProcessId":23664,"ProcessName":"Clean.Site","ThreadId":99,"ApplicationId":"08576e774ac196133407f48bb75449c37258f5a7","MachineName":"1C3-TEC-GJWGARY","Log4NetLevel":"INFO "}
{"@t":"2023-03-09T10:59:31.4837364Z","@mt":"Queued Hosted Service is stopping.","SourceContext":"Umbraco.Cms.Infrastructure.HostedServices.QueuedHostedService","ProcessId":23664,"ProcessName":"Clean.Site","ThreadId":113,"ApplicationId":"08576e774ac196133407f48bb75449c37258f5a7","MachineName":"1C3-TEC-GJWGARY","Log4NetLevel":"INFO "}
