{"@t":"2023-03-27T01:38:48.0653027Z","@mt":"Acquiring MainDom.","SourceContext":"Umbraco.Cms.Core.Runtime.MainDom","ProcessId":20552,"ProcessName":"Clean.Site","ThreadId":1,"ApplicationId":"08576e774ac196133407f48bb75449c37258f5a7","MachineName":"1C3-TEC-GJWGARY","Log4NetLevel":"INFO "}
{"@t":"2023-03-27T01:38:48.0737486Z","@mt":"Acquired MainDom.","SourceContext":"Umbraco.Cms.Core.Runtime.MainDom","ProcessId":20552,"ProcessName":"Clean.Site","ThreadId":1,"ApplicationId":"08576e774ac196133407f48bb75449c37258f5a7","MachineName":"1C3-TEC-GJWGARY","Log4NetLevel":"INFO "}
{"@t":"2023-03-27T01:38:49.1615260Z","@mt":"Now listening on: {address}","address":"https://localhost:44365","EventId":{"Id":14,"Name":"ListeningOnAddress"},"SourceContext":"Microsoft.Hosting.Lifetime","ProcessId":20552,"ProcessName":"Clean.Site","ThreadId":1,"ApplicationId":"08576e774ac196133407f48bb75449c37258f5a7","MachineName":"1C3-TEC-GJWGARY","Log4NetLevel":"INFO "}
{"@t":"2023-03-27T01:38:49.1620295Z","@mt":"Now listening on: {address}","address":"http://localhost:43116","EventId":{"Id":14,"Name":"ListeningOnAddress"},"SourceContext":"Microsoft.Hosting.Lifetime","ProcessId":20552,"ProcessName":"Clean.Site","ThreadId":1,"ApplicationId":"08576e774ac196133407f48bb75449c37258f5a7","MachineName":"1C3-TEC-GJWGARY","Log4NetLevel":"INFO "}
{"@t":"2023-03-27T01:38:49.1738760Z","@mt":"uSync: Startup Complete {elapsed}ms","elapsed":2,"SourceContext":"uSync.BackOffice.Notifications.uSyncApplicationStartingHandler","ProcessId":20552,"ProcessName":"Clean.Site","ThreadId":1,"ApplicationId":"08576e774ac196133407f48bb75449c37258f5a7","MachineName":"1C3-TEC-GJWGARY","Log4NetLevel":"INFO "}
{"@t":"2023-03-27T01:38:49.1744630Z","@mt":"Application started. Press Ctrl+C to shut down.","SourceContext":"Microsoft.Hosting.Lifetime","ProcessId":20552,"ProcessName":"Clean.Site","ThreadId":1,"ApplicationId":"08576e774ac196133407f48bb75449c37258f5a7","MachineName":"1C3-TEC-GJWGARY","Log4NetLevel":"INFO "}
{"@t":"2023-03-27T01:38:49.1745179Z","@mt":"Hosting environment: {EnvName}","EnvName":"Development","SourceContext":"Microsoft.Hosting.Lifetime","ProcessId":20552,"ProcessName":"Clean.Site","ThreadId":1,"ApplicationId":"08576e774ac196133407f48bb75449c37258f5a7","MachineName":"1C3-TEC-GJWGARY","Log4NetLevel":"INFO "}
{"@t":"2023-03-27T01:38:49.1745554Z","@mt":"Content root path: {ContentRoot}","ContentRoot":"C:\\Hadi\\Umbraco\\Clean\\Clean.Site","SourceContext":"Microsoft.Hosting.Lifetime","ProcessId":20552,"ProcessName":"Clean.Site","ThreadId":1,"ApplicationId":"08576e774ac196133407f48bb75449c37258f5a7","MachineName":"1C3-TEC-GJWGARY","Log4NetLevel":"INFO "}
{"@t":"2023-03-27T01:38:50.0906394Z","@mt":"Registered with MainDom, localContentDbExists? {LocalContentDbExists}, localMediaDbExists? {LocalMediaDbExists}","LocalContentDbExists":true,"LocalMediaDbExists":true,"SourceContext":"Umbraco.Cms.Infrastructure.PublishedCache.PublishedSnapshotService","RequestId":"0HMPECG1PVR46:00000001","RequestPath":"/","ConnectionId":"0HMPECG1PVR46","ProcessId":20552,"ProcessName":"Clean.Site","ThreadId":14,"ApplicationId":"08576e774ac196133407f48bb75449c37258f5a7","MachineName":"1C3-TEC-GJWGARY","Log4NetLevel":"INFO ","HttpRequestId":"f8f99afe-e08b-453f-9cbb-0bc733fc0609","HttpRequestNumber":1,"HttpSessionId":"0"}
{"@t":"2023-03-27T01:38:50.0926405Z","@mt":"Creating the content store, localContentDbExists? {LocalContentDbExists}","LocalContentDbExists":true,"SourceContext":"Umbraco.Cms.Infrastructure.PublishedCache.PublishedSnapshotService","RequestId":"0HMPECG1PVR46:00000001","RequestPath":"/","ConnectionId":"0HMPECG1PVR46","ProcessId":20552,"ProcessName":"Clean.Site","ThreadId":14,"ApplicationId":"08576e774ac196133407f48bb75449c37258f5a7","MachineName":"1C3-TEC-GJWGARY","Log4NetLevel":"INFO ","HttpRequestId":"f8f99afe-e08b-453f-9cbb-0bc733fc0609","HttpRequestNumber":1,"HttpSessionId":"0"}
{"@t":"2023-03-27T01:38:50.0942961Z","@mt":"Creating the media store, localMediaDbExists? {LocalMediaDbExists}","LocalMediaDbExists":true,"SourceContext":"Umbraco.Cms.Infrastructure.PublishedCache.PublishedSnapshotService","RequestId":"0HMPECG1PVR46:00000001","RequestPath":"/","ConnectionId":"0HMPECG1PVR46","ProcessId":20552,"ProcessName":"Clean.Site","ThreadId":14,"ApplicationId":"08576e774ac196133407f48bb75449c37258f5a7","MachineName":"1C3-TEC-GJWGARY","Log4NetLevel":"INFO ","HttpRequestId":"f8f99afe-e08b-453f-9cbb-0bc733fc0609","HttpRequestNumber":1,"HttpSessionId":"0"}
{"@t":"2023-03-27T01:38:50.7246821Z","@mt":"{StartMessage} [Timing {TimingId}]","StartMessage":"Loading content from local cache file","TimingId":"b94f945","SourceContext":"Umbraco.Cms.Core.Logging.ProfilingLogger","RequestId":"0HMPECG1PVR46:00000001","RequestPath":"/","ConnectionId":"0HMPECG1PVR46","ProcessId":20552,"ProcessName":"Clean.Site","ThreadId":14,"ApplicationId":"08576e774ac196133407f48bb75449c37258f5a7","MachineName":"1C3-TEC-GJWGARY","Log4NetLevel":"INFO ","HttpRequestId":"f8f99afe-e08b-453f-9cbb-0bc733fc0609","HttpRequestNumber":1,"HttpSessionId":"0"}
{"@t":"2023-03-27T01:38:50.7522820Z","@mt":"{EndMessage} ({Duration}ms) [Timing {TimingId}]","EndMessage":"Completed.","Duration":27,"TimingId":"b94f945","SourceContext":"Umbraco.Cms.Core.Logging.ProfilingLogger","RequestId":"0HMPECG1PVR46:00000001","RequestPath":"/","ConnectionId":"0HMPECG1PVR46","ProcessId":20552,"ProcessName":"Clean.Site","ThreadId":14,"ApplicationId":"08576e774ac196133407f48bb75449c37258f5a7","MachineName":"1C3-TEC-GJWGARY","Log4NetLevel":"INFO ","HttpRequestId":"f8f99afe-e08b-453f-9cbb-0bc733fc0609","HttpRequestNumber":1,"HttpSessionId":"0"}
{"@t":"2023-03-27T01:38:50.7598541Z","@mt":"{StartMessage} [Timing {TimingId}]","StartMessage":"Loading media from local cache file","TimingId":"e312993","SourceContext":"Umbraco.Cms.Core.Logging.ProfilingLogger","RequestId":"0HMPECG1PVR46:00000001","RequestPath":"/","ConnectionId":"0HMPECG1PVR46","ProcessId":20552,"ProcessName":"Clean.Site","ThreadId":14,"ApplicationId":"08576e774ac196133407f48bb75449c37258f5a7","MachineName":"1C3-TEC-GJWGARY","Log4NetLevel":"INFO ","HttpRequestId":"f8f99afe-e08b-453f-9cbb-0bc733fc0609","HttpRequestNumber":1,"HttpSessionId":"0"}
{"@t":"2023-03-27T01:38:50.7607212Z","@mt":"{EndMessage} ({Duration}ms) [Timing {TimingId}]","EndMessage":"Completed.","Duration":0,"TimingId":"e312993","SourceContext":"Umbraco.Cms.Core.Logging.ProfilingLogger","RequestId":"0HMPECG1PVR46:00000001","RequestPath":"/","ConnectionId":"0HMPECG1PVR46","ProcessId":20552,"ProcessName":"Clean.Site","ThreadId":14,"ApplicationId":"08576e774ac196133407f48bb75449c37258f5a7","MachineName":"1C3-TEC-GJWGARY","Log4NetLevel":"INFO ","HttpRequestId":"f8f99afe-e08b-453f-9cbb-0bc733fc0609","HttpRequestNumber":1,"HttpSessionId":"0"}
{"@t":"2023-03-27T01:39:45.9109075Z","@mt":"The image '{Uri}' was not modified","Uri":"https://localhost:44365/media/laqpqyfc/anirudh-xu4pz7gi9jy-unsplash.jpg?rmode=max&width=500&rnd=%26rnd%3D20230222024643","EventId":{"Id":4},"SourceContext":"SixLabors.ImageSharp.Web.Middleware.ImageSharpMiddleware","RequestId":"0HMPECG1PVR46:000000D3","RequestPath":"/media/laqpqyfc/anirudh-xu4pz7gi9jy-unsplash.jpg","ConnectionId":"0HMPECG1PVR46","ProcessId":20552,"ProcessName":"Clean.Site","ThreadId":16,"ApplicationId":"08576e774ac196133407f48bb75449c37258f5a7","MachineName":"1C3-TEC-GJWGARY","Log4NetLevel":"INFO "}
{"@t":"2023-03-27T01:39:50.6638622Z","@mt":"The image '{Uri}' was not modified","Uri":"https://localhost:44365/media/lbonn05a/gsmarena_003.jpg?rmode=max&width=500&rnd=%26rnd%3D20230314065323","EventId":{"Id":4},"SourceContext":"SixLabors.ImageSharp.Web.Middleware.ImageSharpMiddleware","RequestId":"0HMPECG1PVR46:000000ED","RequestPath":"/media/lbonn05a/gsmarena_003.jpg","ConnectionId":"0HMPECG1PVR46","ProcessId":20552,"ProcessName":"Clean.Site","ThreadId":10,"ApplicationId":"08576e774ac196133407f48bb75449c37258f5a7","MachineName":"1C3-TEC-GJWGARY","Log4NetLevel":"INFO "}
{"@t":"2023-03-27T01:41:48.5590721Z","@mt":"Deleted {count} ContentVersion(s)","count":5,"SourceContext":"Umbraco.Cms.Infrastructure.HostedServices.ContentVersionCleanup","ProcessId":20552,"ProcessName":"Clean.Site","ThreadId":16,"ApplicationId":"08576e774ac196133407f48bb75449c37258f5a7","MachineName":"1C3-TEC-GJWGARY","Log4NetLevel":"INFO "}
{"@t":"2023-03-27T01:44:23.7377230Z","@mt":"Adding examine event handlers for {RegisteredIndexers} index providers.","RegisteredIndexers":3,"SourceContext":"Umbraco.Cms.Infrastructure.Examine.ExamineUmbracoIndexingHandler","ActionId":"cb4d80e5-d831-4964-816b-4c4a5446bea0","ActionName":"Umbraco.Cms.Web.BackOffice.Controllers.MediaController.PostAddFile (Umbraco.Web.BackOffice)","RequestId":"0HMPECG1PVR46:00000203","RequestPath":"/umbraco/backoffice/umbracoapi/media/PostAddFile","ConnectionId":"0HMPECG1PVR46","ProcessId":20552,"ProcessName":"Clean.Site","ThreadId":14,"ApplicationId":"08576e774ac196133407f48bb75449c37258f5a7","MachineName":"1C3-TEC-GJWGARY","Log4NetLevel":"INFO ","HttpRequestId":"3fa5d6f1-771a-4c6e-8f74-6aa7067105f5","HttpRequestNumber":2,"HttpSessionId":"6a42a201-f010-bb08-6837-edec7b25a7e2"}
{"@t":"2023-03-27T01:44:24.3006695Z","@mt":"Sending image. Request uri: '{Uri}'. Cached Key: '{Key}'","Uri":"https://localhost:44365/media/ujsfqjga/oskar-kadaksoo-tu2qdnfah3m-unsplash.jpg?rmode=max&width=500&rnd=%26rnd%3D20230327014423","Key":"f3c0adcae953","EventId":{"Id":3},"SourceContext":"SixLabors.ImageSharp.Web.Middleware.ImageSharpMiddleware","RequestId":"0HMPECG1PVR46:0000021D","RequestPath":"/media/ujsfqjga/oskar-kadaksoo-tu2qdnfah3m-unsplash.jpg","ConnectionId":"0HMPECG1PVR46","ProcessId":20552,"ProcessName":"Clean.Site","ThreadId":17,"ApplicationId":"08576e774ac196133407f48bb75449c37258f5a7","MachineName":"1C3-TEC-GJWGARY","Log4NetLevel":"INFO "}
{"@t":"2023-03-27T01:44:43.1652303Z","@mt":"Sending image. Request uri: '{Uri}'. Cached Key: '{Key}'","Uri":"https://localhost:44365/media/s4mbi3e5/timelab-1_wqczrlmms-unsplash.jpg?rmode=max&width=500&rnd=%26rnd%3D20230327014442","Key":"2176d324beb4","EventId":{"Id":3},"SourceContext":"SixLabors.ImageSharp.Web.Middleware.ImageSharpMiddleware","RequestId":"0HMPECG1PVR46:00000269","RequestPath":"/media/s4mbi3e5/timelab-1_wqczrlmms-unsplash.jpg","ConnectionId":"0HMPECG1PVR46","ProcessId":20552,"ProcessName":"Clean.Site","ThreadId":22,"ApplicationId":"08576e774ac196133407f48bb75449c37258f5a7","MachineName":"1C3-TEC-GJWGARY","Log4NetLevel":"INFO "}
{"@t":"2023-03-27T01:44:58.8636154Z","@mt":"Sending image. Request uri: '{Uri}'. Cached Key: '{Key}'","Uri":"https://localhost:44365/media/1zpgcdyv/marek-piwnicki-0u3zmxtk6qc-unsplash.jpg?rmode=max&width=500&rnd=%26rnd%3D20230327014458","Key":"710906c4b620","EventId":{"Id":3},"SourceContext":"SixLabors.ImageSharp.Web.Middleware.ImageSharpMiddleware","RequestId":"0HMPECG1PVR46:000002B9","RequestPath":"/media/1zpgcdyv/marek-piwnicki-0u3zmxtk6qc-unsplash.jpg","ConnectionId":"0HMPECG1PVR46","ProcessId":20552,"ProcessName":"Clean.Site","ThreadId":37,"ApplicationId":"08576e774ac196133407f48bb75449c37258f5a7","MachineName":"1C3-TEC-GJWGARY","Log4NetLevel":"INFO "}
{"@t":"2023-03-27T01:45:29.4809952Z","@mt":"Document {ContentName} (id={ContentId}) has been published.","ContentName":"Blog","ContentId":1077,"SourceContext":"Umbraco.Cms.Core.Services.ContentService","ActionId":"5d3842ce-8e88-462e-bee8-c564914dd430","ActionName":"Umbraco.Cms.Web.BackOffice.Controllers.ContentController.PostSave (Umbraco.Web.BackOffice)","RequestId":"0HMPECG1PVR46:000002C5","RequestPath":"/umbraco/backoffice/umbracoapi/content/PostSave","ConnectionId":"0HMPECG1PVR46","ProcessId":20552,"ProcessName":"Clean.Site","ThreadId":43,"ApplicationId":"08576e774ac196133407f48bb75449c37258f5a7","MachineName":"1C3-TEC-GJWGARY","Log4NetLevel":"INFO ","HttpRequestId":"cd3479a2-30b3-46ab-875f-d696e697ffdd","HttpRequestNumber":3,"HttpSessionId":"8cc186d7-38cd-ce87-4fbe-a960304ba579"}
{"@t":"2023-03-27T01:51:02.8951794Z","@mt":"Sending image. Request uri: '{Uri}'. Cached Key: '{Key}'","Uri":"https://localhost:44365/media/kq5h0mih/jon-tyson-a-obuh61bkw-unsplash.jpg?rmode=max&width=500&rnd=%26rnd%3D20230327015102","Key":"32d27d2de414","EventId":{"Id":3},"SourceContext":"SixLabors.ImageSharp.Web.Middleware.ImageSharpMiddleware","RequestId":"0HMPECG1PVR46:00000459","RequestPath":"/media/kq5h0mih/jon-tyson-a-obuh61bkw-unsplash.jpg","ConnectionId":"0HMPECG1PVR46","ProcessId":20552,"ProcessName":"Clean.Site","ThreadId":58,"ApplicationId":"08576e774ac196133407f48bb75449c37258f5a7","MachineName":"1C3-TEC-GJWGARY","Log4NetLevel":"INFO "}
{"@t":"2023-03-27T01:51:07.4166153Z","@mt":"Document {ContentName} (id={ContentId}) has been published.","ContentName":"Movies","ContentId":0,"SourceContext":"Umbraco.Cms.Core.Services.ContentService","ActionId":"5d3842ce-8e88-462e-bee8-c564914dd430","ActionName":"Umbraco.Cms.Web.BackOffice.Controllers.ContentController.PostSave (Umbraco.Web.BackOffice)","RequestId":"0HMPECG1PVR46:0000045F","RequestPath":"/umbraco/backoffice/umbracoapi/content/PostSave","ConnectionId":"0HMPECG1PVR46","ProcessId":20552,"ProcessName":"Clean.Site","ThreadId":58,"ApplicationId":"08576e774ac196133407f48bb75449c37258f5a7","MachineName":"1C3-TEC-GJWGARY","Log4NetLevel":"INFO ","HttpRequestId":"f3016359-1fa7-44ea-830a-2911cf6fca38","HttpRequestNumber":4,"HttpSessionId":"d074f0ce-1eea-60a8-77e2-f8982bdbba92"}
{"@t":"2023-03-27T01:51:20.6460935Z","@mt":"Document {ContentName} (id={ContentId}) has been published.","ContentName":"Movies","ContentId":1116,"SourceContext":"Umbraco.Cms.Core.Services.ContentService","ActionId":"5d3842ce-8e88-462e-bee8-c564914dd430","ActionName":"Umbraco.Cms.Web.BackOffice.Controllers.ContentController.PostSave (Umbraco.Web.BackOffice)","RequestId":"0HMPECG1PVR46:00000477","RequestPath":"/umbraco/backoffice/umbracoapi/content/PostSave","ConnectionId":"0HMPECG1PVR46","ProcessId":20552,"ProcessName":"Clean.Site","ThreadId":17,"ApplicationId":"08576e774ac196133407f48bb75449c37258f5a7","MachineName":"1C3-TEC-GJWGARY","Log4NetLevel":"INFO ","HttpRequestId":"2eb44e54-e5fb-4b17-8b20-fc3208d71c19","HttpRequestNumber":5,"HttpSessionId":"41d4703f-99a7-611a-3e78-b9651c79cf2e"}
{"@t":"2023-03-27T01:55:45.4366191Z","@mt":"Sending image. Request uri: '{Uri}'. Cached Key: '{Key}'","Uri":"https://localhost:44365/media/p3apmykp/i1.jpg?rmode=max&width=500&rnd=%26rnd%3D20230327015545","Key":"76cf913d0c74","EventId":{"Id":3},"SourceContext":"SixLabors.ImageSharp.Web.Middleware.ImageSharpMiddleware","RequestId":"0HMPECG1PVR46:0000055B","RequestPath":"/media/p3apmykp/i1.jpg","ConnectionId":"0HMPECG1PVR46","ProcessId":20552,"ProcessName":"Clean.Site","ThreadId":12,"ApplicationId":"08576e774ac196133407f48bb75449c37258f5a7","MachineName":"1C3-TEC-GJWGARY","Log4NetLevel":"INFO "}
{"@t":"2023-03-27T01:55:45.4405427Z","@mt":"Sending image. Request uri: '{Uri}'. Cached Key: '{Key}'","Uri":"https://localhost:44365/media/nnaftewe/i3.jpg?rmode=max&width=500&rnd=%26rnd%3D20230327015545","Key":"e2e0032b3169","EventId":{"Id":3},"SourceContext":"SixLabors.ImageSharp.Web.Middleware.ImageSharpMiddleware","RequestId":"0HMPECG1PVR46:00000557","RequestPath":"/media/nnaftewe/i3.jpg","ConnectionId":"0HMPECG1PVR46","ProcessId":20552,"ProcessName":"Clean.Site","ThreadId":14,"ApplicationId":"08576e774ac196133407f48bb75449c37258f5a7","MachineName":"1C3-TEC-GJWGARY","Log4NetLevel":"INFO "}
{"@t":"2023-03-27T01:55:45.4561124Z","@mt":"Sending image. Request uri: '{Uri}'. Cached Key: '{Key}'","Uri":"https://localhost:44365/media/oinhmdz0/i2.jpg?rmode=max&width=500&rnd=%26rnd%3D20230327015545","Key":"134abfd506c6","EventId":{"Id":3},"SourceContext":"SixLabors.ImageSharp.Web.Middleware.ImageSharpMiddleware","RequestId":"0HMPECG1PVR46:00000559","RequestPath":"/media/oinhmdz0/i2.jpg","ConnectionId":"0HMPECG1PVR46","ProcessId":20552,"ProcessName":"Clean.Site","ThreadId":51,"ApplicationId":"08576e774ac196133407f48bb75449c37258f5a7","MachineName":"1C3-TEC-GJWGARY","Log4NetLevel":"INFO "}
{"@t":"2023-03-27T01:56:15.6051557Z","@mt":"Document {ContentName} (id={ContentId}) has been published.","ContentName":"Movies","ContentId":1116,"SourceContext":"Umbraco.Cms.Core.Services.ContentService","ActionId":"5d3842ce-8e88-462e-bee8-c564914dd430","ActionName":"Umbraco.Cms.Web.BackOffice.Controllers.ContentController.PostSave (Umbraco.Web.BackOffice)","RequestId":"0HMPECG1PVR46:000005D3","RequestPath":"/umbraco/backoffice/umbracoapi/content/PostSave","ConnectionId":"0HMPECG1PVR46","ProcessId":20552,"ProcessName":"Clean.Site","ThreadId":12,"ApplicationId":"08576e774ac196133407f48bb75449c37258f5a7","MachineName":"1C3-TEC-GJWGARY","Log4NetLevel":"INFO ","HttpRequestId":"60994742-f27f-48ad-badc-34a1c3a88d62","HttpRequestNumber":6,"HttpSessionId":"95e61d6e-5ba6-2315-88c4-cd4a113bf025"}
{"@t":"2023-03-27T01:57:22.3069344Z","@mt":"Document {ContentName} (id={ContentId}) has been published.","ContentName":"Movies","ContentId":1116,"SourceContext":"Umbraco.Cms.Core.Services.ContentService","ActionId":"5d3842ce-8e88-462e-bee8-c564914dd430","ActionName":"Umbraco.Cms.Web.BackOffice.Controllers.ContentController.PostSave (Umbraco.Web.BackOffice)","RequestId":"0HMPECG1PVR46:000005DB","RequestPath":"/umbraco/backoffice/umbracoapi/content/PostSave","ConnectionId":"0HMPECG1PVR46","ProcessId":20552,"ProcessName":"Clean.Site","ThreadId":37,"ApplicationId":"08576e774ac196133407f48bb75449c37258f5a7","MachineName":"1C3-TEC-GJWGARY","Log4NetLevel":"INFO ","HttpRequestId":"224b6c50-db3c-4f33-bf3b-feeba4b771cd","HttpRequestNumber":7,"HttpSessionId":"218b26ce-7b25-6a34-69a9-b31febb99a6b"}
{"@t":"2023-03-27T01:57:26.1732968Z","@mt":"Sending image. Request uri: '{Uri}'. Cached Key: '{Key}'","Uri":"https://localhost:44365/media/oinhmdz0/i2.jpg?width=490&height=383&rnd=133243845451392444","Key":"9d98d4d82d22","EventId":{"Id":3},"SourceContext":"SixLabors.ImageSharp.Web.Middleware.ImageSharpMiddleware","RequestId":"0HMPECG1PVR46:000005E9","RequestPath":"/media/oinhmdz0/i2.jpg","ConnectionId":"0HMPECG1PVR46","ProcessId":20552,"ProcessName":"Clean.Site","ThreadId":62,"ApplicationId":"08576e774ac196133407f48bb75449c37258f5a7","MachineName":"1C3-TEC-GJWGARY","Log4NetLevel":"INFO "}
{"@t":"2023-03-27T01:57:26.1767632Z","@mt":"Sending image. Request uri: '{Uri}'. Cached Key: '{Key}'","Uri":"https://localhost:44365/media/nnaftewe/i3.jpg?width=490&height=383&rnd=133243845451001833","Key":"2cbb67154cf1","EventId":{"Id":3},"SourceContext":"SixLabors.ImageSharp.Web.Middleware.ImageSharpMiddleware","RequestId":"0HMPECG1PVR46:000005EB","RequestPath":"/media/nnaftewe/i3.jpg","ConnectionId":"0HMPECG1PVR46","ProcessId":20552,"ProcessName":"Clean.Site","ThreadId":55,"ApplicationId":"08576e774ac196133407f48bb75449c37258f5a7","MachineName":"1C3-TEC-GJWGARY","Log4NetLevel":"INFO "}
{"@t":"2023-03-27T01:57:26.2093640Z","@mt":"Sending image. Request uri: '{Uri}'. Cached Key: '{Key}'","Uri":"https://localhost:44365/media/p3apmykp/i1.jpg?width=490&height=383&rnd=133243845451832846","Key":"6640d6e6048b","EventId":{"Id":3},"SourceContext":"SixLabors.ImageSharp.Web.Middleware.ImageSharpMiddleware","RequestId":"0HMPECG1PVR46:000005E7","RequestPath":"/media/p3apmykp/i1.jpg","ConnectionId":"0HMPECG1PVR46","ProcessId":20552,"ProcessName":"Clean.Site","ThreadId":60,"ApplicationId":"08576e774ac196133407f48bb75449c37258f5a7","MachineName":"1C3-TEC-GJWGARY","Log4NetLevel":"INFO "}
{"@t":"2023-03-27T01:59:40.8670101Z","@mt":"Stopping ({SignalSource})","SignalSource":"environment","SourceContext":"Umbraco.Cms.Core.Runtime.MainDom","ProcessId":20552,"ProcessName":"Clean.Site","ThreadId":16,"ApplicationId":"08576e774ac196133407f48bb75449c37258f5a7","MachineName":"1C3-TEC-GJWGARY","Log4NetLevel":"INFO "}
{"@t":"2023-03-27T01:59:40.8721572Z","@mt":"Released from MainDom","SourceContext":"Umbraco.Cms.Infrastructure.PublishedCache.PublishedSnapshotService","ProcessId":20552,"ProcessName":"Clean.Site","ThreadId":16,"ApplicationId":"08576e774ac196133407f48bb75449c37258f5a7","MachineName":"1C3-TEC-GJWGARY","Log4NetLevel":"INFO "}
{"@t":"2023-03-27T01:59:40.8725546Z","@mt":"{StartMessage} [Timing {TimingId}]","StartMessage":"Examine shutting down","TimingId":"bee7358","SourceContext":"Umbraco.Cms.Core.Logging.ProfilingLogger","ProcessId":20552,"ProcessName":"Clean.Site","ThreadId":16,"ApplicationId":"08576e774ac196133407f48bb75449c37258f5a7","MachineName":"1C3-TEC-GJWGARY","Log4NetLevel":"INFO "}
{"@t":"2023-03-27T01:59:40.8830855Z","@mt":"{EndMessage} ({Duration}ms) [Timing {TimingId}]","EndMessage":"Completed.","Duration":10,"TimingId":"bee7358","SourceContext":"Umbraco.Cms.Core.Logging.ProfilingLogger","ProcessId":20552,"ProcessName":"Clean.Site","ThreadId":16,"ApplicationId":"08576e774ac196133407f48bb75449c37258f5a7","MachineName":"1C3-TEC-GJWGARY","Log4NetLevel":"INFO "}
{"@t":"2023-03-27T01:59:40.8836551Z","@mt":"Released ({SignalSource})","SignalSource":"environment","SourceContext":"Umbraco.Cms.Core.Runtime.MainDom","ProcessId":20552,"ProcessName":"Clean.Site","ThreadId":16,"ApplicationId":"08576e774ac196133407f48bb75449c37258f5a7","MachineName":"1C3-TEC-GJWGARY","Log4NetLevel":"INFO "}
{"@t":"2023-03-27T01:59:40.8841902Z","@mt":"Application is shutting down...","SourceContext":"Microsoft.Hosting.Lifetime","ProcessId":20552,"ProcessName":"Clean.Site","ThreadId":16,"ApplicationId":"08576e774ac196133407f48bb75449c37258f5a7","MachineName":"1C3-TEC-GJWGARY","Log4NetLevel":"INFO "}
{"@t":"2023-03-27T01:59:40.8941002Z","@mt":"Queued Hosted Service is stopping.","SourceContext":"Umbraco.Cms.Infrastructure.HostedServices.QueuedHostedService","ProcessId":20552,"ProcessName":"Clean.Site","ThreadId":6,"ApplicationId":"08576e774ac196133407f48bb75449c37258f5a7","MachineName":"1C3-TEC-GJWGARY","Log4NetLevel":"INFO "}
{"@t":"2023-03-27T02:03:03.7934620Z","@mt":"Acquiring MainDom.","SourceContext":"Umbraco.Cms.Core.Runtime.MainDom","ProcessId":28736,"ProcessName":"Clean.Site","ThreadId":1,"ApplicationId":"08576e774ac196133407f48bb75449c37258f5a7","MachineName":"1C3-TEC-GJWGARY","Log4NetLevel":"INFO "}
{"@t":"2023-03-27T02:03:03.8015856Z","@mt":"Acquired MainDom.","SourceContext":"Umbraco.Cms.Core.Runtime.MainDom","ProcessId":28736,"ProcessName":"Clean.Site","ThreadId":1,"ApplicationId":"08576e774ac196133407f48bb75449c37258f5a7","MachineName":"1C3-TEC-GJWGARY","Log4NetLevel":"INFO "}
{"@t":"2023-03-27T02:03:04.7380138Z","@mt":"Now listening on: {address}","address":"https://localhost:44365","EventId":{"Id":14,"Name":"ListeningOnAddress"},"SourceContext":"Microsoft.Hosting.Lifetime","ProcessId":28736,"ProcessName":"Clean.Site","ThreadId":1,"ApplicationId":"08576e774ac196133407f48bb75449c37258f5a7","MachineName":"1C3-TEC-GJWGARY","Log4NetLevel":"INFO "}
{"@t":"2023-03-27T02:03:04.7386134Z","@mt":"Now listening on: {address}","address":"http://localhost:43116","EventId":{"Id":14,"Name":"ListeningOnAddress"},"SourceContext":"Microsoft.Hosting.Lifetime","ProcessId":28736,"ProcessName":"Clean.Site","ThreadId":1,"ApplicationId":"08576e774ac196133407f48bb75449c37258f5a7","MachineName":"1C3-TEC-GJWGARY","Log4NetLevel":"INFO "}
{"@t":"2023-03-27T02:03:04.7489344Z","@mt":"uSync: Startup Complete {elapsed}ms","elapsed":2,"SourceContext":"uSync.BackOffice.Notifications.uSyncApplicationStartingHandler","ProcessId":28736,"ProcessName":"Clean.Site","ThreadId":1,"ApplicationId":"08576e774ac196133407f48bb75449c37258f5a7","MachineName":"1C3-TEC-GJWGARY","Log4NetLevel":"INFO "}
{"@t":"2023-03-27T02:03:04.7494806Z","@mt":"Application started. Press Ctrl+C to shut down.","SourceContext":"Microsoft.Hosting.Lifetime","ProcessId":28736,"ProcessName":"Clean.Site","ThreadId":1,"ApplicationId":"08576e774ac196133407f48bb75449c37258f5a7","MachineName":"1C3-TEC-GJWGARY","Log4NetLevel":"INFO "}
{"@t":"2023-03-27T02:03:04.7495329Z","@mt":"Hosting environment: {EnvName}","EnvName":"Development","SourceContext":"Microsoft.Hosting.Lifetime","ProcessId":28736,"ProcessName":"Clean.Site","ThreadId":1,"ApplicationId":"08576e774ac196133407f48bb75449c37258f5a7","MachineName":"1C3-TEC-GJWGARY","Log4NetLevel":"INFO "}
{"@t":"2023-03-27T02:03:04.7495608Z","@mt":"Content root path: {ContentRoot}","ContentRoot":"C:\\Hadi\\Umbraco\\Clean\\Clean.Site","SourceContext":"Microsoft.Hosting.Lifetime","ProcessId":28736,"ProcessName":"Clean.Site","ThreadId":1,"ApplicationId":"08576e774ac196133407f48bb75449c37258f5a7","MachineName":"1C3-TEC-GJWGARY","Log4NetLevel":"INFO "}
{"@t":"2023-03-27T02:03:05.4670799Z","@mt":"Registered with MainDom, localContentDbExists? {LocalContentDbExists}, localMediaDbExists? {LocalMediaDbExists}","LocalContentDbExists":true,"LocalMediaDbExists":true,"SourceContext":"Umbraco.Cms.Infrastructure.PublishedCache.PublishedSnapshotService","RequestId":"0HMPECTJIOHME:00000001","RequestPath":"/","ConnectionId":"0HMPECTJIOHME","ProcessId":28736,"ProcessName":"Clean.Site","ThreadId":9,"ApplicationId":"08576e774ac196133407f48bb75449c37258f5a7","MachineName":"1C3-TEC-GJWGARY","Log4NetLevel":"INFO ","HttpRequestId":"5bdd569c-6d3a-4e45-b17b-baeba55e383b","HttpRequestNumber":1,"HttpSessionId":"0"}
{"@t":"2023-03-27T02:03:05.4698009Z","@mt":"Creating the content store, localContentDbExists? {LocalContentDbExists}","LocalContentDbExists":true,"SourceContext":"Umbraco.Cms.Infrastructure.PublishedCache.PublishedSnapshotService","RequestId":"0HMPECTJIOHME:00000001","RequestPath":"/","ConnectionId":"0HMPECTJIOHME","ProcessId":28736,"ProcessName":"Clean.Site","ThreadId":9,"ApplicationId":"08576e774ac196133407f48bb75449c37258f5a7","MachineName":"1C3-TEC-GJWGARY","Log4NetLevel":"INFO ","HttpRequestId":"5bdd569c-6d3a-4e45-b17b-baeba55e383b","HttpRequestNumber":1,"HttpSessionId":"0"}
{"@t":"2023-03-27T02:03:05.4723977Z","@mt":"Creating the media store, localMediaDbExists? {LocalMediaDbExists}","LocalMediaDbExists":true,"SourceContext":"Umbraco.Cms.Infrastructure.PublishedCache.PublishedSnapshotService","RequestId":"0HMPECTJIOHME:00000001","RequestPath":"/","ConnectionId":"0HMPECTJIOHME","ProcessId":28736,"ProcessName":"Clean.Site","ThreadId":9,"ApplicationId":"08576e774ac196133407f48bb75449c37258f5a7","MachineName":"1C3-TEC-GJWGARY","Log4NetLevel":"INFO ","HttpRequestId":"5bdd569c-6d3a-4e45-b17b-baeba55e383b","HttpRequestNumber":1,"HttpSessionId":"0"}
{"@t":"2023-03-27T02:03:06.0106788Z","@mt":"{StartMessage} [Timing {TimingId}]","StartMessage":"Loading content from local cache file","TimingId":"36b6608","SourceContext":"Umbraco.Cms.Core.Logging.ProfilingLogger","RequestId":"0HMPECTJIOHME:00000001","RequestPath":"/","ConnectionId":"0HMPECTJIOHME","ProcessId":28736,"ProcessName":"Clean.Site","ThreadId":9,"ApplicationId":"08576e774ac196133407f48bb75449c37258f5a7","MachineName":"1C3-TEC-GJWGARY","Log4NetLevel":"INFO ","HttpRequestId":"5bdd569c-6d3a-4e45-b17b-baeba55e383b","HttpRequestNumber":1,"HttpSessionId":"0"}
{"@t":"2023-03-27T02:03:06.0364670Z","@mt":"{EndMessage} ({Duration}ms) [Timing {TimingId}]","EndMessage":"Completed.","Duration":25,"TimingId":"36b6608","SourceContext":"Umbraco.Cms.Core.Logging.ProfilingLogger","RequestId":"0HMPECTJIOHME:00000001","RequestPath":"/","ConnectionId":"0HMPECTJIOHME","ProcessId":28736,"ProcessName":"Clean.Site","ThreadId":9,"ApplicationId":"08576e774ac196133407f48bb75449c37258f5a7","MachineName":"1C3-TEC-GJWGARY","Log4NetLevel":"INFO ","HttpRequestId":"5bdd569c-6d3a-4e45-b17b-baeba55e383b","HttpRequestNumber":1,"HttpSessionId":"0"}
{"@t":"2023-03-27T02:03:06.0434404Z","@mt":"{StartMessage} [Timing {TimingId}]","StartMessage":"Loading media from local cache file","TimingId":"4610d39","SourceContext":"Umbraco.Cms.Core.Logging.ProfilingLogger","RequestId":"0HMPECTJIOHME:00000001","RequestPath":"/","ConnectionId":"0HMPECTJIOHME","ProcessId":28736,"ProcessName":"Clean.Site","ThreadId":9,"ApplicationId":"08576e774ac196133407f48bb75449c37258f5a7","MachineName":"1C3-TEC-GJWGARY","Log4NetLevel":"INFO ","HttpRequestId":"5bdd569c-6d3a-4e45-b17b-baeba55e383b","HttpRequestNumber":1,"HttpSessionId":"0"}
{"@t":"2023-03-27T02:03:06.0474557Z","@mt":"{EndMessage} ({Duration}ms) [Timing {TimingId}]","EndMessage":"Completed.","Duration":4,"TimingId":"4610d39","SourceContext":"Umbraco.Cms.Core.Logging.ProfilingLogger","RequestId":"0HMPECTJIOHME:00000001","RequestPath":"/","ConnectionId":"0HMPECTJIOHME","ProcessId":28736,"ProcessName":"Clean.Site","ThreadId":9,"ApplicationId":"08576e774ac196133407f48bb75449c37258f5a7","MachineName":"1C3-TEC-GJWGARY","Log4NetLevel":"INFO ","HttpRequestId":"5bdd569c-6d3a-4e45-b17b-baeba55e383b","HttpRequestNumber":1,"HttpSessionId":"0"}
{"@t":"2023-03-27T02:06:04.2521952Z","@mt":"Deleted {count} ContentVersion(s)","count":1,"SourceContext":"Umbraco.Cms.Infrastructure.HostedServices.ContentVersionCleanup","ProcessId":28736,"ProcessName":"Clean.Site","ThreadId":3,"ApplicationId":"08576e774ac196133407f48bb75449c37258f5a7","MachineName":"1C3-TEC-GJWGARY","Log4NetLevel":"INFO "}
{"@t":"2023-03-27T06:03:26.8196718Z","@mt":"Acquiring MainDom.","SourceContext":"Umbraco.Cms.Core.Runtime.MainDom","ProcessId":22424,"ProcessName":"Clean.Site","ThreadId":1,"ApplicationId":"08576e774ac196133407f48bb75449c37258f5a7","MachineName":"1C3-TEC-GJWGARY","Log4NetLevel":"INFO "}
{"@t":"2023-03-27T06:03:26.8260900Z","@mt":"Acquired MainDom.","SourceContext":"Umbraco.Cms.Core.Runtime.MainDom","ProcessId":22424,"ProcessName":"Clean.Site","ThreadId":1,"ApplicationId":"08576e774ac196133407f48bb75449c37258f5a7","MachineName":"1C3-TEC-GJWGARY","Log4NetLevel":"INFO "}
{"@t":"2023-03-27T06:03:27.6655022Z","@mt":"Now listening on: {address}","address":"https://localhost:44365","EventId":{"Id":14,"Name":"ListeningOnAddress"},"SourceContext":"Microsoft.Hosting.Lifetime","ProcessId":22424,"ProcessName":"Clean.Site","ThreadId":1,"ApplicationId":"08576e774ac196133407f48bb75449c37258f5a7","MachineName":"1C3-TEC-GJWGARY","Log4NetLevel":"INFO "}
{"@t":"2023-03-27T06:03:27.6658384Z","@mt":"Now listening on: {address}","address":"http://localhost:43116","EventId":{"Id":14,"Name":"ListeningOnAddress"},"SourceContext":"Microsoft.Hosting.Lifetime","ProcessId":22424,"ProcessName":"Clean.Site","ThreadId":1,"ApplicationId":"08576e774ac196133407f48bb75449c37258f5a7","MachineName":"1C3-TEC-GJWGARY","Log4NetLevel":"INFO "}
{"@t":"2023-03-27T06:03:27.6743939Z","@mt":"uSync: Startup Complete {elapsed}ms","elapsed":2,"SourceContext":"uSync.BackOffice.Notifications.uSyncApplicationStartingHandler","ProcessId":22424,"ProcessName":"Clean.Site","ThreadId":1,"ApplicationId":"08576e774ac196133407f48bb75449c37258f5a7","MachineName":"1C3-TEC-GJWGARY","Log4NetLevel":"INFO "}
{"@t":"2023-03-27T06:03:27.6750040Z","@mt":"Application started. Press Ctrl+C to shut down.","SourceContext":"Microsoft.Hosting.Lifetime","ProcessId":22424,"ProcessName":"Clean.Site","ThreadId":1,"ApplicationId":"08576e774ac196133407f48bb75449c37258f5a7","MachineName":"1C3-TEC-GJWGARY","Log4NetLevel":"INFO "}
{"@t":"2023-03-27T06:03:27.6750824Z","@mt":"Hosting environment: {EnvName}","EnvName":"Development","SourceContext":"Microsoft.Hosting.Lifetime","ProcessId":22424,"ProcessName":"Clean.Site","ThreadId":1,"ApplicationId":"08576e774ac196133407f48bb75449c37258f5a7","MachineName":"1C3-TEC-GJWGARY","Log4NetLevel":"INFO "}
{"@t":"2023-03-27T06:03:27.6751061Z","@mt":"Content root path: {ContentRoot}","ContentRoot":"C:\\Hadi\\Umbraco\\Clean\\Clean.Site","SourceContext":"Microsoft.Hosting.Lifetime","ProcessId":22424,"ProcessName":"Clean.Site","ThreadId":1,"ApplicationId":"08576e774ac196133407f48bb75449c37258f5a7","MachineName":"1C3-TEC-GJWGARY","Log4NetLevel":"INFO "}
{"@t":"2023-03-27T06:03:28.2656908Z","@mt":"Registered with MainDom, localContentDbExists? {LocalContentDbExists}, localMediaDbExists? {LocalMediaDbExists}","LocalContentDbExists":true,"LocalMediaDbExists":true,"SourceContext":"Umbraco.Cms.Infrastructure.PublishedCache.PublishedSnapshotService","RequestId":"0HMPEH3TU3ES1:00000001","RequestPath":"/","ConnectionId":"0HMPEH3TU3ES1","ProcessId":22424,"ProcessName":"Clean.Site","ThreadId":4,"ApplicationId":"08576e774ac196133407f48bb75449c37258f5a7","MachineName":"1C3-TEC-GJWGARY","Log4NetLevel":"INFO ","HttpRequestId":"09f03aa7-9274-4645-882d-9d1fe0d85478","HttpRequestNumber":1,"HttpSessionId":"0"}
{"@t":"2023-03-27T06:03:28.2674237Z","@mt":"Creating the content store, localContentDbExists? {LocalContentDbExists}","LocalContentDbExists":true,"SourceContext":"Umbraco.Cms.Infrastructure.PublishedCache.PublishedSnapshotService","RequestId":"0HMPEH3TU3ES1:00000001","RequestPath":"/","ConnectionId":"0HMPEH3TU3ES1","ProcessId":22424,"ProcessName":"Clean.Site","ThreadId":4,"ApplicationId":"08576e774ac196133407f48bb75449c37258f5a7","MachineName":"1C3-TEC-GJWGARY","Log4NetLevel":"INFO ","HttpRequestId":"09f03aa7-9274-4645-882d-9d1fe0d85478","HttpRequestNumber":1,"HttpSessionId":"0"}
{"@t":"2023-03-27T06:03:28.2693679Z","@mt":"Creating the media store, localMediaDbExists? {LocalMediaDbExists}","LocalMediaDbExists":true,"SourceContext":"Umbraco.Cms.Infrastructure.PublishedCache.PublishedSnapshotService","RequestId":"0HMPEH3TU3ES1:00000001","RequestPath":"/","ConnectionId":"0HMPEH3TU3ES1","ProcessId":22424,"ProcessName":"Clean.Site","ThreadId":4,"ApplicationId":"08576e774ac196133407f48bb75449c37258f5a7","MachineName":"1C3-TEC-GJWGARY","Log4NetLevel":"INFO ","HttpRequestId":"09f03aa7-9274-4645-882d-9d1fe0d85478","HttpRequestNumber":1,"HttpSessionId":"0"}
{"@t":"2023-03-27T06:03:28.7232311Z","@mt":"{StartMessage} [Timing {TimingId}]","StartMessage":"Loading content from local cache file","TimingId":"a570200","SourceContext":"Umbraco.Cms.Core.Logging.ProfilingLogger","RequestId":"0HMPEH3TU3ES1:00000001","RequestPath":"/","ConnectionId":"0HMPEH3TU3ES1","ProcessId":22424,"ProcessName":"Clean.Site","ThreadId":4,"ApplicationId":"08576e774ac196133407f48bb75449c37258f5a7","MachineName":"1C3-TEC-GJWGARY","Log4NetLevel":"INFO ","HttpRequestId":"09f03aa7-9274-4645-882d-9d1fe0d85478","HttpRequestNumber":1,"HttpSessionId":"0"}
{"@t":"2023-03-27T06:03:28.7429656Z","@mt":"{EndMessage} ({Duration}ms) [Timing {TimingId}]","EndMessage":"Completed.","Duration":19,"TimingId":"a570200","SourceContext":"Umbraco.Cms.Core.Logging.ProfilingLogger","RequestId":"0HMPEH3TU3ES1:00000001","RequestPath":"/","ConnectionId":"0HMPEH3TU3ES1","ProcessId":22424,"ProcessName":"Clean.Site","ThreadId":4,"ApplicationId":"08576e774ac196133407f48bb75449c37258f5a7","MachineName":"1C3-TEC-GJWGARY","Log4NetLevel":"INFO ","HttpRequestId":"09f03aa7-9274-4645-882d-9d1fe0d85478","HttpRequestNumber":1,"HttpSessionId":"0"}
{"@t":"2023-03-27T06:03:28.7507575Z","@mt":"{StartMessage} [Timing {TimingId}]","StartMessage":"Loading media from local cache file","TimingId":"38977b8","SourceContext":"Umbraco.Cms.Core.Logging.ProfilingLogger","RequestId":"0HMPEH3TU3ES1:00000001","RequestPath":"/","ConnectionId":"0HMPEH3TU3ES1","ProcessId":22424,"ProcessName":"Clean.Site","ThreadId":4,"ApplicationId":"08576e774ac196133407f48bb75449c37258f5a7","MachineName":"1C3-TEC-GJWGARY","Log4NetLevel":"INFO ","HttpRequestId":"09f03aa7-9274-4645-882d-9d1fe0d85478","HttpRequestNumber":1,"HttpSessionId":"0"}
{"@t":"2023-03-27T06:03:28.7530642Z","@mt":"{EndMessage} ({Duration}ms) [Timing {TimingId}]","EndMessage":"Completed.","Duration":2,"TimingId":"38977b8","SourceContext":"Umbraco.Cms.Core.Logging.ProfilingLogger","RequestId":"0HMPEH3TU3ES1:00000001","RequestPath":"/","ConnectionId":"0HMPEH3TU3ES1","ProcessId":22424,"ProcessName":"Clean.Site","ThreadId":4,"ApplicationId":"08576e774ac196133407f48bb75449c37258f5a7","MachineName":"1C3-TEC-GJWGARY","Log4NetLevel":"INFO ","HttpRequestId":"09f03aa7-9274-4645-882d-9d1fe0d85478","HttpRequestNumber":1,"HttpSessionId":"0"}
{"@t":"2023-03-27T06:03:49.9613877Z","@mt":"The image '{Uri}' was not modified","Uri":"https://localhost:44365/media/lbonn05a/gsmarena_003.jpg?rmode=max&width=500&rnd=%26rnd%3D20230314065323","EventId":{"Id":4},"SourceContext":"SixLabors.ImageSharp.Web.Middleware.ImageSharpMiddleware","RequestId":"0HMPEH3TU3ES1:000000E3","RequestPath":"/media/lbonn05a/gsmarena_003.jpg","ConnectionId":"0HMPEH3TU3ES1","ProcessId":22424,"ProcessName":"Clean.Site","ThreadId":7,"ApplicationId":"08576e774ac196133407f48bb75449c37258f5a7","MachineName":"1C3-TEC-GJWGARY","Log4NetLevel":"INFO "}
{"@t":"2023-03-27T06:09:08.4101379Z","@mt":"Sending image. Request uri: '{Uri}'. Cached Key: '{Key}'","Uri":"https://localhost:44365/media/lbonn05a/gsmarena_003.jpg?width=500","Key":"955770601555","EventId":{"Id":3},"SourceContext":"SixLabors.ImageSharp.Web.Middleware.ImageSharpMiddleware","RequestId":"0HMPEH3TU3ES1:000001A5","RequestPath":"/media/lbonn05a/gsmarena_003.jpg","ConnectionId":"0HMPEH3TU3ES1","ProcessId":22424,"ProcessName":"Clean.Site","ThreadId":44,"ApplicationId":"08576e774ac196133407f48bb75449c37258f5a7","MachineName":"1C3-TEC-GJWGARY","Log4NetLevel":"INFO "}
{"@t":"2023-03-27T06:09:08.4102610Z","@mt":"Sending image. Request uri: '{Uri}'. Cached Key: '{Key}'","Uri":"https://localhost:44365/media/laqpqyfc/anirudh-xu4pz7gi9jy-unsplash.jpg?width=500","Key":"260536036393","EventId":{"Id":3},"SourceContext":"SixLabors.ImageSharp.Web.Middleware.ImageSharpMiddleware","RequestId":"0HMPEH3TU3ES1:0000019B","RequestPath":"/media/laqpqyfc/anirudh-xu4pz7gi9jy-unsplash.jpg","ConnectionId":"0HMPEH3TU3ES1","ProcessId":22424,"ProcessName":"Clean.Site","ThreadId":40,"ApplicationId":"08576e774ac196133407f48bb75449c37258f5a7","MachineName":"1C3-TEC-GJWGARY","Log4NetLevel":"INFO "}
{"@t":"2023-03-27T06:09:08.6199818Z","@mt":"Sending image. Request uri: '{Uri}'. Cached Key: '{Key}'","Uri":"https://localhost:44365/media/kq5h0mih/jon-tyson-a-obuh61bkw-unsplash.jpg?width=500","Key":"c0756b5df9cd","EventId":{"Id":3},"SourceContext":"SixLabors.ImageSharp.Web.Middleware.ImageSharpMiddleware","RequestId":"0HMPEH3TU3ES1:0000019D","RequestPath":"/media/kq5h0mih/jon-tyson-a-obuh61bkw-unsplash.jpg","ConnectionId":"0HMPEH3TU3ES1","ProcessId":22424,"ProcessName":"Clean.Site","ThreadId":27,"ApplicationId":"08576e774ac196133407f48bb75449c37258f5a7","MachineName":"1C3-TEC-GJWGARY","Log4NetLevel":"INFO "}
{"@t":"2023-03-27T06:09:08.6199818Z","@mt":"Sending image. Request uri: '{Uri}'. Cached Key: '{Key}'","Uri":"https://localhost:44365/media/oinhmdz0/i2.jpg?width=500","Key":"20824d4eb61b","EventId":{"Id":3},"SourceContext":"SixLabors.ImageSharp.Web.Middleware.ImageSharpMiddleware","RequestId":"0HMPEH3TU3ES1:0000019F","RequestPath":"/media/oinhmdz0/i2.jpg","ConnectionId":"0HMPEH3TU3ES1","ProcessId":22424,"ProcessName":"Clean.Site","ThreadId":44,"ApplicationId":"08576e774ac196133407f48bb75449c37258f5a7","MachineName":"1C3-TEC-GJWGARY","Log4NetLevel":"INFO "}
{"@t":"2023-03-27T06:09:08.6199818Z","@mt":"Sending image. Request uri: '{Uri}'. Cached Key: '{Key}'","Uri":"https://localhost:44365/media/s4mbi3e5/timelab-1_wqczrlmms-unsplash.jpg?width=500","Key":"506ea8e8285d","EventId":{"Id":3},"SourceContext":"SixLabors.ImageSharp.Web.Middleware.ImageSharpMiddleware","RequestId":"0HMPEH3TU3ES1:000001A7","RequestPath":"/media/s4mbi3e5/timelab-1_wqczrlmms-unsplash.jpg","ConnectionId":"0HMPEH3TU3ES1","ProcessId":22424,"ProcessName":"Clean.Site","ThreadId":39,"ApplicationId":"08576e774ac196133407f48bb75449c37258f5a7","MachineName":"1C3-TEC-GJWGARY","Log4NetLevel":"INFO "}
{"@t":"2023-03-27T06:09:08.6199819Z","@mt":"Sending image. Request uri: '{Uri}'. Cached Key: '{Key}'","Uri":"https://localhost:44365/media/1zpgcdyv/marek-piwnicki-0u3zmxtk6qc-unsplash.jpg?width=500","Key":"81d92b62300a","EventId":{"Id":3},"SourceContext":"SixLabors.ImageSharp.Web.Middleware.ImageSharpMiddleware","RequestId":"0HMPEH3TU3ES1:000001A9","RequestPath":"/media/1zpgcdyv/marek-piwnicki-0u3zmxtk6qc-unsplash.jpg","ConnectionId":"0HMPEH3TU3ES1","ProcessId":22424,"ProcessName":"Clean.Site","ThreadId":31,"ApplicationId":"08576e774ac196133407f48bb75449c37258f5a7","MachineName":"1C3-TEC-GJWGARY","Log4NetLevel":"INFO "}
{"@t":"2023-03-27T06:09:08.6255781Z","@mt":"Sending image. Request uri: '{Uri}'. Cached Key: '{Key}'","Uri":"https://localhost:44365/media/ujsfqjga/oskar-kadaksoo-tu2qdnfah3m-unsplash.jpg?width=500","Key":"981ffed8522f","EventId":{"Id":3},"SourceContext":"SixLabors.ImageSharp.Web.Middleware.ImageSharpMiddleware","RequestId":"0HMPEH3TU3ES1:00000199","RequestPath":"/media/ujsfqjga/oskar-kadaksoo-tu2qdnfah3m-unsplash.jpg","ConnectionId":"0HMPEH3TU3ES1","ProcessId":22424,"ProcessName":"Clean.Site","ThreadId":45,"ApplicationId":"08576e774ac196133407f48bb75449c37258f5a7","MachineName":"1C3-TEC-GJWGARY","Log4NetLevel":"INFO "}
{"@t":"2023-03-27T06:09:08.6256436Z","@mt":"Sending image. Request uri: '{Uri}'. Cached Key: '{Key}'","Uri":"https://localhost:44365/media/nnaftewe/i3.jpg?width=500","Key":"52411485c5b0","EventId":{"Id":3},"SourceContext":"SixLabors.ImageSharp.Web.Middleware.ImageSharpMiddleware","RequestId":"0HMPEH3TU3ES1:000001A3","RequestPath":"/media/nnaftewe/i3.jpg","ConnectionId":"0HMPEH3TU3ES1","ProcessId":22424,"ProcessName":"Clean.Site","ThreadId":40,"ApplicationId":"08576e774ac196133407f48bb75449c37258f5a7","MachineName":"1C3-TEC-GJWGARY","Log4NetLevel":"INFO "}
{"@t":"2023-03-27T06:09:08.6339629Z","@mt":"Sending image. Request uri: '{Uri}'. Cached Key: '{Key}'","Uri":"https://localhost:44365/media/p3apmykp/i1.jpg?width=500","Key":"9db4463058ba","EventId":{"Id":3},"SourceContext":"SixLabors.ImageSharp.Web.Middleware.ImageSharpMiddleware","RequestId":"0HMPEH3TU3ES1:000001A1","RequestPath":"/media/p3apmykp/i1.jpg","ConnectionId":"0HMPEH3TU3ES1","ProcessId":22424,"ProcessName":"Clean.Site","ThreadId":38,"ApplicationId":"08576e774ac196133407f48bb75449c37258f5a7","MachineName":"1C3-TEC-GJWGARY","Log4NetLevel":"INFO "}
{"@t":"2023-03-27T06:13:51.3716073Z","@mt":"Sending image. Request uri: '{Uri}'. Cached Key: '{Key}'","Uri":"https://localhost:44365/media/lbonn05a/gsmarena_003.jpg?width=490&height=383&rnd=133232792039122727","Key":"eb9b923d6171","EventId":{"Id":3},"SourceContext":"SixLabors.ImageSharp.Web.Middleware.ImageSharpMiddleware","RequestId":"0HMPEH3TU3ES1:0000021D","RequestPath":"/media/lbonn05a/gsmarena_003.jpg","ConnectionId":"0HMPEH3TU3ES1","ProcessId":22424,"ProcessName":"Clean.Site","ThreadId":20,"ApplicationId":"08576e774ac196133407f48bb75449c37258f5a7","MachineName":"1C3-TEC-GJWGARY","Log4NetLevel":"INFO "}
{"@t":"2023-03-27T06:13:51.3716073Z","@mt":"Sending image. Request uri: '{Uri}'. Cached Key: '{Key}'","Uri":"https://localhost:44365/media/laqpqyfc/anirudh-xu4pz7gi9jy-unsplash.jpg?width=490&height=383&rnd=133215364035313029","Key":"1b64fe26add0","EventId":{"Id":3},"SourceContext":"SixLabors.ImageSharp.Web.Middleware.ImageSharpMiddleware","RequestId":"0HMPEH3TU3ES1:0000021B","RequestPath":"/media/laqpqyfc/anirudh-xu4pz7gi9jy-unsplash.jpg","ConnectionId":"0HMPEH3TU3ES1","ProcessId":22424,"ProcessName":"Clean.Site","ThreadId":29,"ApplicationId":"08576e774ac196133407f48bb75449c37258f5a7","MachineName":"1C3-TEC-GJWGARY","Log4NetLevel":"INFO "}
{"@t":"2023-03-27T06:21:12.5010972Z","@mt":"The image '{Uri}' was not modified","Uri":"https://localhost:44365/media/laqpqyfc/anirudh-xu4pz7gi9jy-unsplash.jpg?rmode=max&width=500&rnd=%26rnd%3D20230222024643","EventId":{"Id":4},"SourceContext":"SixLabors.ImageSharp.Web.Middleware.ImageSharpMiddleware","RequestId":"0HMPEH3TU3ES5:00000115","RequestPath":"/media/laqpqyfc/anirudh-xu4pz7gi9jy-unsplash.jpg","ConnectionId":"0HMPEH3TU3ES5","ProcessId":22424,"ProcessName":"Clean.Site","ThreadId":59,"ApplicationId":"08576e774ac196133407f48bb75449c37258f5a7","MachineName":"1C3-TEC-GJWGARY","Log4NetLevel":"INFO "}
{"@t":"2023-03-27T06:52:53.6331596Z","@mt":"Stopping ({SignalSource})","SignalSource":"environment","SourceContext":"Umbraco.Cms.Core.Runtime.MainDom","ProcessId":22424,"ProcessName":"Clean.Site","ThreadId":79,"ApplicationId":"08576e774ac196133407f48bb75449c37258f5a7","MachineName":"1C3-TEC-GJWGARY","Log4NetLevel":"INFO "}
{"@t":"2023-03-27T06:52:53.6428032Z","@mt":"Released from MainDom","SourceContext":"Umbraco.Cms.Infrastructure.PublishedCache.PublishedSnapshotService","ProcessId":22424,"ProcessName":"Clean.Site","ThreadId":79,"ApplicationId":"08576e774ac196133407f48bb75449c37258f5a7","MachineName":"1C3-TEC-GJWGARY","Log4NetLevel":"INFO "}
{"@t":"2023-03-27T06:52:53.6431130Z","@mt":"Released ({SignalSource})","SignalSource":"environment","SourceContext":"Umbraco.Cms.Core.Runtime.MainDom","ProcessId":22424,"ProcessName":"Clean.Site","ThreadId":79,"ApplicationId":"08576e774ac196133407f48bb75449c37258f5a7","MachineName":"1C3-TEC-GJWGARY","Log4NetLevel":"INFO "}
{"@t":"2023-03-27T06:52:53.6433615Z","@mt":"Application is shutting down...","SourceContext":"Microsoft.Hosting.Lifetime","ProcessId":22424,"ProcessName":"Clean.Site","ThreadId":79,"ApplicationId":"08576e774ac196133407f48bb75449c37258f5a7","MachineName":"1C3-TEC-GJWGARY","Log4NetLevel":"INFO "}
{"@t":"2023-03-27T06:52:53.6609994Z","@mt":"Queued Hosted Service is stopping.","SourceContext":"Umbraco.Cms.Infrastructure.HostedServices.QueuedHostedService","ProcessId":22424,"ProcessName":"Clean.Site","ThreadId":88,"ApplicationId":"08576e774ac196133407f48bb75449c37258f5a7","MachineName":"1C3-TEC-GJWGARY","Log4NetLevel":"INFO "}
{"@t":"2023-03-27T06:54:52.3155449Z","@mt":"Acquiring MainDom.","SourceContext":"Umbraco.Cms.Core.Runtime.MainDom","ProcessId":24328,"ProcessName":"Clean.Site","ThreadId":1,"ApplicationId":"08576e774ac196133407f48bb75449c37258f5a7","MachineName":"1C3-TEC-GJWGARY","Log4NetLevel":"INFO "}
{"@t":"2023-03-27T06:54:52.3213647Z","@mt":"Acquired MainDom.","SourceContext":"Umbraco.Cms.Core.Runtime.MainDom","ProcessId":24328,"ProcessName":"Clean.Site","ThreadId":1,"ApplicationId":"08576e774ac196133407f48bb75449c37258f5a7","MachineName":"1C3-TEC-GJWGARY","Log4NetLevel":"INFO "}
{"@t":"2023-03-27T06:54:52.9885359Z","@mt":"Now listening on: {address}","address":"https://localhost:44365","EventId":{"Id":14,"Name":"ListeningOnAddress"},"SourceContext":"Microsoft.Hosting.Lifetime","ProcessId":24328,"ProcessName":"Clean.Site","ThreadId":1,"ApplicationId":"08576e774ac196133407f48bb75449c37258f5a7","MachineName":"1C3-TEC-GJWGARY","Log4NetLevel":"INFO "}
{"@t":"2023-03-27T06:54:52.9888591Z","@mt":"Now listening on: {address}","address":"http://localhost:43116","EventId":{"Id":14,"Name":"ListeningOnAddress"},"SourceContext":"Microsoft.Hosting.Lifetime","ProcessId":24328,"ProcessName":"Clean.Site","ThreadId":1,"ApplicationId":"08576e774ac196133407f48bb75449c37258f5a7","MachineName":"1C3-TEC-GJWGARY","Log4NetLevel":"INFO "}
{"@t":"2023-03-27T06:54:52.9965762Z","@mt":"uSync: Startup Complete {elapsed}ms","elapsed":1,"SourceContext":"uSync.BackOffice.Notifications.uSyncApplicationStartingHandler","ProcessId":24328,"ProcessName":"Clean.Site","ThreadId":1,"ApplicationId":"08576e774ac196133407f48bb75449c37258f5a7","MachineName":"1C3-TEC-GJWGARY","Log4NetLevel":"INFO "}
{"@t":"2023-03-27T06:54:52.9969562Z","@mt":"Application started. Press Ctrl+C to shut down.","SourceContext":"Microsoft.Hosting.Lifetime","ProcessId":24328,"ProcessName":"Clean.Site","ThreadId":1,"ApplicationId":"08576e774ac196133407f48bb75449c37258f5a7","MachineName":"1C3-TEC-GJWGARY","Log4NetLevel":"INFO "}
{"@t":"2023-03-27T06:54:52.9969754Z","@mt":"Hosting environment: {EnvName}","EnvName":"Development","SourceContext":"Microsoft.Hosting.Lifetime","ProcessId":24328,"ProcessName":"Clean.Site","ThreadId":1,"ApplicationId":"08576e774ac196133407f48bb75449c37258f5a7","MachineName":"1C3-TEC-GJWGARY","Log4NetLevel":"INFO "}
{"@t":"2023-03-27T06:54:52.9969857Z","@mt":"Content root path: {ContentRoot}","ContentRoot":"C:\\Hadi\\Umbraco\\Clean\\Clean.Site","SourceContext":"Microsoft.Hosting.Lifetime","ProcessId":24328,"ProcessName":"Clean.Site","ThreadId":1,"ApplicationId":"08576e774ac196133407f48bb75449c37258f5a7","MachineName":"1C3-TEC-GJWGARY","Log4NetLevel":"INFO "}
{"@t":"2023-03-27T06:54:53.5606704Z","@mt":"Registered with MainDom, localContentDbExists? {LocalContentDbExists}, localMediaDbExists? {LocalMediaDbExists}","LocalContentDbExists":true,"LocalMediaDbExists":true,"SourceContext":"Umbraco.Cms.Infrastructure.PublishedCache.PublishedSnapshotService","RequestId":"0HMPEI0LE5LO7:00000001","RequestPath":"/","ConnectionId":"0HMPEI0LE5LO7","ProcessId":24328,"ProcessName":"Clean.Site","ThreadId":4,"ApplicationId":"08576e774ac196133407f48bb75449c37258f5a7","MachineName":"1C3-TEC-GJWGARY","Log4NetLevel":"INFO ","HttpRequestId":"71e64a30-9211-42ce-8107-dd91c2bc4c72","HttpRequestNumber":1,"HttpSessionId":"0"}
{"@t":"2023-03-27T06:54:53.5619797Z","@mt":"Creating the content store, localContentDbExists? {LocalContentDbExists}","LocalContentDbExists":true,"SourceContext":"Umbraco.Cms.Infrastructure.PublishedCache.PublishedSnapshotService","RequestId":"0HMPEI0LE5LO7:00000001","RequestPath":"/","ConnectionId":"0HMPEI0LE5LO7","ProcessId":24328,"ProcessName":"Clean.Site","ThreadId":4,"ApplicationId":"08576e774ac196133407f48bb75449c37258f5a7","MachineName":"1C3-TEC-GJWGARY","Log4NetLevel":"INFO ","HttpRequestId":"71e64a30-9211-42ce-8107-dd91c2bc4c72","HttpRequestNumber":1,"HttpSessionId":"0"}
{"@t":"2023-03-27T06:54:53.5631423Z","@mt":"Creating the media store, localMediaDbExists? {LocalMediaDbExists}","LocalMediaDbExists":true,"SourceContext":"Umbraco.Cms.Infrastructure.PublishedCache.PublishedSnapshotService","RequestId":"0HMPEI0LE5LO7:00000001","RequestPath":"/","ConnectionId":"0HMPEI0LE5LO7","ProcessId":24328,"ProcessName":"Clean.Site","ThreadId":4,"ApplicationId":"08576e774ac196133407f48bb75449c37258f5a7","MachineName":"1C3-TEC-GJWGARY","Log4NetLevel":"INFO ","HttpRequestId":"71e64a30-9211-42ce-8107-dd91c2bc4c72","HttpRequestNumber":1,"HttpSessionId":"0"}
{"@t":"2023-03-27T06:54:53.8473428Z","@mt":"{StartMessage} [Timing {TimingId}]","StartMessage":"Loading content from local cache file","TimingId":"d761f78","SourceContext":"Umbraco.Cms.Core.Logging.ProfilingLogger","RequestId":"0HMPEI0LE5LO7:00000001","RequestPath":"/","ConnectionId":"0HMPEI0LE5LO7","ProcessId":24328,"ProcessName":"Clean.Site","ThreadId":4,"ApplicationId":"08576e774ac196133407f48bb75449c37258f5a7","MachineName":"1C3-TEC-GJWGARY","Log4NetLevel":"INFO ","HttpRequestId":"71e64a30-9211-42ce-8107-dd91c2bc4c72","HttpRequestNumber":1,"HttpSessionId":"0"}
{"@t":"2023-03-27T06:54:53.8631371Z","@mt":"{EndMessage} ({Duration}ms) [Timing {TimingId}]","EndMessage":"Completed.","Duration":15,"TimingId":"d761f78","SourceContext":"Umbraco.Cms.Core.Logging.ProfilingLogger","RequestId":"0HMPEI0LE5LO7:00000001","RequestPath":"/","ConnectionId":"0HMPEI0LE5LO7","ProcessId":24328,"ProcessName":"Clean.Site","ThreadId":4,"ApplicationId":"08576e774ac196133407f48bb75449c37258f5a7","MachineName":"1C3-TEC-GJWGARY","Log4NetLevel":"INFO ","HttpRequestId":"71e64a30-9211-42ce-8107-dd91c2bc4c72","HttpRequestNumber":1,"HttpSessionId":"0"}
{"@t":"2023-03-27T06:54:53.8679988Z","@mt":"{StartMessage} [Timing {TimingId}]","StartMessage":"Loading media from local cache file","TimingId":"17a6352","SourceContext":"Umbraco.Cms.Core.Logging.ProfilingLogger","RequestId":"0HMPEI0LE5LO7:00000001","RequestPath":"/","ConnectionId":"0HMPEI0LE5LO7","ProcessId":24328,"ProcessName":"Clean.Site","ThreadId":4,"ApplicationId":"08576e774ac196133407f48bb75449c37258f5a7","MachineName":"1C3-TEC-GJWGARY","Log4NetLevel":"INFO ","HttpRequestId":"71e64a30-9211-42ce-8107-dd91c2bc4c72","HttpRequestNumber":1,"HttpSessionId":"0"}
{"@t":"2023-03-27T06:54:53.8699986Z","@mt":"{EndMessage} ({Duration}ms) [Timing {TimingId}]","EndMessage":"Completed.","Duration":1,"TimingId":"17a6352","SourceContext":"Umbraco.Cms.Core.Logging.ProfilingLogger","RequestId":"0HMPEI0LE5LO7:00000001","RequestPath":"/","ConnectionId":"0HMPEI0LE5LO7","ProcessId":24328,"ProcessName":"Clean.Site","ThreadId":4,"ApplicationId":"08576e774ac196133407f48bb75449c37258f5a7","MachineName":"1C3-TEC-GJWGARY","Log4NetLevel":"INFO ","HttpRequestId":"71e64a30-9211-42ce-8107-dd91c2bc4c72","HttpRequestNumber":1,"HttpSessionId":"0"}
{"@t":"2023-03-27T06:55:30.8093339Z","@mt":"Sending image. Request uri: '{Uri}'. Cached Key: '{Key}'","Uri":"https://localhost:44365/media/kq5h0mih/jon-tyson-a-obuh61bkw-unsplash.jpg?rmode=max&width=500&rnd=%26rnd%3D20230327015102","Key":"32d27d2de414","EventId":{"Id":3},"SourceContext":"SixLabors.ImageSharp.Web.Middleware.ImageSharpMiddleware","RequestId":"0HMPEI0LE5LO7:00000147","RequestPath":"/media/kq5h0mih/jon-tyson-a-obuh61bkw-unsplash.jpg","ConnectionId":"0HMPEI0LE5LO7","ProcessId":24328,"ProcessName":"Clean.Site","ThreadId":20,"ApplicationId":"08576e774ac196133407f48bb75449c37258f5a7","MachineName":"1C3-TEC-GJWGARY","Log4NetLevel":"INFO "}
{"@t":"2023-03-27T07:16:14.0020918Z","@mt":"User logged will be logged out due to timeout: {Username}, IP Address: {IPAddress}","Username":"admin@example.com","IPAddress":"::1","SourceContext":"Umbraco.Cms.Web.BackOffice.Controllers.AuthenticationController","ActionId":"c328728a-25f5-49d8-a3cf-4e08b8f4db21","ActionName":"Umbraco.Cms.Web.BackOffice.Controllers.AuthenticationController.GetRemainingTimeoutSeconds (Umbraco.Web.BackOffice)","RequestId":"0HMPEI0LE5LO7:000001F1","RequestPath":"/umbraco/backoffice/umbracoapi/authentication/GetRemainingTimeoutSeconds","ConnectionId":"0HMPEI0LE5LO7","ProcessId":24328,"ProcessName":"Clean.Site","ThreadId":58,"ApplicationId":"08576e774ac196133407f48bb75449c37258f5a7","MachineName":"1C3-TEC-GJWGARY","Log4NetLevel":"INFO ","HttpRequestId":"78961ede-d349-42c0-a778-db7bbee4ed6e","HttpRequestNumber":2,"HttpSessionId":"f329bc11-9d43-3169-97f0-bdaec53c851f"}
{"@t":"2023-03-27T07:47:27.4677401Z","@mt":"Stopping ({SignalSource})","SignalSource":"environment","SourceContext":"Umbraco.Cms.Core.Runtime.MainDom","ProcessId":24328,"ProcessName":"Clean.Site","ThreadId":41,"ApplicationId":"08576e774ac196133407f48bb75449c37258f5a7","MachineName":"1C3-TEC-GJWGARY","Log4NetLevel":"INFO "}
{"@t":"2023-03-27T07:47:27.4746291Z","@mt":"Released from MainDom","SourceContext":"Umbraco.Cms.Infrastructure.PublishedCache.PublishedSnapshotService","ProcessId":24328,"ProcessName":"Clean.Site","ThreadId":41,"ApplicationId":"08576e774ac196133407f48bb75449c37258f5a7","MachineName":"1C3-TEC-GJWGARY","Log4NetLevel":"INFO "}
{"@t":"2023-03-27T07:47:27.4749837Z","@mt":"Released ({SignalSource})","SignalSource":"environment","SourceContext":"Umbraco.Cms.Core.Runtime.MainDom","ProcessId":24328,"ProcessName":"Clean.Site","ThreadId":41,"ApplicationId":"08576e774ac196133407f48bb75449c37258f5a7","MachineName":"1C3-TEC-GJWGARY","Log4NetLevel":"INFO "}
{"@t":"2023-03-27T07:47:27.4753244Z","@mt":"Application is shutting down...","SourceContext":"Microsoft.Hosting.Lifetime","ProcessId":24328,"ProcessName":"Clean.Site","ThreadId":41,"ApplicationId":"08576e774ac196133407f48bb75449c37258f5a7","MachineName":"1C3-TEC-GJWGARY","Log4NetLevel":"INFO "}
{"@t":"2023-03-27T07:47:27.4802572Z","@mt":"Queued Hosted Service is stopping.","SourceContext":"Umbraco.Cms.Infrastructure.HostedServices.QueuedHostedService","ProcessId":24328,"ProcessName":"Clean.Site","ThreadId":43,"ApplicationId":"08576e774ac196133407f48bb75449c37258f5a7","MachineName":"1C3-TEC-GJWGARY","Log4NetLevel":"INFO "}
