{"@t":"2023-02-21T08:33:20.6020931Z","@mt":"Acquiring MainDom.","SourceContext":"Umbraco.Cms.Core.Runtime.MainDom","ProcessId":5124,"ProcessName":"Clean.Site","ThreadId":1,"ApplicationId":"08576e774ac196133407f48bb75449c37258f5a7","MachineName":"1C3-TEC-GJWGARY","Log4NetLevel":"INFO "}
{"@t":"2023-02-21T08:33:20.6106918Z","@mt":"Acquired MainDom.","SourceContext":"Umbraco.Cms.Core.Runtime.MainDom","ProcessId":5124,"ProcessName":"Clean.Site","ThreadId":1,"ApplicationId":"08576e774ac196133407f48bb75449c37258f5a7","MachineName":"1C3-TEC-GJWGARY","Log4NetLevel":"INFO "}
{"@t":"2023-02-21T08:33:20.8953105Z","@mt":"No last synced Id found, this generally means this is a new server/install. A cold boot will be triggered.","@l":"Warning","SourceContext":"Umbraco.Cms.Infrastructure.Sync.SyncBootStateAccessor","ProcessId":5124,"ProcessName":"Clean.Site","ThreadId":1,"ApplicationId":"08576e774ac196133407f48bb75449c37258f5a7","MachineName":"1C3-TEC-GJWGARY","Log4NetLevel":"WARN "}
{"@t":"2023-02-21T08:33:21.3034963Z","@mt":"Now listening on: {address}","address":"https://localhost:44365","EventId":{"Id":14,"Name":"ListeningOnAddress"},"SourceContext":"Microsoft.Hosting.Lifetime","ProcessId":5124,"ProcessName":"Clean.Site","ThreadId":1,"ApplicationId":"08576e774ac196133407f48bb75449c37258f5a7","MachineName":"1C3-TEC-GJWGARY","Log4NetLevel":"INFO "}
{"@t":"2023-02-21T08:33:21.3038732Z","@mt":"Now listening on: {address}","address":"http://localhost:43116","EventId":{"Id":14,"Name":"ListeningOnAddress"},"SourceContext":"Microsoft.Hosting.Lifetime","ProcessId":5124,"ProcessName":"Clean.Site","ThreadId":1,"ApplicationId":"08576e774ac196133407f48bb75449c37258f5a7","MachineName":"1C3-TEC-GJWGARY","Log4NetLevel":"INFO "}
{"@t":"2023-02-21T08:33:21.3061522Z","@mt":"Application started. Press Ctrl+C to shut down.","SourceContext":"Microsoft.Hosting.Lifetime","ProcessId":5124,"ProcessName":"Clean.Site","ThreadId":1,"ApplicationId":"08576e774ac196133407f48bb75449c37258f5a7","MachineName":"1C3-TEC-GJWGARY","Log4NetLevel":"INFO "}
{"@t":"2023-02-21T08:33:21.3062064Z","@mt":"Hosting environment: {EnvName}","EnvName":"Development","SourceContext":"Microsoft.Hosting.Lifetime","ProcessId":5124,"ProcessName":"Clean.Site","ThreadId":1,"ApplicationId":"08576e774ac196133407f48bb75449c37258f5a7","MachineName":"1C3-TEC-GJWGARY","Log4NetLevel":"INFO "}
{"@t":"2023-02-21T08:33:21.3062189Z","@mt":"Content root path: {ContentRoot}","ContentRoot":"C:\\Hadi\\Umbraco\\Clean\\Clean.Site","SourceContext":"Microsoft.Hosting.Lifetime","ProcessId":5124,"ProcessName":"Clean.Site","ThreadId":1,"ApplicationId":"08576e774ac196133407f48bb75449c37258f5a7","MachineName":"1C3-TEC-GJWGARY","Log4NetLevel":"INFO "}
{"@t":"2023-02-21T08:33:35.9477179Z","@mt":"No umbracoApplicationUrl for service (yet), skip.","@l":"Warning","SourceContext":"Umbraco.Cms.Infrastructure.HostedServices.ServerRegistration.TouchServerTask","ProcessId":5124,"ProcessName":"Clean.Site","ThreadId":15,"ApplicationId":"08576e774ac196133407f48bb75449c37258f5a7","MachineName":"1C3-TEC-GJWGARY","Log4NetLevel":"WARN "}
{"@t":"2023-02-21T08:33:39.7528638Z","@mt":"Registered with MainDom, localContentDbExists? {LocalContentDbExists}, localMediaDbExists? {LocalMediaDbExists}","LocalContentDbExists":true,"LocalMediaDbExists":true,"SourceContext":"Umbraco.Cms.Infrastructure.PublishedCache.PublishedSnapshotService","RequestId":"0HMOJSPAGR330:00000001","RequestPath":"/","ConnectionId":"0HMOJSPAGR330","ProcessId":5124,"ProcessName":"Clean.Site","ThreadId":15,"ApplicationId":"08576e774ac196133407f48bb75449c37258f5a7","MachineName":"1C3-TEC-GJWGARY","Log4NetLevel":"INFO ","HttpRequestId":"4f51a3f0-33a9-4add-8b13-a9b4cbcd4d68","HttpRequestNumber":1,"HttpSessionId":"0"}
{"@t":"2023-02-21T08:33:39.7547168Z","@mt":"Creating the content store, localContentDbExists? {LocalContentDbExists}","LocalContentDbExists":true,"SourceContext":"Umbraco.Cms.Infrastructure.PublishedCache.PublishedSnapshotService","RequestId":"0HMOJSPAGR330:00000001","RequestPath":"/","ConnectionId":"0HMOJSPAGR330","ProcessId":5124,"ProcessName":"Clean.Site","ThreadId":15,"ApplicationId":"08576e774ac196133407f48bb75449c37258f5a7","MachineName":"1C3-TEC-GJWGARY","Log4NetLevel":"INFO ","HttpRequestId":"4f51a3f0-33a9-4add-8b13-a9b4cbcd4d68","HttpRequestNumber":1,"HttpSessionId":"0"}
{"@t":"2023-02-21T08:33:39.7571757Z","@mt":"Creating the media store, localMediaDbExists? {LocalMediaDbExists}","LocalMediaDbExists":true,"SourceContext":"Umbraco.Cms.Infrastructure.PublishedCache.PublishedSnapshotService","RequestId":"0HMOJSPAGR330:00000001","RequestPath":"/","ConnectionId":"0HMOJSPAGR330","ProcessId":5124,"ProcessName":"Clean.Site","ThreadId":15,"ApplicationId":"08576e774ac196133407f48bb75449c37258f5a7","MachineName":"1C3-TEC-GJWGARY","Log4NetLevel":"INFO ","HttpRequestId":"4f51a3f0-33a9-4add-8b13-a9b4cbcd4d68","HttpRequestNumber":1,"HttpSessionId":"0"}
{"@t":"2023-02-21T08:33:39.9457796Z","@mt":"{StartMessage} [Timing {TimingId}]","StartMessage":"Loading content from database","TimingId":"e6ae6c6","SourceContext":"Umbraco.Cms.Core.Logging.ProfilingLogger","RequestId":"0HMOJSPAGR330:00000001","RequestPath":"/","ConnectionId":"0HMOJSPAGR330","ProcessId":5124,"ProcessName":"Clean.Site","ThreadId":15,"ApplicationId":"08576e774ac196133407f48bb75449c37258f5a7","MachineName":"1C3-TEC-GJWGARY","Log4NetLevel":"INFO ","HttpRequestId":"4f51a3f0-33a9-4add-8b13-a9b4cbcd4d68","HttpRequestNumber":1,"HttpSessionId":"0"}
{"@t":"2023-02-21T08:33:40.0348658Z","@mt":"{EndMessage} ({Duration}ms) [Timing {TimingId}]","EndMessage":"Completed.","Duration":89,"TimingId":"e6ae6c6","SourceContext":"Umbraco.Cms.Core.Logging.ProfilingLogger","RequestId":"0HMOJSPAGR330:00000001","RequestPath":"/","ConnectionId":"0HMOJSPAGR330","ProcessId":5124,"ProcessName":"Clean.Site","ThreadId":15,"ApplicationId":"08576e774ac196133407f48bb75449c37258f5a7","MachineName":"1C3-TEC-GJWGARY","Log4NetLevel":"INFO ","HttpRequestId":"4f51a3f0-33a9-4add-8b13-a9b4cbcd4d68","HttpRequestNumber":1,"HttpSessionId":"0"}
{"@t":"2023-02-21T08:33:40.1455745Z","@mt":"{StartMessage} [Timing {TimingId}]","StartMessage":"Loading media from database","TimingId":"75069a6","SourceContext":"Umbraco.Cms.Core.Logging.ProfilingLogger","RequestId":"0HMOJSPAGR330:00000001","RequestPath":"/","ConnectionId":"0HMOJSPAGR330","ProcessId":5124,"ProcessName":"Clean.Site","ThreadId":15,"ApplicationId":"08576e774ac196133407f48bb75449c37258f5a7","MachineName":"1C3-TEC-GJWGARY","Log4NetLevel":"INFO ","HttpRequestId":"4f51a3f0-33a9-4add-8b13-a9b4cbcd4d68","HttpRequestNumber":1,"HttpSessionId":"0"}
{"@t":"2023-02-21T08:33:40.1607345Z","@mt":"{EndMessage} ({Duration}ms) [Timing {TimingId}]","EndMessage":"Completed.","Duration":15,"TimingId":"75069a6","SourceContext":"Umbraco.Cms.Core.Logging.ProfilingLogger","RequestId":"0HMOJSPAGR330:00000001","RequestPath":"/","ConnectionId":"0HMOJSPAGR330","ProcessId":5124,"ProcessName":"Clean.Site","ThreadId":15,"ApplicationId":"08576e774ac196133407f48bb75449c37258f5a7","MachineName":"1C3-TEC-GJWGARY","Log4NetLevel":"INFO ","HttpRequestId":"4f51a3f0-33a9-4add-8b13-a9b4cbcd4d68","HttpRequestNumber":1,"HttpSessionId":"0"}
{"@t":"2023-02-21T08:38:30.0893026Z","@mt":"Stopping ({SignalSource})","SignalSource":"environment","SourceContext":"Umbraco.Cms.Core.Runtime.MainDom","ProcessId":5124,"ProcessName":"Clean.Site","ThreadId":32,"ApplicationId":"08576e774ac196133407f48bb75449c37258f5a7","MachineName":"1C3-TEC-GJWGARY","Log4NetLevel":"INFO "}
{"@t":"2023-02-21T08:38:30.1109509Z","@mt":"Released from MainDom","SourceContext":"Umbraco.Cms.Infrastructure.PublishedCache.PublishedSnapshotService","ProcessId":5124,"ProcessName":"Clean.Site","ThreadId":32,"ApplicationId":"08576e774ac196133407f48bb75449c37258f5a7","MachineName":"1C3-TEC-GJWGARY","Log4NetLevel":"INFO "}
{"@t":"2023-02-21T08:38:30.1119613Z","@mt":"Released ({SignalSource})","SignalSource":"environment","SourceContext":"Umbraco.Cms.Core.Runtime.MainDom","ProcessId":5124,"ProcessName":"Clean.Site","ThreadId":32,"ApplicationId":"08576e774ac196133407f48bb75449c37258f5a7","MachineName":"1C3-TEC-GJWGARY","Log4NetLevel":"INFO "}
{"@t":"2023-02-21T08:38:30.1136936Z","@mt":"Application is shutting down...","SourceContext":"Microsoft.Hosting.Lifetime","ProcessId":5124,"ProcessName":"Clean.Site","ThreadId":32,"ApplicationId":"08576e774ac196133407f48bb75449c37258f5a7","MachineName":"1C3-TEC-GJWGARY","Log4NetLevel":"INFO "}
{"@t":"2023-02-21T08:38:30.1252672Z","@mt":"Queued Hosted Service is stopping.","SourceContext":"Umbraco.Cms.Infrastructure.HostedServices.QueuedHostedService","ProcessId":5124,"ProcessName":"Clean.Site","ThreadId":23,"ApplicationId":"08576e774ac196133407f48bb75449c37258f5a7","MachineName":"1C3-TEC-GJWGARY","Log4NetLevel":"INFO "}
{"@t":"2023-02-21T08:38:46.7189433Z","@mt":"Acquiring MainDom.","SourceContext":"Umbraco.Cms.Core.Runtime.MainDom","ProcessId":24644,"ProcessName":"Clean.Site","ThreadId":1,"ApplicationId":"08576e774ac196133407f48bb75449c37258f5a7","MachineName":"1C3-TEC-GJWGARY","Log4NetLevel":"INFO "}
{"@t":"2023-02-21T08:38:46.7249270Z","@mt":"Acquired MainDom.","SourceContext":"Umbraco.Cms.Core.Runtime.MainDom","ProcessId":24644,"ProcessName":"Clean.Site","ThreadId":1,"ApplicationId":"08576e774ac196133407f48bb75449c37258f5a7","MachineName":"1C3-TEC-GJWGARY","Log4NetLevel":"INFO "}
{"@t":"2023-02-21T08:38:47.4139381Z","@mt":"Now listening on: {address}","address":"https://localhost:44365","EventId":{"Id":14,"Name":"ListeningOnAddress"},"SourceContext":"Microsoft.Hosting.Lifetime","ProcessId":24644,"ProcessName":"Clean.Site","ThreadId":1,"ApplicationId":"08576e774ac196133407f48bb75449c37258f5a7","MachineName":"1C3-TEC-GJWGARY","Log4NetLevel":"INFO "}
{"@t":"2023-02-21T08:38:47.4144807Z","@mt":"Now listening on: {address}","address":"http://localhost:43116","EventId":{"Id":14,"Name":"ListeningOnAddress"},"SourceContext":"Microsoft.Hosting.Lifetime","ProcessId":24644,"ProcessName":"Clean.Site","ThreadId":1,"ApplicationId":"08576e774ac196133407f48bb75449c37258f5a7","MachineName":"1C3-TEC-GJWGARY","Log4NetLevel":"INFO "}
{"@t":"2023-02-21T08:38:47.4168947Z","@mt":"Application started. Press Ctrl+C to shut down.","SourceContext":"Microsoft.Hosting.Lifetime","ProcessId":24644,"ProcessName":"Clean.Site","ThreadId":1,"ApplicationId":"08576e774ac196133407f48bb75449c37258f5a7","MachineName":"1C3-TEC-GJWGARY","Log4NetLevel":"INFO "}
{"@t":"2023-02-21T08:38:47.4169578Z","@mt":"Hosting environment: {EnvName}","EnvName":"Development","SourceContext":"Microsoft.Hosting.Lifetime","ProcessId":24644,"ProcessName":"Clean.Site","ThreadId":1,"ApplicationId":"08576e774ac196133407f48bb75449c37258f5a7","MachineName":"1C3-TEC-GJWGARY","Log4NetLevel":"INFO "}
{"@t":"2023-02-21T08:38:47.4169779Z","@mt":"Content root path: {ContentRoot}","ContentRoot":"C:\\Hadi\\Umbraco\\Clean\\Clean.Site","SourceContext":"Microsoft.Hosting.Lifetime","ProcessId":24644,"ProcessName":"Clean.Site","ThreadId":1,"ApplicationId":"08576e774ac196133407f48bb75449c37258f5a7","MachineName":"1C3-TEC-GJWGARY","Log4NetLevel":"INFO "}
{"@t":"2023-02-21T08:38:48.2075563Z","@mt":"Registered with MainDom, localContentDbExists? {LocalContentDbExists}, localMediaDbExists? {LocalMediaDbExists}","LocalContentDbExists":true,"LocalMediaDbExists":true,"SourceContext":"Umbraco.Cms.Infrastructure.PublishedCache.PublishedSnapshotService","RequestId":"0HMOJSS6DR3IT:00000001","RequestPath":"/","ConnectionId":"0HMOJSS6DR3IT","ProcessId":24644,"ProcessName":"Clean.Site","ThreadId":12,"ApplicationId":"08576e774ac196133407f48bb75449c37258f5a7","MachineName":"1C3-TEC-GJWGARY","Log4NetLevel":"INFO ","HttpRequestId":"d221b3e1-90c8-48ab-ae81-6b6f28c32e65","HttpRequestNumber":1,"HttpSessionId":"0"}
{"@t":"2023-02-21T08:38:48.2091413Z","@mt":"Creating the content store, localContentDbExists? {LocalContentDbExists}","LocalContentDbExists":true,"SourceContext":"Umbraco.Cms.Infrastructure.PublishedCache.PublishedSnapshotService","RequestId":"0HMOJSS6DR3IT:00000001","RequestPath":"/","ConnectionId":"0HMOJSS6DR3IT","ProcessId":24644,"ProcessName":"Clean.Site","ThreadId":12,"ApplicationId":"08576e774ac196133407f48bb75449c37258f5a7","MachineName":"1C3-TEC-GJWGARY","Log4NetLevel":"INFO ","HttpRequestId":"d221b3e1-90c8-48ab-ae81-6b6f28c32e65","HttpRequestNumber":1,"HttpSessionId":"0"}
{"@t":"2023-02-21T08:38:48.2104947Z","@mt":"Creating the media store, localMediaDbExists? {LocalMediaDbExists}","LocalMediaDbExists":true,"SourceContext":"Umbraco.Cms.Infrastructure.PublishedCache.PublishedSnapshotService","RequestId":"0HMOJSS6DR3IT:00000001","RequestPath":"/","ConnectionId":"0HMOJSS6DR3IT","ProcessId":24644,"ProcessName":"Clean.Site","ThreadId":12,"ApplicationId":"08576e774ac196133407f48bb75449c37258f5a7","MachineName":"1C3-TEC-GJWGARY","Log4NetLevel":"INFO ","HttpRequestId":"d221b3e1-90c8-48ab-ae81-6b6f28c32e65","HttpRequestNumber":1,"HttpSessionId":"0"}
{"@t":"2023-02-21T08:38:48.3878967Z","@mt":"{StartMessage} [Timing {TimingId}]","StartMessage":"Loading content from local cache file","TimingId":"a43bd01","SourceContext":"Umbraco.Cms.Core.Logging.ProfilingLogger","RequestId":"0HMOJSS6DR3IT:00000001","RequestPath":"/","ConnectionId":"0HMOJSS6DR3IT","ProcessId":24644,"ProcessName":"Clean.Site","ThreadId":12,"ApplicationId":"08576e774ac196133407f48bb75449c37258f5a7","MachineName":"1C3-TEC-GJWGARY","Log4NetLevel":"INFO ","HttpRequestId":"d221b3e1-90c8-48ab-ae81-6b6f28c32e65","HttpRequestNumber":1,"HttpSessionId":"0"}
{"@t":"2023-02-21T08:38:48.3960514Z","@mt":"Tried to load {entityType} from the local cache file but it was empty.","entityType":"content","SourceContext":"Umbraco.Cms.Infrastructure.PublishedCache.PublishedSnapshotService","RequestId":"0HMOJSS6DR3IT:00000001","RequestPath":"/","ConnectionId":"0HMOJSS6DR3IT","ProcessId":24644,"ProcessName":"Clean.Site","ThreadId":12,"ApplicationId":"08576e774ac196133407f48bb75449c37258f5a7","MachineName":"1C3-TEC-GJWGARY","Log4NetLevel":"INFO ","HttpRequestId":"d221b3e1-90c8-48ab-ae81-6b6f28c32e65","HttpRequestNumber":1,"HttpSessionId":"0"}
{"@t":"2023-02-21T08:38:48.3967820Z","@mt":"{EndMessage} ({Duration}ms) [Timing {TimingId}]","EndMessage":"Completed.","Duration":9,"TimingId":"a43bd01","SourceContext":"Umbraco.Cms.Core.Logging.ProfilingLogger","RequestId":"0HMOJSS6DR3IT:00000001","RequestPath":"/","ConnectionId":"0HMOJSS6DR3IT","ProcessId":24644,"ProcessName":"Clean.Site","ThreadId":12,"ApplicationId":"08576e774ac196133407f48bb75449c37258f5a7","MachineName":"1C3-TEC-GJWGARY","Log4NetLevel":"INFO ","HttpRequestId":"d221b3e1-90c8-48ab-ae81-6b6f28c32e65","HttpRequestNumber":1,"HttpSessionId":"0"}
{"@t":"2023-02-21T08:38:48.4014695Z","@mt":"Loading content from local db raised warnings, will reload from database.","@l":"Warning","SourceContext":"Umbraco.Cms.Infrastructure.PublishedCache.PublishedSnapshotService","RequestId":"0HMOJSS6DR3IT:00000001","RequestPath":"/","ConnectionId":"0HMOJSS6DR3IT","ProcessId":24644,"ProcessName":"Clean.Site","ThreadId":12,"ApplicationId":"08576e774ac196133407f48bb75449c37258f5a7","MachineName":"1C3-TEC-GJWGARY","Log4NetLevel":"WARN ","HttpRequestId":"d221b3e1-90c8-48ab-ae81-6b6f28c32e65","HttpRequestNumber":1,"HttpSessionId":"0"}
{"@t":"2023-02-21T08:38:48.5227600Z","@mt":"{StartMessage} [Timing {TimingId}]","StartMessage":"Loading media from local cache file","TimingId":"f94a12b","SourceContext":"Umbraco.Cms.Core.Logging.ProfilingLogger","RequestId":"0HMOJSS6DR3IT:00000001","RequestPath":"/","ConnectionId":"0HMOJSS6DR3IT","ProcessId":24644,"ProcessName":"Clean.Site","ThreadId":12,"ApplicationId":"08576e774ac196133407f48bb75449c37258f5a7","MachineName":"1C3-TEC-GJWGARY","Log4NetLevel":"INFO ","HttpRequestId":"d221b3e1-90c8-48ab-ae81-6b6f28c32e65","HttpRequestNumber":1,"HttpSessionId":"0"}
{"@t":"2023-02-21T08:38:48.5231577Z","@mt":"Tried to load {entityType} from the local cache file but it was empty.","entityType":"media","SourceContext":"Umbraco.Cms.Infrastructure.PublishedCache.PublishedSnapshotService","RequestId":"0HMOJSS6DR3IT:00000001","RequestPath":"/","ConnectionId":"0HMOJSS6DR3IT","ProcessId":24644,"ProcessName":"Clean.Site","ThreadId":12,"ApplicationId":"08576e774ac196133407f48bb75449c37258f5a7","MachineName":"1C3-TEC-GJWGARY","Log4NetLevel":"INFO ","HttpRequestId":"d221b3e1-90c8-48ab-ae81-6b6f28c32e65","HttpRequestNumber":1,"HttpSessionId":"0"}
{"@t":"2023-02-21T08:38:48.5232225Z","@mt":"{EndMessage} ({Duration}ms) [Timing {TimingId}]","EndMessage":"Completed.","Duration":0,"TimingId":"f94a12b","SourceContext":"Umbraco.Cms.Core.Logging.ProfilingLogger","RequestId":"0HMOJSS6DR3IT:00000001","RequestPath":"/","ConnectionId":"0HMOJSS6DR3IT","ProcessId":24644,"ProcessName":"Clean.Site","ThreadId":12,"ApplicationId":"08576e774ac196133407f48bb75449c37258f5a7","MachineName":"1C3-TEC-GJWGARY","Log4NetLevel":"INFO ","HttpRequestId":"d221b3e1-90c8-48ab-ae81-6b6f28c32e65","HttpRequestNumber":1,"HttpSessionId":"0"}
{"@t":"2023-02-21T08:38:48.5235147Z","@mt":"Loading media from local db raised warnings, will reload from database.","@l":"Warning","SourceContext":"Umbraco.Cms.Infrastructure.PublishedCache.PublishedSnapshotService","RequestId":"0HMOJSS6DR3IT:00000001","RequestPath":"/","ConnectionId":"0HMOJSS6DR3IT","ProcessId":24644,"ProcessName":"Clean.Site","ThreadId":12,"ApplicationId":"08576e774ac196133407f48bb75449c37258f5a7","MachineName":"1C3-TEC-GJWGARY","Log4NetLevel":"WARN ","HttpRequestId":"d221b3e1-90c8-48ab-ae81-6b6f28c32e65","HttpRequestNumber":1,"HttpSessionId":"0"}
{"@t":"2023-02-21T08:38:48.5244447Z","@mt":"{StartMessage} [Timing {TimingId}]","StartMessage":"Loading content from database","TimingId":"d4801b1","SourceContext":"Umbraco.Cms.Core.Logging.ProfilingLogger","RequestId":"0HMOJSS6DR3IT:00000001","RequestPath":"/","ConnectionId":"0HMOJSS6DR3IT","ProcessId":24644,"ProcessName":"Clean.Site","ThreadId":12,"ApplicationId":"08576e774ac196133407f48bb75449c37258f5a7","MachineName":"1C3-TEC-GJWGARY","Log4NetLevel":"INFO ","HttpRequestId":"d221b3e1-90c8-48ab-ae81-6b6f28c32e65","HttpRequestNumber":1,"HttpSessionId":"0"}
{"@t":"2023-02-21T08:38:48.6137173Z","@mt":"{EndMessage} ({Duration}ms) [Timing {TimingId}]","EndMessage":"Completed.","Duration":89,"TimingId":"d4801b1","SourceContext":"Umbraco.Cms.Core.Logging.ProfilingLogger","RequestId":"0HMOJSS6DR3IT:00000001","RequestPath":"/","ConnectionId":"0HMOJSS6DR3IT","ProcessId":24644,"ProcessName":"Clean.Site","ThreadId":12,"ApplicationId":"08576e774ac196133407f48bb75449c37258f5a7","MachineName":"1C3-TEC-GJWGARY","Log4NetLevel":"INFO ","HttpRequestId":"d221b3e1-90c8-48ab-ae81-6b6f28c32e65","HttpRequestNumber":1,"HttpSessionId":"0"}
{"@t":"2023-02-21T08:38:48.6187186Z","@mt":"{StartMessage} [Timing {TimingId}]","StartMessage":"Loading media from database","TimingId":"01a1774","SourceContext":"Umbraco.Cms.Core.Logging.ProfilingLogger","RequestId":"0HMOJSS6DR3IT:00000001","RequestPath":"/","ConnectionId":"0HMOJSS6DR3IT","ProcessId":24644,"ProcessName":"Clean.Site","ThreadId":12,"ApplicationId":"08576e774ac196133407f48bb75449c37258f5a7","MachineName":"1C3-TEC-GJWGARY","Log4NetLevel":"INFO ","HttpRequestId":"d221b3e1-90c8-48ab-ae81-6b6f28c32e65","HttpRequestNumber":1,"HttpSessionId":"0"}
{"@t":"2023-02-21T08:38:48.6294976Z","@mt":"{EndMessage} ({Duration}ms) [Timing {TimingId}]","EndMessage":"Completed.","Duration":10,"TimingId":"01a1774","SourceContext":"Umbraco.Cms.Core.Logging.ProfilingLogger","RequestId":"0HMOJSS6DR3IT:00000001","RequestPath":"/","ConnectionId":"0HMOJSS6DR3IT","ProcessId":24644,"ProcessName":"Clean.Site","ThreadId":12,"ApplicationId":"08576e774ac196133407f48bb75449c37258f5a7","MachineName":"1C3-TEC-GJWGARY","Log4NetLevel":"INFO ","HttpRequestId":"d221b3e1-90c8-48ab-ae81-6b6f28c32e65","HttpRequestNumber":1,"HttpSessionId":"0"}
{"@t":"2023-02-21T08:41:10.3429866Z","@mt":"Acquiring MainDom.","SourceContext":"Umbraco.Cms.Core.Runtime.MainDom","ProcessId":21540,"ProcessName":"Clean.Site","ThreadId":1,"ApplicationId":"08576e774ac196133407f48bb75449c37258f5a7","MachineName":"1C3-TEC-GJWGARY","Log4NetLevel":"INFO "}
{"@t":"2023-02-21T08:41:10.3510440Z","@mt":"Acquired MainDom.","SourceContext":"Umbraco.Cms.Core.Runtime.MainDom","ProcessId":21540,"ProcessName":"Clean.Site","ThreadId":1,"ApplicationId":"08576e774ac196133407f48bb75449c37258f5a7","MachineName":"1C3-TEC-GJWGARY","Log4NetLevel":"INFO "}
{"@t":"2023-02-21T08:41:10.9985896Z","@mt":"Now listening on: {address}","address":"https://localhost:44365","EventId":{"Id":14,"Name":"ListeningOnAddress"},"SourceContext":"Microsoft.Hosting.Lifetime","ProcessId":21540,"ProcessName":"Clean.Site","ThreadId":1,"ApplicationId":"08576e774ac196133407f48bb75449c37258f5a7","MachineName":"1C3-TEC-GJWGARY","Log4NetLevel":"INFO "}
{"@t":"2023-02-21T08:41:10.9989809Z","@mt":"Now listening on: {address}","address":"http://localhost:43116","EventId":{"Id":14,"Name":"ListeningOnAddress"},"SourceContext":"Microsoft.Hosting.Lifetime","ProcessId":21540,"ProcessName":"Clean.Site","ThreadId":1,"ApplicationId":"08576e774ac196133407f48bb75449c37258f5a7","MachineName":"1C3-TEC-GJWGARY","Log4NetLevel":"INFO "}
{"@t":"2023-02-21T08:41:11.0018441Z","@mt":"Application started. Press Ctrl+C to shut down.","SourceContext":"Microsoft.Hosting.Lifetime","ProcessId":21540,"ProcessName":"Clean.Site","ThreadId":1,"ApplicationId":"08576e774ac196133407f48bb75449c37258f5a7","MachineName":"1C3-TEC-GJWGARY","Log4NetLevel":"INFO "}
{"@t":"2023-02-21T08:41:11.0019711Z","@mt":"Hosting environment: {EnvName}","EnvName":"Development","SourceContext":"Microsoft.Hosting.Lifetime","ProcessId":21540,"ProcessName":"Clean.Site","ThreadId":1,"ApplicationId":"08576e774ac196133407f48bb75449c37258f5a7","MachineName":"1C3-TEC-GJWGARY","Log4NetLevel":"INFO "}
{"@t":"2023-02-21T08:41:11.0019936Z","@mt":"Content root path: {ContentRoot}","ContentRoot":"C:\\Hadi\\Umbraco\\Clean\\Clean.Site","SourceContext":"Microsoft.Hosting.Lifetime","ProcessId":21540,"ProcessName":"Clean.Site","ThreadId":1,"ApplicationId":"08576e774ac196133407f48bb75449c37258f5a7","MachineName":"1C3-TEC-GJWGARY","Log4NetLevel":"INFO "}
{"@t":"2023-02-21T08:45:03.1677507Z","@mt":"Registered with MainDom, localContentDbExists? {LocalContentDbExists}, localMediaDbExists? {LocalMediaDbExists}","LocalContentDbExists":true,"LocalMediaDbExists":true,"SourceContext":"Umbraco.Cms.Infrastructure.PublishedCache.PublishedSnapshotService","ActionId":"a1e40484-0f88-4fa5-819a-b58c9701c836","ActionName":"Umbraco.Cms.Web.BackOffice.Controllers.EntityController.GetSafeAlias (Umbraco.Web.BackOffice)","RequestId":"0HMOJSTH4BSQB:000000CD","RequestPath":"/umbraco/backoffice/umbracoapi/entity/GetSafeAlias","ConnectionId":"0HMOJSTH4BSQB","ProcessId":21540,"ProcessName":"Clean.Site","ThreadId":3,"ApplicationId":"08576e774ac196133407f48bb75449c37258f5a7","MachineName":"1C3-TEC-GJWGARY","Log4NetLevel":"INFO ","HttpRequestId":"71d1a3b1-a8c7-4ce0-9ad1-195e3dc13a94","HttpRequestNumber":1,"HttpSessionId":"c10ed412-b3fb-bd2f-19cd-4f2bf1bc61ed"}
{"@t":"2023-02-21T08:45:03.1694610Z","@mt":"Creating the content store, localContentDbExists? {LocalContentDbExists}","LocalContentDbExists":true,"SourceContext":"Umbraco.Cms.Infrastructure.PublishedCache.PublishedSnapshotService","ActionId":"a1e40484-0f88-4fa5-819a-b58c9701c836","ActionName":"Umbraco.Cms.Web.BackOffice.Controllers.EntityController.GetSafeAlias (Umbraco.Web.BackOffice)","RequestId":"0HMOJSTH4BSQB:000000CD","RequestPath":"/umbraco/backoffice/umbracoapi/entity/GetSafeAlias","ConnectionId":"0HMOJSTH4BSQB","ProcessId":21540,"ProcessName":"Clean.Site","ThreadId":3,"ApplicationId":"08576e774ac196133407f48bb75449c37258f5a7","MachineName":"1C3-TEC-GJWGARY","Log4NetLevel":"INFO ","HttpRequestId":"71d1a3b1-a8c7-4ce0-9ad1-195e3dc13a94","HttpRequestNumber":1,"HttpSessionId":"c10ed412-b3fb-bd2f-19cd-4f2bf1bc61ed"}
{"@t":"2023-02-21T08:45:03.1710644Z","@mt":"Creating the media store, localMediaDbExists? {LocalMediaDbExists}","LocalMediaDbExists":true,"SourceContext":"Umbraco.Cms.Infrastructure.PublishedCache.PublishedSnapshotService","ActionId":"a1e40484-0f88-4fa5-819a-b58c9701c836","ActionName":"Umbraco.Cms.Web.BackOffice.Controllers.EntityController.GetSafeAlias (Umbraco.Web.BackOffice)","RequestId":"0HMOJSTH4BSQB:000000CD","RequestPath":"/umbraco/backoffice/umbracoapi/entity/GetSafeAlias","ConnectionId":"0HMOJSTH4BSQB","ProcessId":21540,"ProcessName":"Clean.Site","ThreadId":3,"ApplicationId":"08576e774ac196133407f48bb75449c37258f5a7","MachineName":"1C3-TEC-GJWGARY","Log4NetLevel":"INFO ","HttpRequestId":"71d1a3b1-a8c7-4ce0-9ad1-195e3dc13a94","HttpRequestNumber":1,"HttpSessionId":"c10ed412-b3fb-bd2f-19cd-4f2bf1bc61ed"}
{"@t":"2023-02-21T08:45:03.1780325Z","@mt":"{StartMessage} [Timing {TimingId}]","StartMessage":"Loading content from local cache file","TimingId":"f05abe9","SourceContext":"Umbraco.Cms.Core.Logging.ProfilingLogger","ActionId":"a1e40484-0f88-4fa5-819a-b58c9701c836","ActionName":"Umbraco.Cms.Web.BackOffice.Controllers.EntityController.GetSafeAlias (Umbraco.Web.BackOffice)","RequestId":"0HMOJSTH4BSQB:000000CD","RequestPath":"/umbraco/backoffice/umbracoapi/entity/GetSafeAlias","ConnectionId":"0HMOJSTH4BSQB","ProcessId":21540,"ProcessName":"Clean.Site","ThreadId":3,"ApplicationId":"08576e774ac196133407f48bb75449c37258f5a7","MachineName":"1C3-TEC-GJWGARY","Log4NetLevel":"INFO ","HttpRequestId":"71d1a3b1-a8c7-4ce0-9ad1-195e3dc13a94","HttpRequestNumber":1,"HttpSessionId":"c10ed412-b3fb-bd2f-19cd-4f2bf1bc61ed"}
{"@t":"2023-02-21T08:45:03.1865622Z","@mt":"Tried to load {entityType} from the local cache file but it was empty.","entityType":"content","SourceContext":"Umbraco.Cms.Infrastructure.PublishedCache.PublishedSnapshotService","ActionId":"a1e40484-0f88-4fa5-819a-b58c9701c836","ActionName":"Umbraco.Cms.Web.BackOffice.Controllers.EntityController.GetSafeAlias (Umbraco.Web.BackOffice)","RequestId":"0HMOJSTH4BSQB:000000CD","RequestPath":"/umbraco/backoffice/umbracoapi/entity/GetSafeAlias","ConnectionId":"0HMOJSTH4BSQB","ProcessId":21540,"ProcessName":"Clean.Site","ThreadId":3,"ApplicationId":"08576e774ac196133407f48bb75449c37258f5a7","MachineName":"1C3-TEC-GJWGARY","Log4NetLevel":"INFO ","HttpRequestId":"71d1a3b1-a8c7-4ce0-9ad1-195e3dc13a94","HttpRequestNumber":1,"HttpSessionId":"c10ed412-b3fb-bd2f-19cd-4f2bf1bc61ed"}
{"@t":"2023-02-21T08:45:03.1871111Z","@mt":"{EndMessage} ({Duration}ms) [Timing {TimingId}]","EndMessage":"Completed.","Duration":9,"TimingId":"f05abe9","SourceContext":"Umbraco.Cms.Core.Logging.ProfilingLogger","ActionId":"a1e40484-0f88-4fa5-819a-b58c9701c836","ActionName":"Umbraco.Cms.Web.BackOffice.Controllers.EntityController.GetSafeAlias (Umbraco.Web.BackOffice)","RequestId":"0HMOJSTH4BSQB:000000CD","RequestPath":"/umbraco/backoffice/umbracoapi/entity/GetSafeAlias","ConnectionId":"0HMOJSTH4BSQB","ProcessId":21540,"ProcessName":"Clean.Site","ThreadId":3,"ApplicationId":"08576e774ac196133407f48bb75449c37258f5a7","MachineName":"1C3-TEC-GJWGARY","Log4NetLevel":"INFO ","HttpRequestId":"71d1a3b1-a8c7-4ce0-9ad1-195e3dc13a94","HttpRequestNumber":1,"HttpSessionId":"c10ed412-b3fb-bd2f-19cd-4f2bf1bc61ed"}
{"@t":"2023-02-21T08:45:03.1876253Z","@mt":"Loading content from local db raised warnings, will reload from database.","@l":"Warning","SourceContext":"Umbraco.Cms.Infrastructure.PublishedCache.PublishedSnapshotService","ActionId":"a1e40484-0f88-4fa5-819a-b58c9701c836","ActionName":"Umbraco.Cms.Web.BackOffice.Controllers.EntityController.GetSafeAlias (Umbraco.Web.BackOffice)","RequestId":"0HMOJSTH4BSQB:000000CD","RequestPath":"/umbraco/backoffice/umbracoapi/entity/GetSafeAlias","ConnectionId":"0HMOJSTH4BSQB","ProcessId":21540,"ProcessName":"Clean.Site","ThreadId":3,"ApplicationId":"08576e774ac196133407f48bb75449c37258f5a7","MachineName":"1C3-TEC-GJWGARY","Log4NetLevel":"WARN ","HttpRequestId":"71d1a3b1-a8c7-4ce0-9ad1-195e3dc13a94","HttpRequestNumber":1,"HttpSessionId":"c10ed412-b3fb-bd2f-19cd-4f2bf1bc61ed"}
{"@t":"2023-02-21T08:45:03.2254503Z","@mt":"{StartMessage} [Timing {TimingId}]","StartMessage":"Loading media from local cache file","TimingId":"a9b9df2","SourceContext":"Umbraco.Cms.Core.Logging.ProfilingLogger","ActionId":"a1e40484-0f88-4fa5-819a-b58c9701c836","ActionName":"Umbraco.Cms.Web.BackOffice.Controllers.EntityController.GetSafeAlias (Umbraco.Web.BackOffice)","RequestId":"0HMOJSTH4BSQB:000000CD","RequestPath":"/umbraco/backoffice/umbracoapi/entity/GetSafeAlias","ConnectionId":"0HMOJSTH4BSQB","ProcessId":21540,"ProcessName":"Clean.Site","ThreadId":3,"ApplicationId":"08576e774ac196133407f48bb75449c37258f5a7","MachineName":"1C3-TEC-GJWGARY","Log4NetLevel":"INFO ","HttpRequestId":"71d1a3b1-a8c7-4ce0-9ad1-195e3dc13a94","HttpRequestNumber":1,"HttpSessionId":"c10ed412-b3fb-bd2f-19cd-4f2bf1bc61ed"}
{"@t":"2023-02-21T08:45:03.2262745Z","@mt":"Tried to load {entityType} from the local cache file but it was empty.","entityType":"media","SourceContext":"Umbraco.Cms.Infrastructure.PublishedCache.PublishedSnapshotService","ActionId":"a1e40484-0f88-4fa5-819a-b58c9701c836","ActionName":"Umbraco.Cms.Web.BackOffice.Controllers.EntityController.GetSafeAlias (Umbraco.Web.BackOffice)","RequestId":"0HMOJSTH4BSQB:000000CD","RequestPath":"/umbraco/backoffice/umbracoapi/entity/GetSafeAlias","ConnectionId":"0HMOJSTH4BSQB","ProcessId":21540,"ProcessName":"Clean.Site","ThreadId":3,"ApplicationId":"08576e774ac196133407f48bb75449c37258f5a7","MachineName":"1C3-TEC-GJWGARY","Log4NetLevel":"INFO ","HttpRequestId":"71d1a3b1-a8c7-4ce0-9ad1-195e3dc13a94","HttpRequestNumber":1,"HttpSessionId":"c10ed412-b3fb-bd2f-19cd-4f2bf1bc61ed"}
{"@t":"2023-02-21T08:45:03.2264247Z","@mt":"{EndMessage} ({Duration}ms) [Timing {TimingId}]","EndMessage":"Completed.","Duration":1,"TimingId":"a9b9df2","SourceContext":"Umbraco.Cms.Core.Logging.ProfilingLogger","ActionId":"a1e40484-0f88-4fa5-819a-b58c9701c836","ActionName":"Umbraco.Cms.Web.BackOffice.Controllers.EntityController.GetSafeAlias (Umbraco.Web.BackOffice)","RequestId":"0HMOJSTH4BSQB:000000CD","RequestPath":"/umbraco/backoffice/umbracoapi/entity/GetSafeAlias","ConnectionId":"0HMOJSTH4BSQB","ProcessId":21540,"ProcessName":"Clean.Site","ThreadId":3,"ApplicationId":"08576e774ac196133407f48bb75449c37258f5a7","MachineName":"1C3-TEC-GJWGARY","Log4NetLevel":"INFO ","HttpRequestId":"71d1a3b1-a8c7-4ce0-9ad1-195e3dc13a94","HttpRequestNumber":1,"HttpSessionId":"c10ed412-b3fb-bd2f-19cd-4f2bf1bc61ed"}
{"@t":"2023-02-21T08:45:03.2266184Z","@mt":"Loading media from local db raised warnings, will reload from database.","@l":"Warning","SourceContext":"Umbraco.Cms.Infrastructure.PublishedCache.PublishedSnapshotService","ActionId":"a1e40484-0f88-4fa5-819a-b58c9701c836","ActionName":"Umbraco.Cms.Web.BackOffice.Controllers.EntityController.GetSafeAlias (Umbraco.Web.BackOffice)","RequestId":"0HMOJSTH4BSQB:000000CD","RequestPath":"/umbraco/backoffice/umbracoapi/entity/GetSafeAlias","ConnectionId":"0HMOJSTH4BSQB","ProcessId":21540,"ProcessName":"Clean.Site","ThreadId":3,"ApplicationId":"08576e774ac196133407f48bb75449c37258f5a7","MachineName":"1C3-TEC-GJWGARY","Log4NetLevel":"WARN ","HttpRequestId":"71d1a3b1-a8c7-4ce0-9ad1-195e3dc13a94","HttpRequestNumber":1,"HttpSessionId":"c10ed412-b3fb-bd2f-19cd-4f2bf1bc61ed"}
{"@t":"2023-02-21T08:45:03.2275878Z","@mt":"{StartMessage} [Timing {TimingId}]","StartMessage":"Loading content from database","TimingId":"61c1d9f","SourceContext":"Umbraco.Cms.Core.Logging.ProfilingLogger","ActionId":"a1e40484-0f88-4fa5-819a-b58c9701c836","ActionName":"Umbraco.Cms.Web.BackOffice.Controllers.EntityController.GetSafeAlias (Umbraco.Web.BackOffice)","RequestId":"0HMOJSTH4BSQB:000000CD","RequestPath":"/umbraco/backoffice/umbracoapi/entity/GetSafeAlias","ConnectionId":"0HMOJSTH4BSQB","ProcessId":21540,"ProcessName":"Clean.Site","ThreadId":3,"ApplicationId":"08576e774ac196133407f48bb75449c37258f5a7","MachineName":"1C3-TEC-GJWGARY","Log4NetLevel":"INFO ","HttpRequestId":"71d1a3b1-a8c7-4ce0-9ad1-195e3dc13a94","HttpRequestNumber":1,"HttpSessionId":"c10ed412-b3fb-bd2f-19cd-4f2bf1bc61ed"}
{"@t":"2023-02-21T08:45:03.2774312Z","@mt":"{EndMessage} ({Duration}ms) [Timing {TimingId}]","EndMessage":"Completed.","Duration":49,"TimingId":"61c1d9f","SourceContext":"Umbraco.Cms.Core.Logging.ProfilingLogger","ActionId":"a1e40484-0f88-4fa5-819a-b58c9701c836","ActionName":"Umbraco.Cms.Web.BackOffice.Controllers.EntityController.GetSafeAlias (Umbraco.Web.BackOffice)","RequestId":"0HMOJSTH4BSQB:000000CD","RequestPath":"/umbraco/backoffice/umbracoapi/entity/GetSafeAlias","ConnectionId":"0HMOJSTH4BSQB","ProcessId":21540,"ProcessName":"Clean.Site","ThreadId":3,"ApplicationId":"08576e774ac196133407f48bb75449c37258f5a7","MachineName":"1C3-TEC-GJWGARY","Log4NetLevel":"INFO ","HttpRequestId":"71d1a3b1-a8c7-4ce0-9ad1-195e3dc13a94","HttpRequestNumber":1,"HttpSessionId":"c10ed412-b3fb-bd2f-19cd-4f2bf1bc61ed"}
{"@t":"2023-02-21T08:45:03.2795531Z","@mt":"{StartMessage} [Timing {TimingId}]","StartMessage":"Loading media from database","TimingId":"b5139dd","SourceContext":"Umbraco.Cms.Core.Logging.ProfilingLogger","ActionId":"a1e40484-0f88-4fa5-819a-b58c9701c836","ActionName":"Umbraco.Cms.Web.BackOffice.Controllers.EntityController.GetSafeAlias (Umbraco.Web.BackOffice)","RequestId":"0HMOJSTH4BSQB:000000CD","RequestPath":"/umbraco/backoffice/umbracoapi/entity/GetSafeAlias","ConnectionId":"0HMOJSTH4BSQB","ProcessId":21540,"ProcessName":"Clean.Site","ThreadId":3,"ApplicationId":"08576e774ac196133407f48bb75449c37258f5a7","MachineName":"1C3-TEC-GJWGARY","Log4NetLevel":"INFO ","HttpRequestId":"71d1a3b1-a8c7-4ce0-9ad1-195e3dc13a94","HttpRequestNumber":1,"HttpSessionId":"c10ed412-b3fb-bd2f-19cd-4f2bf1bc61ed"}
{"@t":"2023-02-21T08:45:03.2970028Z","@mt":"{EndMessage} ({Duration}ms) [Timing {TimingId}]","EndMessage":"Completed.","Duration":17,"TimingId":"b5139dd","SourceContext":"Umbraco.Cms.Core.Logging.ProfilingLogger","ActionId":"a1e40484-0f88-4fa5-819a-b58c9701c836","ActionName":"Umbraco.Cms.Web.BackOffice.Controllers.EntityController.GetSafeAlias (Umbraco.Web.BackOffice)","RequestId":"0HMOJSTH4BSQB:000000CD","RequestPath":"/umbraco/backoffice/umbracoapi/entity/GetSafeAlias","ConnectionId":"0HMOJSTH4BSQB","ProcessId":21540,"ProcessName":"Clean.Site","ThreadId":3,"ApplicationId":"08576e774ac196133407f48bb75449c37258f5a7","MachineName":"1C3-TEC-GJWGARY","Log4NetLevel":"INFO ","HttpRequestId":"71d1a3b1-a8c7-4ce0-9ad1-195e3dc13a94","HttpRequestNumber":1,"HttpSessionId":"c10ed412-b3fb-bd2f-19cd-4f2bf1bc61ed"}
{"@t":"2023-02-21T08:47:52.5987111Z","@mt":"Stopping ({SignalSource})","SignalSource":"environment","SourceContext":"Umbraco.Cms.Core.Runtime.MainDom","ProcessId":21540,"ProcessName":"Clean.Site","ThreadId":40,"ApplicationId":"08576e774ac196133407f48bb75449c37258f5a7","MachineName":"1C3-TEC-GJWGARY","Log4NetLevel":"INFO "}
{"@t":"2023-02-21T08:47:52.6136954Z","@mt":"Released from MainDom","SourceContext":"Umbraco.Cms.Infrastructure.PublishedCache.PublishedSnapshotService","ProcessId":21540,"ProcessName":"Clean.Site","ThreadId":40,"ApplicationId":"08576e774ac196133407f48bb75449c37258f5a7","MachineName":"1C3-TEC-GJWGARY","Log4NetLevel":"INFO "}
{"@t":"2023-02-21T08:47:52.6145473Z","@mt":"Released ({SignalSource})","SignalSource":"environment","SourceContext":"Umbraco.Cms.Core.Runtime.MainDom","ProcessId":21540,"ProcessName":"Clean.Site","ThreadId":40,"ApplicationId":"08576e774ac196133407f48bb75449c37258f5a7","MachineName":"1C3-TEC-GJWGARY","Log4NetLevel":"INFO "}
{"@t":"2023-02-21T08:47:52.6152199Z","@mt":"Application is shutting down...","SourceContext":"Microsoft.Hosting.Lifetime","ProcessId":21540,"ProcessName":"Clean.Site","ThreadId":40,"ApplicationId":"08576e774ac196133407f48bb75449c37258f5a7","MachineName":"1C3-TEC-GJWGARY","Log4NetLevel":"INFO "}
{"@t":"2023-02-21T08:47:52.6271509Z","@mt":"Queued Hosted Service is stopping.","SourceContext":"Umbraco.Cms.Infrastructure.HostedServices.QueuedHostedService","ProcessId":21540,"ProcessName":"Clean.Site","ThreadId":50,"ApplicationId":"08576e774ac196133407f48bb75449c37258f5a7","MachineName":"1C3-TEC-GJWGARY","Log4NetLevel":"INFO "}
{"@t":"2023-02-21T08:48:02.3519870Z","@mt":"Acquiring MainDom.","SourceContext":"Umbraco.Cms.Core.Runtime.MainDom","ProcessId":24924,"ProcessName":"Clean.Site","ThreadId":1,"ApplicationId":"08576e774ac196133407f48bb75449c37258f5a7","MachineName":"1C3-TEC-GJWGARY","Log4NetLevel":"INFO "}
{"@t":"2023-02-21T08:48:02.3593030Z","@mt":"Acquired MainDom.","SourceContext":"Umbraco.Cms.Core.Runtime.MainDom","ProcessId":24924,"ProcessName":"Clean.Site","ThreadId":1,"ApplicationId":"08576e774ac196133407f48bb75449c37258f5a7","MachineName":"1C3-TEC-GJWGARY","Log4NetLevel":"INFO "}
{"@t":"2023-02-21T08:48:03.0531659Z","@mt":"Now listening on: {address}","address":"https://localhost:44365","EventId":{"Id":14,"Name":"ListeningOnAddress"},"SourceContext":"Microsoft.Hosting.Lifetime","ProcessId":24924,"ProcessName":"Clean.Site","ThreadId":1,"ApplicationId":"08576e774ac196133407f48bb75449c37258f5a7","MachineName":"1C3-TEC-GJWGARY","Log4NetLevel":"INFO "}
{"@t":"2023-02-21T08:48:03.0537208Z","@mt":"Now listening on: {address}","address":"http://localhost:43116","EventId":{"Id":14,"Name":"ListeningOnAddress"},"SourceContext":"Microsoft.Hosting.Lifetime","ProcessId":24924,"ProcessName":"Clean.Site","ThreadId":1,"ApplicationId":"08576e774ac196133407f48bb75449c37258f5a7","MachineName":"1C3-TEC-GJWGARY","Log4NetLevel":"INFO "}
{"@t":"2023-02-21T08:48:03.0563364Z","@mt":"Application started. Press Ctrl+C to shut down.","SourceContext":"Microsoft.Hosting.Lifetime","ProcessId":24924,"ProcessName":"Clean.Site","ThreadId":1,"ApplicationId":"08576e774ac196133407f48bb75449c37258f5a7","MachineName":"1C3-TEC-GJWGARY","Log4NetLevel":"INFO "}
{"@t":"2023-02-21T08:48:03.0563871Z","@mt":"Hosting environment: {EnvName}","EnvName":"Development","SourceContext":"Microsoft.Hosting.Lifetime","ProcessId":24924,"ProcessName":"Clean.Site","ThreadId":1,"ApplicationId":"08576e774ac196133407f48bb75449c37258f5a7","MachineName":"1C3-TEC-GJWGARY","Log4NetLevel":"INFO "}
{"@t":"2023-02-21T08:48:03.0564059Z","@mt":"Content root path: {ContentRoot}","ContentRoot":"C:\\Hadi\\Umbraco\\Clean\\Clean.Site","SourceContext":"Microsoft.Hosting.Lifetime","ProcessId":24924,"ProcessName":"Clean.Site","ThreadId":1,"ApplicationId":"08576e774ac196133407f48bb75449c37258f5a7","MachineName":"1C3-TEC-GJWGARY","Log4NetLevel":"INFO "}
{"@t":"2023-02-21T08:48:03.6431080Z","@mt":"Registered with MainDom, localContentDbExists? {LocalContentDbExists}, localMediaDbExists? {LocalMediaDbExists}","LocalContentDbExists":true,"LocalMediaDbExists":true,"SourceContext":"Umbraco.Cms.Infrastructure.PublishedCache.PublishedSnapshotService","RequestId":"0HMOJT1C08BF8:00000001","RequestPath":"/","ConnectionId":"0HMOJT1C08BF8","ProcessId":24924,"ProcessName":"Clean.Site","ThreadId":12,"ApplicationId":"08576e774ac196133407f48bb75449c37258f5a7","MachineName":"1C3-TEC-GJWGARY","Log4NetLevel":"INFO ","HttpRequestId":"f820162d-32e1-4844-bbd8-6d30fafe191e","HttpRequestNumber":1,"HttpSessionId":"0"}
{"@t":"2023-02-21T08:48:03.6449471Z","@mt":"Creating the content store, localContentDbExists? {LocalContentDbExists}","LocalContentDbExists":true,"SourceContext":"Umbraco.Cms.Infrastructure.PublishedCache.PublishedSnapshotService","RequestId":"0HMOJT1C08BF8:00000001","RequestPath":"/","ConnectionId":"0HMOJT1C08BF8","ProcessId":24924,"ProcessName":"Clean.Site","ThreadId":12,"ApplicationId":"08576e774ac196133407f48bb75449c37258f5a7","MachineName":"1C3-TEC-GJWGARY","Log4NetLevel":"INFO ","HttpRequestId":"f820162d-32e1-4844-bbd8-6d30fafe191e","HttpRequestNumber":1,"HttpSessionId":"0"}
{"@t":"2023-02-21T08:48:03.6465629Z","@mt":"Creating the media store, localMediaDbExists? {LocalMediaDbExists}","LocalMediaDbExists":true,"SourceContext":"Umbraco.Cms.Infrastructure.PublishedCache.PublishedSnapshotService","RequestId":"0HMOJT1C08BF8:00000001","RequestPath":"/","ConnectionId":"0HMOJT1C08BF8","ProcessId":24924,"ProcessName":"Clean.Site","ThreadId":12,"ApplicationId":"08576e774ac196133407f48bb75449c37258f5a7","MachineName":"1C3-TEC-GJWGARY","Log4NetLevel":"INFO ","HttpRequestId":"f820162d-32e1-4844-bbd8-6d30fafe191e","HttpRequestNumber":1,"HttpSessionId":"0"}
{"@t":"2023-02-21T08:48:03.7824921Z","@mt":"{StartMessage} [Timing {TimingId}]","StartMessage":"Loading content from local cache file","TimingId":"8e88392","SourceContext":"Umbraco.Cms.Core.Logging.ProfilingLogger","RequestId":"0HMOJT1C08BF8:00000001","RequestPath":"/","ConnectionId":"0HMOJT1C08BF8","ProcessId":24924,"ProcessName":"Clean.Site","ThreadId":12,"ApplicationId":"08576e774ac196133407f48bb75449c37258f5a7","MachineName":"1C3-TEC-GJWGARY","Log4NetLevel":"INFO ","HttpRequestId":"f820162d-32e1-4844-bbd8-6d30fafe191e","HttpRequestNumber":1,"HttpSessionId":"0"}
{"@t":"2023-02-21T08:48:03.7907058Z","@mt":"Tried to load {entityType} from the local cache file but it was empty.","entityType":"content","SourceContext":"Umbraco.Cms.Infrastructure.PublishedCache.PublishedSnapshotService","RequestId":"0HMOJT1C08BF8:00000001","RequestPath":"/","ConnectionId":"0HMOJT1C08BF8","ProcessId":24924,"ProcessName":"Clean.Site","ThreadId":12,"ApplicationId":"08576e774ac196133407f48bb75449c37258f5a7","MachineName":"1C3-TEC-GJWGARY","Log4NetLevel":"INFO ","HttpRequestId":"f820162d-32e1-4844-bbd8-6d30fafe191e","HttpRequestNumber":1,"HttpSessionId":"0"}
{"@t":"2023-02-21T08:48:03.7912879Z","@mt":"{EndMessage} ({Duration}ms) [Timing {TimingId}]","EndMessage":"Completed.","Duration":9,"TimingId":"8e88392","SourceContext":"Umbraco.Cms.Core.Logging.ProfilingLogger","RequestId":"0HMOJT1C08BF8:00000001","RequestPath":"/","ConnectionId":"0HMOJT1C08BF8","ProcessId":24924,"ProcessName":"Clean.Site","ThreadId":12,"ApplicationId":"08576e774ac196133407f48bb75449c37258f5a7","MachineName":"1C3-TEC-GJWGARY","Log4NetLevel":"INFO ","HttpRequestId":"f820162d-32e1-4844-bbd8-6d30fafe191e","HttpRequestNumber":1,"HttpSessionId":"0"}
{"@t":"2023-02-21T08:48:03.7924243Z","@mt":"Loading content from local db raised warnings, will reload from database.","@l":"Warning","SourceContext":"Umbraco.Cms.Infrastructure.PublishedCache.PublishedSnapshotService","RequestId":"0HMOJT1C08BF8:00000001","RequestPath":"/","ConnectionId":"0HMOJT1C08BF8","ProcessId":24924,"ProcessName":"Clean.Site","ThreadId":12,"ApplicationId":"08576e774ac196133407f48bb75449c37258f5a7","MachineName":"1C3-TEC-GJWGARY","Log4NetLevel":"WARN ","HttpRequestId":"f820162d-32e1-4844-bbd8-6d30fafe191e","HttpRequestNumber":1,"HttpSessionId":"0"}
{"@t":"2023-02-21T08:48:03.8677164Z","@mt":"{StartMessage} [Timing {TimingId}]","StartMessage":"Loading media from local cache file","TimingId":"087bbd0","SourceContext":"Umbraco.Cms.Core.Logging.ProfilingLogger","RequestId":"0HMOJT1C08BF8:00000001","RequestPath":"/","ConnectionId":"0HMOJT1C08BF8","ProcessId":24924,"ProcessName":"Clean.Site","ThreadId":12,"ApplicationId":"08576e774ac196133407f48bb75449c37258f5a7","MachineName":"1C3-TEC-GJWGARY","Log4NetLevel":"INFO ","HttpRequestId":"f820162d-32e1-4844-bbd8-6d30fafe191e","HttpRequestNumber":1,"HttpSessionId":"0"}
{"@t":"2023-02-21T08:48:03.8680828Z","@mt":"Tried to load {entityType} from the local cache file but it was empty.","entityType":"media","SourceContext":"Umbraco.Cms.Infrastructure.PublishedCache.PublishedSnapshotService","RequestId":"0HMOJT1C08BF8:00000001","RequestPath":"/","ConnectionId":"0HMOJT1C08BF8","ProcessId":24924,"ProcessName":"Clean.Site","ThreadId":12,"ApplicationId":"08576e774ac196133407f48bb75449c37258f5a7","MachineName":"1C3-TEC-GJWGARY","Log4NetLevel":"INFO ","HttpRequestId":"f820162d-32e1-4844-bbd8-6d30fafe191e","HttpRequestNumber":1,"HttpSessionId":"0"}
{"@t":"2023-02-21T08:48:03.8681625Z","@mt":"{EndMessage} ({Duration}ms) [Timing {TimingId}]","EndMessage":"Completed.","Duration":0,"TimingId":"087bbd0","SourceContext":"Umbraco.Cms.Core.Logging.ProfilingLogger","RequestId":"0HMOJT1C08BF8:00000001","RequestPath":"/","ConnectionId":"0HMOJT1C08BF8","ProcessId":24924,"ProcessName":"Clean.Site","ThreadId":12,"ApplicationId":"08576e774ac196133407f48bb75449c37258f5a7","MachineName":"1C3-TEC-GJWGARY","Log4NetLevel":"INFO ","HttpRequestId":"f820162d-32e1-4844-bbd8-6d30fafe191e","HttpRequestNumber":1,"HttpSessionId":"0"}
{"@t":"2023-02-21T08:48:03.8685378Z","@mt":"Loading media from local db raised warnings, will reload from database.","@l":"Warning","SourceContext":"Umbraco.Cms.Infrastructure.PublishedCache.PublishedSnapshotService","RequestId":"0HMOJT1C08BF8:00000001","RequestPath":"/","ConnectionId":"0HMOJT1C08BF8","ProcessId":24924,"ProcessName":"Clean.Site","ThreadId":12,"ApplicationId":"08576e774ac196133407f48bb75449c37258f5a7","MachineName":"1C3-TEC-GJWGARY","Log4NetLevel":"WARN ","HttpRequestId":"f820162d-32e1-4844-bbd8-6d30fafe191e","HttpRequestNumber":1,"HttpSessionId":"0"}
{"@t":"2023-02-21T08:48:03.8709074Z","@mt":"{StartMessage} [Timing {TimingId}]","StartMessage":"Loading content from database","TimingId":"e14a3b1","SourceContext":"Umbraco.Cms.Core.Logging.ProfilingLogger","RequestId":"0HMOJT1C08BF8:00000001","RequestPath":"/","ConnectionId":"0HMOJT1C08BF8","ProcessId":24924,"ProcessName":"Clean.Site","ThreadId":12,"ApplicationId":"08576e774ac196133407f48bb75449c37258f5a7","MachineName":"1C3-TEC-GJWGARY","Log4NetLevel":"INFO ","HttpRequestId":"f820162d-32e1-4844-bbd8-6d30fafe191e","HttpRequestNumber":1,"HttpSessionId":"0"}
{"@t":"2023-02-21T08:48:03.9577942Z","@mt":"{EndMessage} ({Duration}ms) [Timing {TimingId}]","EndMessage":"Completed.","Duration":86,"TimingId":"e14a3b1","SourceContext":"Umbraco.Cms.Core.Logging.ProfilingLogger","RequestId":"0HMOJT1C08BF8:00000001","RequestPath":"/","ConnectionId":"0HMOJT1C08BF8","ProcessId":24924,"ProcessName":"Clean.Site","ThreadId":12,"ApplicationId":"08576e774ac196133407f48bb75449c37258f5a7","MachineName":"1C3-TEC-GJWGARY","Log4NetLevel":"INFO ","HttpRequestId":"f820162d-32e1-4844-bbd8-6d30fafe191e","HttpRequestNumber":1,"HttpSessionId":"0"}
{"@t":"2023-02-21T08:48:03.9601688Z","@mt":"{StartMessage} [Timing {TimingId}]","StartMessage":"Loading media from database","TimingId":"b12ac68","SourceContext":"Umbraco.Cms.Core.Logging.ProfilingLogger","RequestId":"0HMOJT1C08BF8:00000001","RequestPath":"/","ConnectionId":"0HMOJT1C08BF8","ProcessId":24924,"ProcessName":"Clean.Site","ThreadId":12,"ApplicationId":"08576e774ac196133407f48bb75449c37258f5a7","MachineName":"1C3-TEC-GJWGARY","Log4NetLevel":"INFO ","HttpRequestId":"f820162d-32e1-4844-bbd8-6d30fafe191e","HttpRequestNumber":1,"HttpSessionId":"0"}
{"@t":"2023-02-21T08:48:03.9716349Z","@mt":"{EndMessage} ({Duration}ms) [Timing {TimingId}]","EndMessage":"Completed.","Duration":11,"TimingId":"b12ac68","SourceContext":"Umbraco.Cms.Core.Logging.ProfilingLogger","RequestId":"0HMOJT1C08BF8:00000001","RequestPath":"/","ConnectionId":"0HMOJT1C08BF8","ProcessId":24924,"ProcessName":"Clean.Site","ThreadId":12,"ApplicationId":"08576e774ac196133407f48bb75449c37258f5a7","MachineName":"1C3-TEC-GJWGARY","Log4NetLevel":"INFO ","HttpRequestId":"f820162d-32e1-4844-bbd8-6d30fafe191e","HttpRequestNumber":1,"HttpSessionId":"0"}
{"@t":"2023-02-21T08:48:47.8235609Z","@mt":"Acquiring MainDom.","SourceContext":"Umbraco.Cms.Core.Runtime.MainDom","ProcessId":20152,"ProcessName":"Clean.Site","ThreadId":1,"ApplicationId":"08576e774ac196133407f48bb75449c37258f5a7","MachineName":"1C3-TEC-GJWGARY","Log4NetLevel":"INFO "}
{"@t":"2023-02-21T08:48:47.8325214Z","@mt":"Acquired MainDom.","SourceContext":"Umbraco.Cms.Core.Runtime.MainDom","ProcessId":20152,"ProcessName":"Clean.Site","ThreadId":1,"ApplicationId":"08576e774ac196133407f48bb75449c37258f5a7","MachineName":"1C3-TEC-GJWGARY","Log4NetLevel":"INFO "}
{"@t":"2023-02-21T08:48:48.5828105Z","@mt":"Now listening on: {address}","address":"https://localhost:44365","EventId":{"Id":14,"Name":"ListeningOnAddress"},"SourceContext":"Microsoft.Hosting.Lifetime","ProcessId":20152,"ProcessName":"Clean.Site","ThreadId":1,"ApplicationId":"08576e774ac196133407f48bb75449c37258f5a7","MachineName":"1C3-TEC-GJWGARY","Log4NetLevel":"INFO "}
{"@t":"2023-02-21T08:48:48.5831754Z","@mt":"Now listening on: {address}","address":"http://localhost:43116","EventId":{"Id":14,"Name":"ListeningOnAddress"},"SourceContext":"Microsoft.Hosting.Lifetime","ProcessId":20152,"ProcessName":"Clean.Site","ThreadId":1,"ApplicationId":"08576e774ac196133407f48bb75449c37258f5a7","MachineName":"1C3-TEC-GJWGARY","Log4NetLevel":"INFO "}
{"@t":"2023-02-21T08:48:48.5856574Z","@mt":"Application started. Press Ctrl+C to shut down.","SourceContext":"Microsoft.Hosting.Lifetime","ProcessId":20152,"ProcessName":"Clean.Site","ThreadId":1,"ApplicationId":"08576e774ac196133407f48bb75449c37258f5a7","MachineName":"1C3-TEC-GJWGARY","Log4NetLevel":"INFO "}
{"@t":"2023-02-21T08:48:48.5857101Z","@mt":"Hosting environment: {EnvName}","EnvName":"Development","SourceContext":"Microsoft.Hosting.Lifetime","ProcessId":20152,"ProcessName":"Clean.Site","ThreadId":1,"ApplicationId":"08576e774ac196133407f48bb75449c37258f5a7","MachineName":"1C3-TEC-GJWGARY","Log4NetLevel":"INFO "}
{"@t":"2023-02-21T08:48:48.5857243Z","@mt":"Content root path: {ContentRoot}","ContentRoot":"C:\\Hadi\\Umbraco\\Clean\\Clean.Site","SourceContext":"Microsoft.Hosting.Lifetime","ProcessId":20152,"ProcessName":"Clean.Site","ThreadId":1,"ApplicationId":"08576e774ac196133407f48bb75449c37258f5a7","MachineName":"1C3-TEC-GJWGARY","Log4NetLevel":"INFO "}
{"@t":"2023-02-21T08:49:02.7679039Z","@mt":"Registered with MainDom, localContentDbExists? {LocalContentDbExists}, localMediaDbExists? {LocalMediaDbExists}","LocalContentDbExists":true,"LocalMediaDbExists":true,"SourceContext":"Umbraco.Cms.Infrastructure.PublishedCache.PublishedSnapshotService","ActionId":"9a4640fa-feb4-4844-982d-30f0239a7a74","ActionName":"Umbraco.Cms.Web.BackOffice.Controllers.PublishedSnapshotCacheStatusController.GetStatus (Umbraco.Web.BackOffice)","RequestId":"0HMOJT1PHCMJH:000000B5","RequestPath":"/umbraco/backoffice/umbracoapi/publishedsnapshotcachestatus/GetStatus","ConnectionId":"0HMOJT1PHCMJH","ProcessId":20152,"ProcessName":"Clean.Site","ThreadId":19,"ApplicationId":"08576e774ac196133407f48bb75449c37258f5a7","MachineName":"1C3-TEC-GJWGARY","Log4NetLevel":"INFO ","HttpRequestId":"dc56706b-b26e-43e8-b62f-c2b5ebb2f96c","HttpRequestNumber":1,"HttpSessionId":"05c73dca-87d9-3e6d-1de3-0e4bc0b2ff5f"}
{"@t":"2023-02-21T08:49:02.7700513Z","@mt":"Creating the content store, localContentDbExists? {LocalContentDbExists}","LocalContentDbExists":true,"SourceContext":"Umbraco.Cms.Infrastructure.PublishedCache.PublishedSnapshotService","ActionId":"9a4640fa-feb4-4844-982d-30f0239a7a74","ActionName":"Umbraco.Cms.Web.BackOffice.Controllers.PublishedSnapshotCacheStatusController.GetStatus (Umbraco.Web.BackOffice)","RequestId":"0HMOJT1PHCMJH:000000B5","RequestPath":"/umbraco/backoffice/umbracoapi/publishedsnapshotcachestatus/GetStatus","ConnectionId":"0HMOJT1PHCMJH","ProcessId":20152,"ProcessName":"Clean.Site","ThreadId":19,"ApplicationId":"08576e774ac196133407f48bb75449c37258f5a7","MachineName":"1C3-TEC-GJWGARY","Log4NetLevel":"INFO ","HttpRequestId":"dc56706b-b26e-43e8-b62f-c2b5ebb2f96c","HttpRequestNumber":1,"HttpSessionId":"05c73dca-87d9-3e6d-1de3-0e4bc0b2ff5f"}
{"@t":"2023-02-21T08:49:02.7717656Z","@mt":"Creating the media store, localMediaDbExists? {LocalMediaDbExists}","LocalMediaDbExists":true,"SourceContext":"Umbraco.Cms.Infrastructure.PublishedCache.PublishedSnapshotService","ActionId":"9a4640fa-feb4-4844-982d-30f0239a7a74","ActionName":"Umbraco.Cms.Web.BackOffice.Controllers.PublishedSnapshotCacheStatusController.GetStatus (Umbraco.Web.BackOffice)","RequestId":"0HMOJT1PHCMJH:000000B5","RequestPath":"/umbraco/backoffice/umbracoapi/publishedsnapshotcachestatus/GetStatus","ConnectionId":"0HMOJT1PHCMJH","ProcessId":20152,"ProcessName":"Clean.Site","ThreadId":19,"ApplicationId":"08576e774ac196133407f48bb75449c37258f5a7","MachineName":"1C3-TEC-GJWGARY","Log4NetLevel":"INFO ","HttpRequestId":"dc56706b-b26e-43e8-b62f-c2b5ebb2f96c","HttpRequestNumber":1,"HttpSessionId":"05c73dca-87d9-3e6d-1de3-0e4bc0b2ff5f"}
{"@t":"2023-02-21T08:49:02.7813199Z","@mt":"{StartMessage} [Timing {TimingId}]","StartMessage":"Loading content from local cache file","TimingId":"5b2d92f","SourceContext":"Umbraco.Cms.Core.Logging.ProfilingLogger","ActionId":"9a4640fa-feb4-4844-982d-30f0239a7a74","ActionName":"Umbraco.Cms.Web.BackOffice.Controllers.PublishedSnapshotCacheStatusController.GetStatus (Umbraco.Web.BackOffice)","RequestId":"0HMOJT1PHCMJH:000000B5","RequestPath":"/umbraco/backoffice/umbracoapi/publishedsnapshotcachestatus/GetStatus","ConnectionId":"0HMOJT1PHCMJH","ProcessId":20152,"ProcessName":"Clean.Site","ThreadId":19,"ApplicationId":"08576e774ac196133407f48bb75449c37258f5a7","MachineName":"1C3-TEC-GJWGARY","Log4NetLevel":"INFO ","HttpRequestId":"dc56706b-b26e-43e8-b62f-c2b5ebb2f96c","HttpRequestNumber":1,"HttpSessionId":"05c73dca-87d9-3e6d-1de3-0e4bc0b2ff5f"}
{"@t":"2023-02-21T08:49:02.7964877Z","@mt":"Tried to load {entityType} from the local cache file but it was empty.","entityType":"content","SourceContext":"Umbraco.Cms.Infrastructure.PublishedCache.PublishedSnapshotService","ActionId":"9a4640fa-feb4-4844-982d-30f0239a7a74","ActionName":"Umbraco.Cms.Web.BackOffice.Controllers.PublishedSnapshotCacheStatusController.GetStatus (Umbraco.Web.BackOffice)","RequestId":"0HMOJT1PHCMJH:000000B5","RequestPath":"/umbraco/backoffice/umbracoapi/publishedsnapshotcachestatus/GetStatus","ConnectionId":"0HMOJT1PHCMJH","ProcessId":20152,"ProcessName":"Clean.Site","ThreadId":19,"ApplicationId":"08576e774ac196133407f48bb75449c37258f5a7","MachineName":"1C3-TEC-GJWGARY","Log4NetLevel":"INFO ","HttpRequestId":"dc56706b-b26e-43e8-b62f-c2b5ebb2f96c","HttpRequestNumber":1,"HttpSessionId":"05c73dca-87d9-3e6d-1de3-0e4bc0b2ff5f"}
{"@t":"2023-02-21T08:49:02.7978330Z","@mt":"{EndMessage} ({Duration}ms) [Timing {TimingId}]","EndMessage":"Completed.","Duration":16,"TimingId":"5b2d92f","SourceContext":"Umbraco.Cms.Core.Logging.ProfilingLogger","ActionId":"9a4640fa-feb4-4844-982d-30f0239a7a74","ActionName":"Umbraco.Cms.Web.BackOffice.Controllers.PublishedSnapshotCacheStatusController.GetStatus (Umbraco.Web.BackOffice)","RequestId":"0HMOJT1PHCMJH:000000B5","RequestPath":"/umbraco/backoffice/umbracoapi/publishedsnapshotcachestatus/GetStatus","ConnectionId":"0HMOJT1PHCMJH","ProcessId":20152,"ProcessName":"Clean.Site","ThreadId":19,"ApplicationId":"08576e774ac196133407f48bb75449c37258f5a7","MachineName":"1C3-TEC-GJWGARY","Log4NetLevel":"INFO ","HttpRequestId":"dc56706b-b26e-43e8-b62f-c2b5ebb2f96c","HttpRequestNumber":1,"HttpSessionId":"05c73dca-87d9-3e6d-1de3-0e4bc0b2ff5f"}
{"@t":"2023-02-21T08:49:02.7989547Z","@mt":"Loading content from local db raised warnings, will reload from database.","@l":"Warning","SourceContext":"Umbraco.Cms.Infrastructure.PublishedCache.PublishedSnapshotService","ActionId":"9a4640fa-feb4-4844-982d-30f0239a7a74","ActionName":"Umbraco.Cms.Web.BackOffice.Controllers.PublishedSnapshotCacheStatusController.GetStatus (Umbraco.Web.BackOffice)","RequestId":"0HMOJT1PHCMJH:000000B5","RequestPath":"/umbraco/backoffice/umbracoapi/publishedsnapshotcachestatus/GetStatus","ConnectionId":"0HMOJT1PHCMJH","ProcessId":20152,"ProcessName":"Clean.Site","ThreadId":19,"ApplicationId":"08576e774ac196133407f48bb75449c37258f5a7","MachineName":"1C3-TEC-GJWGARY","Log4NetLevel":"WARN ","HttpRequestId":"dc56706b-b26e-43e8-b62f-c2b5ebb2f96c","HttpRequestNumber":1,"HttpSessionId":"05c73dca-87d9-3e6d-1de3-0e4bc0b2ff5f"}
{"@t":"2023-02-21T08:49:02.8493860Z","@mt":"{StartMessage} [Timing {TimingId}]","StartMessage":"Loading media from local cache file","TimingId":"6742b14","SourceContext":"Umbraco.Cms.Core.Logging.ProfilingLogger","ActionId":"9a4640fa-feb4-4844-982d-30f0239a7a74","ActionName":"Umbraco.Cms.Web.BackOffice.Controllers.PublishedSnapshotCacheStatusController.GetStatus (Umbraco.Web.BackOffice)","RequestId":"0HMOJT1PHCMJH:000000B5","RequestPath":"/umbraco/backoffice/umbracoapi/publishedsnapshotcachestatus/GetStatus","ConnectionId":"0HMOJT1PHCMJH","ProcessId":20152,"ProcessName":"Clean.Site","ThreadId":19,"ApplicationId":"08576e774ac196133407f48bb75449c37258f5a7","MachineName":"1C3-TEC-GJWGARY","Log4NetLevel":"INFO ","HttpRequestId":"dc56706b-b26e-43e8-b62f-c2b5ebb2f96c","HttpRequestNumber":1,"HttpSessionId":"05c73dca-87d9-3e6d-1de3-0e4bc0b2ff5f"}
{"@t":"2023-02-21T08:49:02.8500866Z","@mt":"Tried to load {entityType} from the local cache file but it was empty.","entityType":"media","SourceContext":"Umbraco.Cms.Infrastructure.PublishedCache.PublishedSnapshotService","ActionId":"9a4640fa-feb4-4844-982d-30f0239a7a74","ActionName":"Umbraco.Cms.Web.BackOffice.Controllers.PublishedSnapshotCacheStatusController.GetStatus (Umbraco.Web.BackOffice)","RequestId":"0HMOJT1PHCMJH:000000B5","RequestPath":"/umbraco/backoffice/umbracoapi/publishedsnapshotcachestatus/GetStatus","ConnectionId":"0HMOJT1PHCMJH","ProcessId":20152,"ProcessName":"Clean.Site","ThreadId":19,"ApplicationId":"08576e774ac196133407f48bb75449c37258f5a7","MachineName":"1C3-TEC-GJWGARY","Log4NetLevel":"INFO ","HttpRequestId":"dc56706b-b26e-43e8-b62f-c2b5ebb2f96c","HttpRequestNumber":1,"HttpSessionId":"05c73dca-87d9-3e6d-1de3-0e4bc0b2ff5f"}
{"@t":"2023-02-21T08:49:02.8501830Z","@mt":"{EndMessage} ({Duration}ms) [Timing {TimingId}]","EndMessage":"Completed.","Duration":0,"TimingId":"6742b14","SourceContext":"Umbraco.Cms.Core.Logging.ProfilingLogger","ActionId":"9a4640fa-feb4-4844-982d-30f0239a7a74","ActionName":"Umbraco.Cms.Web.BackOffice.Controllers.PublishedSnapshotCacheStatusController.GetStatus (Umbraco.Web.BackOffice)","RequestId":"0HMOJT1PHCMJH:000000B5","RequestPath":"/umbraco/backoffice/umbracoapi/publishedsnapshotcachestatus/GetStatus","ConnectionId":"0HMOJT1PHCMJH","ProcessId":20152,"ProcessName":"Clean.Site","ThreadId":19,"ApplicationId":"08576e774ac196133407f48bb75449c37258f5a7","MachineName":"1C3-TEC-GJWGARY","Log4NetLevel":"INFO ","HttpRequestId":"dc56706b-b26e-43e8-b62f-c2b5ebb2f96c","HttpRequestNumber":1,"HttpSessionId":"05c73dca-87d9-3e6d-1de3-0e4bc0b2ff5f"}
{"@t":"2023-02-21T08:49:02.8505563Z","@mt":"Loading media from local db raised warnings, will reload from database.","@l":"Warning","SourceContext":"Umbraco.Cms.Infrastructure.PublishedCache.PublishedSnapshotService","ActionId":"9a4640fa-feb4-4844-982d-30f0239a7a74","ActionName":"Umbraco.Cms.Web.BackOffice.Controllers.PublishedSnapshotCacheStatusController.GetStatus (Umbraco.Web.BackOffice)","RequestId":"0HMOJT1PHCMJH:000000B5","RequestPath":"/umbraco/backoffice/umbracoapi/publishedsnapshotcachestatus/GetStatus","ConnectionId":"0HMOJT1PHCMJH","ProcessId":20152,"ProcessName":"Clean.Site","ThreadId":19,"ApplicationId":"08576e774ac196133407f48bb75449c37258f5a7","MachineName":"1C3-TEC-GJWGARY","Log4NetLevel":"WARN ","HttpRequestId":"dc56706b-b26e-43e8-b62f-c2b5ebb2f96c","HttpRequestNumber":1,"HttpSessionId":"05c73dca-87d9-3e6d-1de3-0e4bc0b2ff5f"}
{"@t":"2023-02-21T08:49:02.8518100Z","@mt":"{StartMessage} [Timing {TimingId}]","StartMessage":"Loading content from database","TimingId":"19e780c","SourceContext":"Umbraco.Cms.Core.Logging.ProfilingLogger","ActionId":"9a4640fa-feb4-4844-982d-30f0239a7a74","ActionName":"Umbraco.Cms.Web.BackOffice.Controllers.PublishedSnapshotCacheStatusController.GetStatus (Umbraco.Web.BackOffice)","RequestId":"0HMOJT1PHCMJH:000000B5","RequestPath":"/umbraco/backoffice/umbracoapi/publishedsnapshotcachestatus/GetStatus","ConnectionId":"0HMOJT1PHCMJH","ProcessId":20152,"ProcessName":"Clean.Site","ThreadId":19,"ApplicationId":"08576e774ac196133407f48bb75449c37258f5a7","MachineName":"1C3-TEC-GJWGARY","Log4NetLevel":"INFO ","HttpRequestId":"dc56706b-b26e-43e8-b62f-c2b5ebb2f96c","HttpRequestNumber":1,"HttpSessionId":"05c73dca-87d9-3e6d-1de3-0e4bc0b2ff5f"}
{"@t":"2023-02-21T08:49:02.9330910Z","@mt":"{EndMessage} ({Duration}ms) [Timing {TimingId}]","EndMessage":"Completed.","Duration":81,"TimingId":"19e780c","SourceContext":"Umbraco.Cms.Core.Logging.ProfilingLogger","ActionId":"9a4640fa-feb4-4844-982d-30f0239a7a74","ActionName":"Umbraco.Cms.Web.BackOffice.Controllers.PublishedSnapshotCacheStatusController.GetStatus (Umbraco.Web.BackOffice)","RequestId":"0HMOJT1PHCMJH:000000B5","RequestPath":"/umbraco/backoffice/umbracoapi/publishedsnapshotcachestatus/GetStatus","ConnectionId":"0HMOJT1PHCMJH","ProcessId":20152,"ProcessName":"Clean.Site","ThreadId":19,"ApplicationId":"08576e774ac196133407f48bb75449c37258f5a7","MachineName":"1C3-TEC-GJWGARY","Log4NetLevel":"INFO ","HttpRequestId":"dc56706b-b26e-43e8-b62f-c2b5ebb2f96c","HttpRequestNumber":1,"HttpSessionId":"05c73dca-87d9-3e6d-1de3-0e4bc0b2ff5f"}
{"@t":"2023-02-21T08:49:02.9360374Z","@mt":"{StartMessage} [Timing {TimingId}]","StartMessage":"Loading media from database","TimingId":"3f28b31","SourceContext":"Umbraco.Cms.Core.Logging.ProfilingLogger","ActionId":"9a4640fa-feb4-4844-982d-30f0239a7a74","ActionName":"Umbraco.Cms.Web.BackOffice.Controllers.PublishedSnapshotCacheStatusController.GetStatus (Umbraco.Web.BackOffice)","RequestId":"0HMOJT1PHCMJH:000000B5","RequestPath":"/umbraco/backoffice/umbracoapi/publishedsnapshotcachestatus/GetStatus","ConnectionId":"0HMOJT1PHCMJH","ProcessId":20152,"ProcessName":"Clean.Site","ThreadId":19,"ApplicationId":"08576e774ac196133407f48bb75449c37258f5a7","MachineName":"1C3-TEC-GJWGARY","Log4NetLevel":"INFO ","HttpRequestId":"dc56706b-b26e-43e8-b62f-c2b5ebb2f96c","HttpRequestNumber":1,"HttpSessionId":"05c73dca-87d9-3e6d-1de3-0e4bc0b2ff5f"}
{"@t":"2023-02-21T08:49:02.9511491Z","@mt":"{EndMessage} ({Duration}ms) [Timing {TimingId}]","EndMessage":"Completed.","Duration":15,"TimingId":"3f28b31","SourceContext":"Umbraco.Cms.Core.Logging.ProfilingLogger","ActionId":"9a4640fa-feb4-4844-982d-30f0239a7a74","ActionName":"Umbraco.Cms.Web.BackOffice.Controllers.PublishedSnapshotCacheStatusController.GetStatus (Umbraco.Web.BackOffice)","RequestId":"0HMOJT1PHCMJH:000000B5","RequestPath":"/umbraco/backoffice/umbracoapi/publishedsnapshotcachestatus/GetStatus","ConnectionId":"0HMOJT1PHCMJH","ProcessId":20152,"ProcessName":"Clean.Site","ThreadId":19,"ApplicationId":"08576e774ac196133407f48bb75449c37258f5a7","MachineName":"1C3-TEC-GJWGARY","Log4NetLevel":"INFO ","HttpRequestId":"dc56706b-b26e-43e8-b62f-c2b5ebb2f96c","HttpRequestNumber":1,"HttpSessionId":"05c73dca-87d9-3e6d-1de3-0e4bc0b2ff5f"}
{"@t":"2023-02-21T08:50:14.1092291Z","@mt":"Adding examine event handlers for {RegisteredIndexers} index providers.","RegisteredIndexers":3,"SourceContext":"Umbraco.Cms.Infrastructure.Examine.ExamineUmbracoIndexingHandler","ActionId":"e353ee75-faa7-49cb-8ee7-c73cb50ea667","ActionName":"Umbraco.Cms.Web.BackOffice.Controllers.ContentTypeController.PostSave (Umbraco.Web.BackOffice)","RequestId":"0HMOJT1PHCMJH:00000119","RequestPath":"/umbraco/backoffice/umbracoapi/contenttype/PostSave","ConnectionId":"0HMOJT1PHCMJH","ProcessId":20152,"ProcessName":"Clean.Site","ThreadId":18,"ApplicationId":"08576e774ac196133407f48bb75449c37258f5a7","MachineName":"1C3-TEC-GJWGARY","Log4NetLevel":"INFO ","HttpRequestId":"b1cf0e50-d09c-494f-9136-79df344f8bf1","HttpRequestNumber":2,"HttpSessionId":"4fec7cd8-9f5a-6146-a037-25e5706d0c42"}
{"@t":"2023-02-21T09:02:42.0738898Z","@mt":"Document {ContentName} (id={ContentId}) has been published.","ContentName":"Home","ContentId":0,"SourceContext":"Umbraco.Cms.Core.Services.ContentService","ActionId":"c8e948cb-f534-40b7-9c46-c4c97d400ca7","ActionName":"Umbraco.Cms.Web.BackOffice.Controllers.ContentController.PostSave (Umbraco.Web.BackOffice)","RequestId":"0HMOJT1PHCMJH:000002FF","RequestPath":"/umbraco/backoffice/umbracoapi/content/PostSave","ConnectionId":"0HMOJT1PHCMJH","ProcessId":20152,"ProcessName":"Clean.Site","ThreadId":50,"ApplicationId":"08576e774ac196133407f48bb75449c37258f5a7","MachineName":"1C3-TEC-GJWGARY","Log4NetLevel":"INFO ","HttpRequestId":"8c054164-c508-4c23-94f2-5cb815825c85","HttpRequestNumber":3,"HttpSessionId":"1954cb09-01a1-bd7f-ad9a-b7285d4ae044"}
{"@t":"2023-02-21T09:03:04.5824553Z","@mt":"An unhandled exception has occurred while executing the request.","@l":"Error","@x":"Microsoft.AspNetCore.Mvc.Razor.RuntimeCompilation.CompilationFailedException: One or more compilation failures occurred:\r\nwgwd2nga.tta(68,94): error CS0234: The type or namespace name 'HomePage' does not exist in the namespace 'Umbraco.Cms.Web.Common.PublishedModels' (are you missing an assembly reference?)\r\n   at Microsoft.AspNetCore.Mvc.Razor.RuntimeCompilation.RuntimeViewCompiler.CompileAndEmit(RazorCodeDocument codeDocument, String generatedCode)\r\n   at Microsoft.AspNetCore.Mvc.Razor.RuntimeCompilation.RuntimeViewCompiler.CompileAndEmit(String relativePath)\r\n   at Microsoft.AspNetCore.Mvc.Razor.RuntimeCompilation.RuntimeViewCompiler.OnCacheMiss(String normalizedPath)\r\n--- End of stack trace from previous location ---\r\n   at Microsoft.AspNetCore.Mvc.Razor.Compilation.DefaultRazorPageFactoryProvider.CreateFactory(String relativePath)\r\n   at Microsoft.AspNetCore.Mvc.Razor.RazorViewEngine.CreateCacheResult(HashSet`1 expirationTokens, String relativePath, Boolean isMainPage)\r\n   at Microsoft.AspNetCore.Mvc.Razor.RazorViewEngine.OnCacheMiss(ViewLocationExpanderContext expanderContext, ViewLocationCacheKey cacheKey)\r\n   at Microsoft.AspNetCore.Mvc.Razor.RazorViewEngine.LocatePageFromViewLocations(ActionContext actionContext, String pageName, Boolean isMainPage)\r\n   at Microsoft.AspNetCore.Mvc.Razor.RazorViewEngine.FindView(ActionContext context, String viewName, Boolean isMainPage)\r\n   at Umbraco.Cms.Web.Website.ViewEngines.ProfilingViewEngine.FindView(ActionContext context, String viewName, Boolean isMainPage)\r\n   at Microsoft.AspNetCore.Mvc.ViewEngines.CompositeViewEngine.FindView(ActionContext context, String viewName, Boolean isMainPage)\r\n   at Umbraco.Cms.Web.Common.Controllers.UmbracoPageController.EnsurePhsyicalViewExists(String template)\r\n   at Umbraco.Cms.Web.Common.Controllers.RenderController.CurrentTemplate[T](T model)\r\n   at Umbraco.Cms.Web.Common.Controllers.RenderController.Index()\r\n   at lambda_method3589(Closure, Object, Object[])\r\n   at Microsoft.AspNetCore.Mvc.Infrastructure.ActionMethodExecutor.SyncActionResultExecutor.Execute(ActionContext actionContext, IActionResultTypeMapper mapper, ObjectMethodExecutor executor, Object controller, Object[] arguments)\r\n   at Microsoft.AspNetCore.Mvc.Infrastructure.ControllerActionInvoker.InvokeActionMethodAsync()\r\n   at Microsoft.AspNetCore.Mvc.Infrastructure.ControllerActionInvoker.Next(State& next, Scope& scope, Object& state, Boolean& isCompleted)\r\n   at Microsoft.AspNetCore.Mvc.Infrastructure.ControllerActionInvoker.InvokeNextActionFilterAsync()\r\n--- End of stack trace from previous location ---\r\n   at Microsoft.AspNetCore.Mvc.Infrastructure.ControllerActionInvoker.Rethrow(ActionExecutedContextSealed context)\r\n   at Microsoft.AspNetCore.Mvc.Infrastructure.ControllerActionInvoker.Next(State& next, Scope& scope, Object& state, Boolean& isCompleted)\r\n   at Microsoft.AspNetCore.Mvc.Infrastructure.ControllerActionInvoker.InvokeInnerFilterAsync()\r\n--- End of stack trace from previous location ---\r\n   at Microsoft.AspNetCore.Mvc.Infrastructure.ResourceInvoker.<InvokeNextExceptionFilterAsync>g__Awaited|26_0(ResourceInvoker invoker, Task lastTask, State next, Scope scope, Object state, Boolean isCompleted)\r\n   at Microsoft.AspNetCore.Mvc.Infrastructure.ResourceInvoker.Rethrow(ExceptionContextSealed context)\r\n   at Microsoft.AspNetCore.Mvc.Infrastructure.ResourceInvoker.Next(State& next, Scope& scope, Object& state, Boolean& isCompleted)\r\n   at Microsoft.AspNetCore.Mvc.Infrastructure.ResourceInvoker.InvokeNextResourceFilter()\r\n--- End of stack trace from previous location ---\r\n   at Microsoft.AspNetCore.Mvc.Infrastructure.ResourceInvoker.Rethrow(ResourceExecutedContextSealed context)\r\n   at Microsoft.AspNetCore.Mvc.Infrastructure.ResourceInvoker.Next(State& next, Scope& scope, Object& state, Boolean& isCompleted)\r\n   at Microsoft.AspNetCore.Mvc.Infrastructure.ResourceInvoker.InvokeFilterPipelineAsync()\r\n--- End of stack trace from previous location ---\r\n   at Microsoft.AspNetCore.Mvc.Infrastructure.ResourceInvoker.<InvokeAsync>g__Awaited|17_0(ResourceInvoker invoker, Task task, IDisposable scope)\r\n   at Microsoft.AspNetCore.Mvc.Infrastructure.ResourceInvoker.<InvokeAsync>g__Awaited|17_0(ResourceInvoker invoker, Task task, IDisposable scope)\r\n   at Microsoft.AspNetCore.Routing.EndpointMiddleware.<Invoke>g__AwaitRequestTask|6_0(Endpoint endpoint, Task requestTask, ILogger logger)\r\n   at Umbraco.Cms.Web.Common.Middleware.BasicAuthenticationMiddleware.InvokeAsync(HttpContext context, RequestDelegate next)\r\n   at Microsoft.AspNetCore.Builder.UseMiddlewareExtensions.<>c__DisplayClass6_1.<<UseMiddlewareInterface>b__1>d.MoveNext()\r\n--- End of stack trace from previous location ---\r\n   at Umbraco.Cms.Web.BackOffice.Middleware.BackOfficeExternalLoginProviderErrorMiddleware.InvokeAsync(HttpContext context, RequestDelegate next)\r\n   at Microsoft.AspNetCore.Builder.UseMiddlewareExtensions.<>c__DisplayClass6_1.<<UseMiddlewareInterface>b__1>d.MoveNext()\r\n--- End of stack trace from previous location ---\r\n   at Microsoft.AspNetCore.Session.SessionMiddleware.Invoke(HttpContext context)\r\n   at Microsoft.AspNetCore.Session.SessionMiddleware.Invoke(HttpContext context)\r\n   at Microsoft.AspNetCore.Localization.RequestLocalizationMiddleware.Invoke(HttpContext context)\r\n   at Microsoft.AspNetCore.Authorization.AuthorizationMiddleware.Invoke(HttpContext context)\r\n   at Microsoft.AspNetCore.Authentication.AuthenticationMiddleware.Invoke(HttpContext context)\r\n   at StackExchange.Profiling.MiniProfilerMiddleware.Invoke(HttpContext context) in C:\\projects\\dotnet\\src\\MiniProfiler.AspNetCore\\MiniProfilerMiddleware.cs:line 121\r\n   at Umbraco.Cms.Web.Common.Middleware.UmbracoRequestMiddleware.InvokeAsync(HttpContext context, RequestDelegate next)\r\n   at Umbraco.Cms.Web.Common.Middleware.UmbracoRequestMiddleware.InvokeAsync(HttpContext context, RequestDelegate next)\r\n   at Microsoft.AspNetCore.Builder.UseMiddlewareExtensions.<>c__DisplayClass6_1.<<UseMiddlewareInterface>b__1>d.MoveNext()\r\n--- End of stack trace from previous location ---\r\n   at Umbraco.Cms.Web.Common.Middleware.PreviewAuthenticationMiddleware.InvokeAsync(HttpContext context, RequestDelegate next)\r\n   at Microsoft.AspNetCore.Builder.UseMiddlewareExtensions.<>c__DisplayClass6_1.<<UseMiddlewareInterface>b__1>d.MoveNext()\r\n--- End of stack trace from previous location ---\r\n   at Umbraco.Cms.Web.Common.Middleware.UmbracoRequestLoggingMiddleware.InvokeAsync(HttpContext context, RequestDelegate next)\r\n   at Microsoft.AspNetCore.Builder.UseMiddlewareExtensions.<>c__DisplayClass6_1.<<UseMiddlewareInterface>b__1>d.MoveNext()\r\n--- End of stack trace from previous location ---\r\n   at SixLabors.ImageSharp.Web.Middleware.ImageSharpMiddleware.Invoke(HttpContext httpContext, Boolean retry)\r\n   at Microsoft.AspNetCore.Diagnostics.DeveloperExceptionPageMiddlewareImpl.Invoke(HttpContext context)","EventId":{"Id":1,"Name":"UnhandledException"},"SourceContext":"Microsoft.AspNetCore.Diagnostics.DeveloperExceptionPageMiddleware","RequestId":"0HMOJT1PHCMJH:0000030F","RequestPath":"/","ConnectionId":"0HMOJT1PHCMJH","ProcessId":20152,"ProcessName":"Clean.Site","ThreadId":39,"ApplicationId":"08576e774ac196133407f48bb75449c37258f5a7","MachineName":"1C3-TEC-GJWGARY","Log4NetLevel":"ERROR"}
{"@t":"2023-02-21T09:04:37.3052792Z","@mt":"Acquiring MainDom.","SourceContext":"Umbraco.Cms.Core.Runtime.MainDom","ProcessId":4420,"ProcessName":"Clean.Site","ThreadId":1,"ApplicationId":"08576e774ac196133407f48bb75449c37258f5a7","MachineName":"1C3-TEC-GJWGARY","Log4NetLevel":"INFO "}
{"@t":"2023-02-21T09:04:37.3124649Z","@mt":"Acquired MainDom.","SourceContext":"Umbraco.Cms.Core.Runtime.MainDom","ProcessId":4420,"ProcessName":"Clean.Site","ThreadId":1,"ApplicationId":"08576e774ac196133407f48bb75449c37258f5a7","MachineName":"1C3-TEC-GJWGARY","Log4NetLevel":"INFO "}
{"@t":"2023-02-21T09:04:38.2431648Z","@mt":"Now listening on: {address}","address":"https://localhost:44365","EventId":{"Id":14,"Name":"ListeningOnAddress"},"SourceContext":"Microsoft.Hosting.Lifetime","ProcessId":4420,"ProcessName":"Clean.Site","ThreadId":1,"ApplicationId":"08576e774ac196133407f48bb75449c37258f5a7","MachineName":"1C3-TEC-GJWGARY","Log4NetLevel":"INFO "}
{"@t":"2023-02-21T09:04:38.2438318Z","@mt":"Now listening on: {address}","address":"http://localhost:43116","EventId":{"Id":14,"Name":"ListeningOnAddress"},"SourceContext":"Microsoft.Hosting.Lifetime","ProcessId":4420,"ProcessName":"Clean.Site","ThreadId":1,"ApplicationId":"08576e774ac196133407f48bb75449c37258f5a7","MachineName":"1C3-TEC-GJWGARY","Log4NetLevel":"INFO "}
{"@t":"2023-02-21T09:04:38.2480213Z","@mt":"Application started. Press Ctrl+C to shut down.","SourceContext":"Microsoft.Hosting.Lifetime","ProcessId":4420,"ProcessName":"Clean.Site","ThreadId":1,"ApplicationId":"08576e774ac196133407f48bb75449c37258f5a7","MachineName":"1C3-TEC-GJWGARY","Log4NetLevel":"INFO "}
{"@t":"2023-02-21T09:04:38.2481429Z","@mt":"Hosting environment: {EnvName}","EnvName":"Development","SourceContext":"Microsoft.Hosting.Lifetime","ProcessId":4420,"ProcessName":"Clean.Site","ThreadId":1,"ApplicationId":"08576e774ac196133407f48bb75449c37258f5a7","MachineName":"1C3-TEC-GJWGARY","Log4NetLevel":"INFO "}
{"@t":"2023-02-21T09:04:38.2481823Z","@mt":"Content root path: {ContentRoot}","ContentRoot":"C:\\Hadi\\Umbraco\\Clean\\Clean.Site","SourceContext":"Microsoft.Hosting.Lifetime","ProcessId":4420,"ProcessName":"Clean.Site","ThreadId":1,"ApplicationId":"08576e774ac196133407f48bb75449c37258f5a7","MachineName":"1C3-TEC-GJWGARY","Log4NetLevel":"INFO "}
{"@t":"2023-02-21T09:05:11.8348277Z","@mt":"Acquiring MainDom.","SourceContext":"Umbraco.Cms.Core.Runtime.MainDom","ProcessId":13172,"ProcessName":"Clean.Site","ThreadId":1,"ApplicationId":"08576e774ac196133407f48bb75449c37258f5a7","MachineName":"1C3-TEC-GJWGARY","Log4NetLevel":"INFO "}
{"@t":"2023-02-21T09:05:11.8408863Z","@mt":"Acquired MainDom.","SourceContext":"Umbraco.Cms.Core.Runtime.MainDom","ProcessId":13172,"ProcessName":"Clean.Site","ThreadId":1,"ApplicationId":"08576e774ac196133407f48bb75449c37258f5a7","MachineName":"1C3-TEC-GJWGARY","Log4NetLevel":"INFO "}
{"@t":"2023-02-21T09:05:12.4930396Z","@mt":"Now listening on: {address}","address":"https://localhost:44365","EventId":{"Id":14,"Name":"ListeningOnAddress"},"SourceContext":"Microsoft.Hosting.Lifetime","ProcessId":13172,"ProcessName":"Clean.Site","ThreadId":1,"ApplicationId":"08576e774ac196133407f48bb75449c37258f5a7","MachineName":"1C3-TEC-GJWGARY","Log4NetLevel":"INFO "}
{"@t":"2023-02-21T09:05:12.4934447Z","@mt":"Now listening on: {address}","address":"http://localhost:43116","EventId":{"Id":14,"Name":"ListeningOnAddress"},"SourceContext":"Microsoft.Hosting.Lifetime","ProcessId":13172,"ProcessName":"Clean.Site","ThreadId":1,"ApplicationId":"08576e774ac196133407f48bb75449c37258f5a7","MachineName":"1C3-TEC-GJWGARY","Log4NetLevel":"INFO "}
{"@t":"2023-02-21T09:05:12.4958899Z","@mt":"Application started. Press Ctrl+C to shut down.","SourceContext":"Microsoft.Hosting.Lifetime","ProcessId":13172,"ProcessName":"Clean.Site","ThreadId":1,"ApplicationId":"08576e774ac196133407f48bb75449c37258f5a7","MachineName":"1C3-TEC-GJWGARY","Log4NetLevel":"INFO "}
{"@t":"2023-02-21T09:05:12.4959473Z","@mt":"Hosting environment: {EnvName}","EnvName":"Development","SourceContext":"Microsoft.Hosting.Lifetime","ProcessId":13172,"ProcessName":"Clean.Site","ThreadId":1,"ApplicationId":"08576e774ac196133407f48bb75449c37258f5a7","MachineName":"1C3-TEC-GJWGARY","Log4NetLevel":"INFO "}
{"@t":"2023-02-21T09:05:12.4959653Z","@mt":"Content root path: {ContentRoot}","ContentRoot":"C:\\Hadi\\Umbraco\\Clean\\Clean.Site","SourceContext":"Microsoft.Hosting.Lifetime","ProcessId":13172,"ProcessName":"Clean.Site","ThreadId":1,"ApplicationId":"08576e774ac196133407f48bb75449c37258f5a7","MachineName":"1C3-TEC-GJWGARY","Log4NetLevel":"INFO "}
{"@t":"2023-02-21T09:06:24.4666531Z","@mt":"Registered with MainDom, localContentDbExists? {LocalContentDbExists}, localMediaDbExists? {LocalMediaDbExists}","LocalContentDbExists":true,"LocalMediaDbExists":true,"SourceContext":"Umbraco.Cms.Infrastructure.PublishedCache.PublishedSnapshotService","RequestId":"0HMOJTAUNKCNR:000000E3","RequestPath":"/","ConnectionId":"0HMOJTAUNKCNR","ProcessId":13172,"ProcessName":"Clean.Site","ThreadId":26,"ApplicationId":"08576e774ac196133407f48bb75449c37258f5a7","MachineName":"1C3-TEC-GJWGARY","Log4NetLevel":"INFO ","HttpRequestId":"0cfb2c40-e0e7-46d4-9cea-c9443e5a02c7","HttpRequestNumber":1,"HttpSessionId":"0"}
{"@t":"2023-02-21T09:06:24.4689490Z","@mt":"Creating the content store, localContentDbExists? {LocalContentDbExists}","LocalContentDbExists":true,"SourceContext":"Umbraco.Cms.Infrastructure.PublishedCache.PublishedSnapshotService","RequestId":"0HMOJTAUNKCNR:000000E3","RequestPath":"/","ConnectionId":"0HMOJTAUNKCNR","ProcessId":13172,"ProcessName":"Clean.Site","ThreadId":26,"ApplicationId":"08576e774ac196133407f48bb75449c37258f5a7","MachineName":"1C3-TEC-GJWGARY","Log4NetLevel":"INFO ","HttpRequestId":"0cfb2c40-e0e7-46d4-9cea-c9443e5a02c7","HttpRequestNumber":1,"HttpSessionId":"0"}
{"@t":"2023-02-21T09:06:24.4725308Z","@mt":"Creating the media store, localMediaDbExists? {LocalMediaDbExists}","LocalMediaDbExists":true,"SourceContext":"Umbraco.Cms.Infrastructure.PublishedCache.PublishedSnapshotService","RequestId":"0HMOJTAUNKCNR:000000E3","RequestPath":"/","ConnectionId":"0HMOJTAUNKCNR","ProcessId":13172,"ProcessName":"Clean.Site","ThreadId":26,"ApplicationId":"08576e774ac196133407f48bb75449c37258f5a7","MachineName":"1C3-TEC-GJWGARY","Log4NetLevel":"INFO ","HttpRequestId":"0cfb2c40-e0e7-46d4-9cea-c9443e5a02c7","HttpRequestNumber":1,"HttpSessionId":"0"}
{"@t":"2023-02-21T09:06:24.5145068Z","@mt":"{StartMessage} [Timing {TimingId}]","StartMessage":"Loading content from local cache file","TimingId":"abab194","SourceContext":"Umbraco.Cms.Core.Logging.ProfilingLogger","RequestId":"0HMOJTAUNKCNR:000000E3","RequestPath":"/","ConnectionId":"0HMOJTAUNKCNR","ProcessId":13172,"ProcessName":"Clean.Site","ThreadId":26,"ApplicationId":"08576e774ac196133407f48bb75449c37258f5a7","MachineName":"1C3-TEC-GJWGARY","Log4NetLevel":"INFO ","HttpRequestId":"0cfb2c40-e0e7-46d4-9cea-c9443e5a02c7","HttpRequestNumber":1,"HttpSessionId":"0"}
{"@t":"2023-02-21T09:06:24.5404755Z","@mt":"{EndMessage} ({Duration}ms) [Timing {TimingId}]","EndMessage":"Completed.","Duration":26,"TimingId":"abab194","SourceContext":"Umbraco.Cms.Core.Logging.ProfilingLogger","RequestId":"0HMOJTAUNKCNR:000000E3","RequestPath":"/","ConnectionId":"0HMOJTAUNKCNR","ProcessId":13172,"ProcessName":"Clean.Site","ThreadId":26,"ApplicationId":"08576e774ac196133407f48bb75449c37258f5a7","MachineName":"1C3-TEC-GJWGARY","Log4NetLevel":"INFO ","HttpRequestId":"0cfb2c40-e0e7-46d4-9cea-c9443e5a02c7","HttpRequestNumber":1,"HttpSessionId":"0"}
{"@t":"2023-02-21T09:06:24.5478119Z","@mt":"{StartMessage} [Timing {TimingId}]","StartMessage":"Loading media from local cache file","TimingId":"ca44f26","SourceContext":"Umbraco.Cms.Core.Logging.ProfilingLogger","RequestId":"0HMOJTAUNKCNR:000000E3","RequestPath":"/","ConnectionId":"0HMOJTAUNKCNR","ProcessId":13172,"ProcessName":"Clean.Site","ThreadId":26,"ApplicationId":"08576e774ac196133407f48bb75449c37258f5a7","MachineName":"1C3-TEC-GJWGARY","Log4NetLevel":"INFO ","HttpRequestId":"0cfb2c40-e0e7-46d4-9cea-c9443e5a02c7","HttpRequestNumber":1,"HttpSessionId":"0"}
{"@t":"2023-02-21T09:06:24.5487489Z","@mt":"Tried to load {entityType} from the local cache file but it was empty.","entityType":"media","SourceContext":"Umbraco.Cms.Infrastructure.PublishedCache.PublishedSnapshotService","RequestId":"0HMOJTAUNKCNR:000000E3","RequestPath":"/","ConnectionId":"0HMOJTAUNKCNR","ProcessId":13172,"ProcessName":"Clean.Site","ThreadId":26,"ApplicationId":"08576e774ac196133407f48bb75449c37258f5a7","MachineName":"1C3-TEC-GJWGARY","Log4NetLevel":"INFO ","HttpRequestId":"0cfb2c40-e0e7-46d4-9cea-c9443e5a02c7","HttpRequestNumber":1,"HttpSessionId":"0"}
{"@t":"2023-02-21T09:06:24.5490243Z","@mt":"{EndMessage} ({Duration}ms) [Timing {TimingId}]","EndMessage":"Completed.","Duration":1,"TimingId":"ca44f26","SourceContext":"Umbraco.Cms.Core.Logging.ProfilingLogger","RequestId":"0HMOJTAUNKCNR:000000E3","RequestPath":"/","ConnectionId":"0HMOJTAUNKCNR","ProcessId":13172,"ProcessName":"Clean.Site","ThreadId":26,"ApplicationId":"08576e774ac196133407f48bb75449c37258f5a7","MachineName":"1C3-TEC-GJWGARY","Log4NetLevel":"INFO ","HttpRequestId":"0cfb2c40-e0e7-46d4-9cea-c9443e5a02c7","HttpRequestNumber":1,"HttpSessionId":"0"}
{"@t":"2023-02-21T09:06:24.5491187Z","@mt":"Loading media from local db raised warnings, will reload from database.","@l":"Warning","SourceContext":"Umbraco.Cms.Infrastructure.PublishedCache.PublishedSnapshotService","RequestId":"0HMOJTAUNKCNR:000000E3","RequestPath":"/","ConnectionId":"0HMOJTAUNKCNR","ProcessId":13172,"ProcessName":"Clean.Site","ThreadId":26,"ApplicationId":"08576e774ac196133407f48bb75449c37258f5a7","MachineName":"1C3-TEC-GJWGARY","Log4NetLevel":"WARN ","HttpRequestId":"0cfb2c40-e0e7-46d4-9cea-c9443e5a02c7","HttpRequestNumber":1,"HttpSessionId":"0"}
{"@t":"2023-02-21T09:06:24.5615546Z","@mt":"{StartMessage} [Timing {TimingId}]","StartMessage":"Loading media from database","TimingId":"3214319","SourceContext":"Umbraco.Cms.Core.Logging.ProfilingLogger","RequestId":"0HMOJTAUNKCNR:000000E3","RequestPath":"/","ConnectionId":"0HMOJTAUNKCNR","ProcessId":13172,"ProcessName":"Clean.Site","ThreadId":26,"ApplicationId":"08576e774ac196133407f48bb75449c37258f5a7","MachineName":"1C3-TEC-GJWGARY","Log4NetLevel":"INFO ","HttpRequestId":"0cfb2c40-e0e7-46d4-9cea-c9443e5a02c7","HttpRequestNumber":1,"HttpSessionId":"0"}
{"@t":"2023-02-21T09:06:24.6415159Z","@mt":"{EndMessage} ({Duration}ms) [Timing {TimingId}]","EndMessage":"Completed.","Duration":79,"TimingId":"3214319","SourceContext":"Umbraco.Cms.Core.Logging.ProfilingLogger","RequestId":"0HMOJTAUNKCNR:000000E3","RequestPath":"/","ConnectionId":"0HMOJTAUNKCNR","ProcessId":13172,"ProcessName":"Clean.Site","ThreadId":26,"ApplicationId":"08576e774ac196133407f48bb75449c37258f5a7","MachineName":"1C3-TEC-GJWGARY","Log4NetLevel":"INFO ","HttpRequestId":"0cfb2c40-e0e7-46d4-9cea-c9443e5a02c7","HttpRequestNumber":1,"HttpSessionId":"0"}
{"@t":"2023-02-21T09:06:27.4302422Z","@mt":"Unable to configure browser refresh script injection on the response. Consider manually adding '<script src=\"/_framework/aspnetcore-browser-refresh.js\"></script>' to the body of the page.","@l":"Warning","EventId":{"Id":3,"Name":"FailedToConfiguredForRefreshes"},"SourceContext":"Microsoft.AspNetCore.Watch.BrowserRefresh.BrowserRefreshMiddleware","RequestId":"0HMOJTAUNKCNR:000000E3","RequestPath":"/","ConnectionId":"0HMOJTAUNKCNR","ProcessId":13172,"ProcessName":"Clean.Site","ThreadId":26,"ApplicationId":"08576e774ac196133407f48bb75449c37258f5a7","MachineName":"1C3-TEC-GJWGARY","Log4NetLevel":"WARN "}
{"@t":"2023-02-21T09:07:37.4380588Z","@mt":"Unable to configure browser refresh script injection on the response. Consider manually adding '<script src=\"/_framework/aspnetcore-browser-refresh.js\"></script>' to the body of the page.","@l":"Warning","EventId":{"Id":3,"Name":"FailedToConfiguredForRefreshes"},"SourceContext":"Microsoft.AspNetCore.Watch.BrowserRefresh.BrowserRefreshMiddleware","RequestId":"0HMOJTAUNKCNR:000000ED","RequestPath":"/","ConnectionId":"0HMOJTAUNKCNR","ProcessId":13172,"ProcessName":"Clean.Site","ThreadId":24,"ApplicationId":"08576e774ac196133407f48bb75449c37258f5a7","MachineName":"1C3-TEC-GJWGARY","Log4NetLevel":"WARN "}
{"@t":"2023-02-21T09:08:48.0656040Z","@mt":"Unable to configure browser refresh script injection on the response. Consider manually adding '<script src=\"/_framework/aspnetcore-browser-refresh.js\"></script>' to the body of the page.","@l":"Warning","EventId":{"Id":3,"Name":"FailedToConfiguredForRefreshes"},"SourceContext":"Microsoft.AspNetCore.Watch.BrowserRefresh.BrowserRefreshMiddleware","RequestId":"0HMOJTAUNKCNR:000000F7","RequestPath":"/","ConnectionId":"0HMOJTAUNKCNR","ProcessId":13172,"ProcessName":"Clean.Site","ThreadId":22,"ApplicationId":"08576e774ac196133407f48bb75449c37258f5a7","MachineName":"1C3-TEC-GJWGARY","Log4NetLevel":"WARN "}
{"@t":"2023-02-21T09:10:35.3263443Z","@mt":"Adding examine event handlers for {RegisteredIndexers} index providers.","RegisteredIndexers":3,"SourceContext":"Umbraco.Cms.Infrastructure.Examine.ExamineUmbracoIndexingHandler","ActionId":"043b3d63-8afa-4f36-91fd-178084c8e3ce","ActionName":"Umbraco.Cms.Web.BackOffice.Controllers.ContentTypeController.PostSave (Umbraco.Web.BackOffice)","RequestId":"0HMOJTAUNKCNR:0000013B","RequestPath":"/umbraco/backoffice/umbracoapi/contenttype/PostSave","ConnectionId":"0HMOJTAUNKCNR","ProcessId":13172,"ProcessName":"Clean.Site","ThreadId":4,"ApplicationId":"08576e774ac196133407f48bb75449c37258f5a7","MachineName":"1C3-TEC-GJWGARY","Log4NetLevel":"INFO ","HttpRequestId":"0dd8f6ce-847d-4190-9e58-4241fd782f21","HttpRequestNumber":2,"HttpSessionId":"7c697f0d-ea4b-ff5d-4c0c-136c827c7354"}
{"@t":"2023-02-21T09:11:07.7326205Z","@mt":"Document {ContentName} (id={ContentId}) has been published.","ContentName":"Home","ContentId":1064,"SourceContext":"Umbraco.Cms.Core.Services.ContentService","ActionId":"6054f865-6f55-4432-af15-2bb2984274fc","ActionName":"Umbraco.Cms.Web.BackOffice.Controllers.ContentController.PostSave (Umbraco.Web.BackOffice)","RequestId":"0HMOJTAUNKCNR:000001D7","RequestPath":"/umbraco/backoffice/umbracoapi/content/PostSave","ConnectionId":"0HMOJTAUNKCNR","ProcessId":13172,"ProcessName":"Clean.Site","ThreadId":23,"ApplicationId":"08576e774ac196133407f48bb75449c37258f5a7","MachineName":"1C3-TEC-GJWGARY","Log4NetLevel":"INFO ","HttpRequestId":"27865f87-1e2d-4d58-9f4a-0e92d8c5697e","HttpRequestNumber":3,"HttpSessionId":"0326b493-a52c-03d0-08a6-b0dbbfbdb0ca"}
{"@t":"2023-02-21T09:53:03.1770316Z","@mt":"Unable to configure browser refresh script injection on the response. Consider manually adding '<script src=\"/_framework/aspnetcore-browser-refresh.js\"></script>' to the body of the page.","@l":"Warning","EventId":{"Id":3,"Name":"FailedToConfiguredForRefreshes"},"SourceContext":"Microsoft.AspNetCore.Watch.BrowserRefresh.BrowserRefreshMiddleware","RequestId":"0HMOJTAUNKCO5:0000001F","RequestPath":"/","ConnectionId":"0HMOJTAUNKCO5","ProcessId":13172,"ProcessName":"Clean.Site","ThreadId":151,"ApplicationId":"08576e774ac196133407f48bb75449c37258f5a7","MachineName":"1C3-TEC-GJWGARY","Log4NetLevel":"WARN "}
{"@t":"2023-02-21T09:57:02.8269968Z","@mt":"Unable to configure browser refresh script injection on the response. Consider manually adding '<script src=\"/_framework/aspnetcore-browser-refresh.js\"></script>' to the body of the page.","@l":"Warning","EventId":{"Id":3,"Name":"FailedToConfiguredForRefreshes"},"SourceContext":"Microsoft.AspNetCore.Watch.BrowserRefresh.BrowserRefreshMiddleware","RequestId":"0HMOJTAUNKCO5:0000002F","RequestPath":"/","ConnectionId":"0HMOJTAUNKCO5","ProcessId":13172,"ProcessName":"Clean.Site","ThreadId":174,"ApplicationId":"08576e774ac196133407f48bb75449c37258f5a7","MachineName":"1C3-TEC-GJWGARY","Log4NetLevel":"WARN "}
{"@t":"2023-02-21T10:12:23.2812546Z","@mt":"User logged will be logged out due to timeout: {Username}, IP Address: {IPAddress}","Username":"admin@example.com","IPAddress":"::1","SourceContext":"Umbraco.Cms.Web.BackOffice.Controllers.AuthenticationController","ActionId":"edd8317d-8dc2-49bb-af5e-8dad5a6b4fb0","ActionName":"Umbraco.Cms.Web.BackOffice.Controllers.AuthenticationController.GetRemainingTimeoutSeconds (Umbraco.Web.BackOffice)","RequestId":"0HMOJTAUNKCO5:00000057","RequestPath":"/umbraco/backoffice/umbracoapi/authentication/GetRemainingTimeoutSeconds","ConnectionId":"0HMOJTAUNKCO5","ProcessId":13172,"ProcessName":"Clean.Site","ThreadId":140,"ApplicationId":"08576e774ac196133407f48bb75449c37258f5a7","MachineName":"1C3-TEC-GJWGARY","Log4NetLevel":"INFO ","HttpRequestId":"3ad583b5-077f-4f87-b85f-aaceddb88e93","HttpRequestNumber":4,"HttpSessionId":"d7024dbb-f32c-7722-f904-57806290553e"}
