{"@t":"2023-03-21T02:44:56.9834007Z","@mt":"Acquiring MainDom.","SourceContext":"Umbraco.Cms.Core.Runtime.MainDom","ProcessId":24316,"ProcessName":"Clean.Site","ThreadId":1,"ApplicationId":"08576e774ac196133407f48bb75449c37258f5a7","MachineName":"1C3-TEC-GJWGARY","Log4NetLevel":"INFO "}
{"@t":"2023-03-21T02:44:56.9912053Z","@mt":"Acquired MainDom.","SourceContext":"Umbraco.Cms.Core.Runtime.MainDom","ProcessId":24316,"ProcessName":"Clean.Site","ThreadId":1,"ApplicationId":"08576e774ac196133407f48bb75449c37258f5a7","MachineName":"1C3-TEC-GJWGARY","Log4NetLevel":"INFO "}
{"@t":"2023-03-21T02:44:57.9412442Z","@mt":"Now listening on: {address}","address":"https://localhost:44365","EventId":{"Id":14,"Name":"ListeningOnAddress"},"SourceContext":"Microsoft.Hosting.Lifetime","ProcessId":24316,"ProcessName":"Clean.Site","ThreadId":1,"ApplicationId":"08576e774ac196133407f48bb75449c37258f5a7","MachineName":"1C3-TEC-GJWGARY","Log4NetLevel":"INFO "}
{"@t":"2023-03-21T02:44:57.9418329Z","@mt":"Now listening on: {address}","address":"http://localhost:43116","EventId":{"Id":14,"Name":"ListeningOnAddress"},"SourceContext":"Microsoft.Hosting.Lifetime","ProcessId":24316,"ProcessName":"Clean.Site","ThreadId":1,"ApplicationId":"08576e774ac196133407f48bb75449c37258f5a7","MachineName":"1C3-TEC-GJWGARY","Log4NetLevel":"INFO "}
{"@t":"2023-03-21T02:44:57.9493986Z","@mt":"uSync: Startup Complete {elapsed}ms","elapsed":2,"SourceContext":"uSync.BackOffice.Notifications.uSyncApplicationStartingHandler","ProcessId":24316,"ProcessName":"Clean.Site","ThreadId":1,"ApplicationId":"08576e774ac196133407f48bb75449c37258f5a7","MachineName":"1C3-TEC-GJWGARY","Log4NetLevel":"INFO "}
{"@t":"2023-03-21T02:44:57.9497660Z","@mt":"Application started. Press Ctrl+C to shut down.","SourceContext":"Microsoft.Hosting.Lifetime","ProcessId":24316,"ProcessName":"Clean.Site","ThreadId":1,"ApplicationId":"08576e774ac196133407f48bb75449c37258f5a7","MachineName":"1C3-TEC-GJWGARY","Log4NetLevel":"INFO "}
{"@t":"2023-03-21T02:44:57.9498027Z","@mt":"Hosting environment: {EnvName}","EnvName":"Development","SourceContext":"Microsoft.Hosting.Lifetime","ProcessId":24316,"ProcessName":"Clean.Site","ThreadId":1,"ApplicationId":"08576e774ac196133407f48bb75449c37258f5a7","MachineName":"1C3-TEC-GJWGARY","Log4NetLevel":"INFO "}
{"@t":"2023-03-21T02:44:57.9498164Z","@mt":"Content root path: {ContentRoot}","ContentRoot":"C:\\Hadi\\Umbraco\\Clean\\Clean.Site","SourceContext":"Microsoft.Hosting.Lifetime","ProcessId":24316,"ProcessName":"Clean.Site","ThreadId":1,"ApplicationId":"08576e774ac196133407f48bb75449c37258f5a7","MachineName":"1C3-TEC-GJWGARY","Log4NetLevel":"INFO "}
{"@t":"2023-03-21T02:44:58.6060486Z","@mt":"Registered with MainDom, localContentDbExists? {LocalContentDbExists}, localMediaDbExists? {LocalMediaDbExists}","LocalContentDbExists":true,"LocalMediaDbExists":true,"SourceContext":"Umbraco.Cms.Infrastructure.PublishedCache.PublishedSnapshotService","RequestId":"0HMP9MP1AHNPJ:00000001","RequestPath":"/","ConnectionId":"0HMP9MP1AHNPJ","ProcessId":24316,"ProcessName":"Clean.Site","ThreadId":4,"ApplicationId":"08576e774ac196133407f48bb75449c37258f5a7","MachineName":"1C3-TEC-GJWGARY","Log4NetLevel":"INFO ","HttpRequestId":"85780526-675b-41c5-86d1-5ecbf2a98cb2","HttpRequestNumber":1,"HttpSessionId":"0"}
{"@t":"2023-03-21T02:44:58.6077292Z","@mt":"Creating the content store, localContentDbExists? {LocalContentDbExists}","LocalContentDbExists":true,"SourceContext":"Umbraco.Cms.Infrastructure.PublishedCache.PublishedSnapshotService","RequestId":"0HMP9MP1AHNPJ:00000001","RequestPath":"/","ConnectionId":"0HMP9MP1AHNPJ","ProcessId":24316,"ProcessName":"Clean.Site","ThreadId":4,"ApplicationId":"08576e774ac196133407f48bb75449c37258f5a7","MachineName":"1C3-TEC-GJWGARY","Log4NetLevel":"INFO ","HttpRequestId":"85780526-675b-41c5-86d1-5ecbf2a98cb2","HttpRequestNumber":1,"HttpSessionId":"0"}
{"@t":"2023-03-21T02:44:58.6091330Z","@mt":"Creating the media store, localMediaDbExists? {LocalMediaDbExists}","LocalMediaDbExists":true,"SourceContext":"Umbraco.Cms.Infrastructure.PublishedCache.PublishedSnapshotService","RequestId":"0HMP9MP1AHNPJ:00000001","RequestPath":"/","ConnectionId":"0HMP9MP1AHNPJ","ProcessId":24316,"ProcessName":"Clean.Site","ThreadId":4,"ApplicationId":"08576e774ac196133407f48bb75449c37258f5a7","MachineName":"1C3-TEC-GJWGARY","Log4NetLevel":"INFO ","HttpRequestId":"85780526-675b-41c5-86d1-5ecbf2a98cb2","HttpRequestNumber":1,"HttpSessionId":"0"}
{"@t":"2023-03-21T02:44:59.1071698Z","@mt":"{StartMessage} [Timing {TimingId}]","StartMessage":"Loading content from local cache file","TimingId":"d01d527","SourceContext":"Umbraco.Cms.Core.Logging.ProfilingLogger","RequestId":"0HMP9MP1AHNPJ:00000001","RequestPath":"/","ConnectionId":"0HMP9MP1AHNPJ","ProcessId":24316,"ProcessName":"Clean.Site","ThreadId":4,"ApplicationId":"08576e774ac196133407f48bb75449c37258f5a7","MachineName":"1C3-TEC-GJWGARY","Log4NetLevel":"INFO ","HttpRequestId":"85780526-675b-41c5-86d1-5ecbf2a98cb2","HttpRequestNumber":1,"HttpSessionId":"0"}
{"@t":"2023-03-21T02:44:59.1294638Z","@mt":"{EndMessage} ({Duration}ms) [Timing {TimingId}]","EndMessage":"Completed.","Duration":22,"TimingId":"d01d527","SourceContext":"Umbraco.Cms.Core.Logging.ProfilingLogger","RequestId":"0HMP9MP1AHNPJ:00000001","RequestPath":"/","ConnectionId":"0HMP9MP1AHNPJ","ProcessId":24316,"ProcessName":"Clean.Site","ThreadId":4,"ApplicationId":"08576e774ac196133407f48bb75449c37258f5a7","MachineName":"1C3-TEC-GJWGARY","Log4NetLevel":"INFO ","HttpRequestId":"85780526-675b-41c5-86d1-5ecbf2a98cb2","HttpRequestNumber":1,"HttpSessionId":"0"}
{"@t":"2023-03-21T02:44:59.1365620Z","@mt":"{StartMessage} [Timing {TimingId}]","StartMessage":"Loading media from local cache file","TimingId":"faf1c5c","SourceContext":"Umbraco.Cms.Core.Logging.ProfilingLogger","RequestId":"0HMP9MP1AHNPJ:00000001","RequestPath":"/","ConnectionId":"0HMP9MP1AHNPJ","ProcessId":24316,"ProcessName":"Clean.Site","ThreadId":4,"ApplicationId":"08576e774ac196133407f48bb75449c37258f5a7","MachineName":"1C3-TEC-GJWGARY","Log4NetLevel":"INFO ","HttpRequestId":"85780526-675b-41c5-86d1-5ecbf2a98cb2","HttpRequestNumber":1,"HttpSessionId":"0"}
{"@t":"2023-03-21T02:44:59.1374283Z","@mt":"{EndMessage} ({Duration}ms) [Timing {TimingId}]","EndMessage":"Completed.","Duration":0,"TimingId":"faf1c5c","SourceContext":"Umbraco.Cms.Core.Logging.ProfilingLogger","RequestId":"0HMP9MP1AHNPJ:00000001","RequestPath":"/","ConnectionId":"0HMP9MP1AHNPJ","ProcessId":24316,"ProcessName":"Clean.Site","ThreadId":4,"ApplicationId":"08576e774ac196133407f48bb75449c37258f5a7","MachineName":"1C3-TEC-GJWGARY","Log4NetLevel":"INFO ","HttpRequestId":"85780526-675b-41c5-86d1-5ecbf2a98cb2","HttpRequestNumber":1,"HttpSessionId":"0"}
{"@t":"2023-03-21T02:50:10.3416121Z","@mt":"Adding examine event handlers for {RegisteredIndexers} index providers.","RegisteredIndexers":3,"SourceContext":"Umbraco.Cms.Infrastructure.Examine.ExamineUmbracoIndexingHandler","ActionId":"93679f26-a023-429a-8050-b8a6acdd53d4","ActionName":"Umbraco.Cms.Web.BackOffice.Controllers.ContentTypeController.PostSave (Umbraco.Web.BackOffice)","RequestId":"0HMP9MP1AHNPJ:00000159","RequestPath":"/umbraco/backoffice/umbracoapi/contenttype/PostSave","ConnectionId":"0HMP9MP1AHNPJ","ProcessId":24316,"ProcessName":"Clean.Site","ThreadId":9,"ApplicationId":"08576e774ac196133407f48bb75449c37258f5a7","MachineName":"1C3-TEC-GJWGARY","Log4NetLevel":"INFO ","HttpRequestId":"92adc3df-6b43-430e-b1a7-374e0e14cc46","HttpRequestNumber":2,"HttpSessionId":"d3862e24-274d-a71e-574f-d316a40cfccb"}
{"@t":"2023-03-21T02:54:43.3008754Z","@mt":"Acquiring MainDom.","SourceContext":"Umbraco.Cms.Core.Runtime.MainDom","ProcessId":1820,"ProcessName":"Clean.Site","ThreadId":1,"ApplicationId":"08576e774ac196133407f48bb75449c37258f5a7","MachineName":"1C3-TEC-GJWGARY","Log4NetLevel":"INFO "}
{"@t":"2023-03-21T02:54:43.3088309Z","@mt":"Acquired MainDom.","SourceContext":"Umbraco.Cms.Core.Runtime.MainDom","ProcessId":1820,"ProcessName":"Clean.Site","ThreadId":1,"ApplicationId":"08576e774ac196133407f48bb75449c37258f5a7","MachineName":"1C3-TEC-GJWGARY","Log4NetLevel":"INFO "}
{"@t":"2023-03-21T02:54:44.1278357Z","@mt":"Now listening on: {address}","address":"https://localhost:44365","EventId":{"Id":14,"Name":"ListeningOnAddress"},"SourceContext":"Microsoft.Hosting.Lifetime","ProcessId":1820,"ProcessName":"Clean.Site","ThreadId":1,"ApplicationId":"08576e774ac196133407f48bb75449c37258f5a7","MachineName":"1C3-TEC-GJWGARY","Log4NetLevel":"INFO "}
{"@t":"2023-03-21T02:54:44.1282450Z","@mt":"Now listening on: {address}","address":"http://localhost:43116","EventId":{"Id":14,"Name":"ListeningOnAddress"},"SourceContext":"Microsoft.Hosting.Lifetime","ProcessId":1820,"ProcessName":"Clean.Site","ThreadId":1,"ApplicationId":"08576e774ac196133407f48bb75449c37258f5a7","MachineName":"1C3-TEC-GJWGARY","Log4NetLevel":"INFO "}
{"@t":"2023-03-21T02:54:44.1379463Z","@mt":"uSync: Startup Complete {elapsed}ms","elapsed":3,"SourceContext":"uSync.BackOffice.Notifications.uSyncApplicationStartingHandler","ProcessId":1820,"ProcessName":"Clean.Site","ThreadId":1,"ApplicationId":"08576e774ac196133407f48bb75449c37258f5a7","MachineName":"1C3-TEC-GJWGARY","Log4NetLevel":"INFO "}
{"@t":"2023-03-21T02:54:44.1388339Z","@mt":"Application started. Press Ctrl+C to shut down.","SourceContext":"Microsoft.Hosting.Lifetime","ProcessId":1820,"ProcessName":"Clean.Site","ThreadId":1,"ApplicationId":"08576e774ac196133407f48bb75449c37258f5a7","MachineName":"1C3-TEC-GJWGARY","Log4NetLevel":"INFO "}
{"@t":"2023-03-21T02:54:44.1389047Z","@mt":"Hosting environment: {EnvName}","EnvName":"Development","SourceContext":"Microsoft.Hosting.Lifetime","ProcessId":1820,"ProcessName":"Clean.Site","ThreadId":1,"ApplicationId":"08576e774ac196133407f48bb75449c37258f5a7","MachineName":"1C3-TEC-GJWGARY","Log4NetLevel":"INFO "}
{"@t":"2023-03-21T02:54:44.1389493Z","@mt":"Content root path: {ContentRoot}","ContentRoot":"C:\\Hadi\\Umbraco\\Clean\\Clean.Site","SourceContext":"Microsoft.Hosting.Lifetime","ProcessId":1820,"ProcessName":"Clean.Site","ThreadId":1,"ApplicationId":"08576e774ac196133407f48bb75449c37258f5a7","MachineName":"1C3-TEC-GJWGARY","Log4NetLevel":"INFO "}
{"@t":"2023-03-21T02:55:04.0864607Z","@mt":"Registered with MainDom, localContentDbExists? {LocalContentDbExists}, localMediaDbExists? {LocalMediaDbExists}","LocalContentDbExists":true,"LocalMediaDbExists":true,"SourceContext":"Umbraco.Cms.Infrastructure.PublishedCache.PublishedSnapshotService","RequestId":"0HMP9MUFUD8IP:0000009D","RequestPath":"/","ConnectionId":"0HMP9MUFUD8IP","ProcessId":1820,"ProcessName":"Clean.Site","ThreadId":20,"ApplicationId":"08576e774ac196133407f48bb75449c37258f5a7","MachineName":"1C3-TEC-GJWGARY","Log4NetLevel":"INFO ","HttpRequestId":"830180c6-66e0-47f7-9e00-976e0f86d5b3","HttpRequestNumber":1,"HttpSessionId":"0"}
{"@t":"2023-03-21T02:55:04.0879650Z","@mt":"Creating the content store, localContentDbExists? {LocalContentDbExists}","LocalContentDbExists":true,"SourceContext":"Umbraco.Cms.Infrastructure.PublishedCache.PublishedSnapshotService","RequestId":"0HMP9MUFUD8IP:0000009D","RequestPath":"/","ConnectionId":"0HMP9MUFUD8IP","ProcessId":1820,"ProcessName":"Clean.Site","ThreadId":20,"ApplicationId":"08576e774ac196133407f48bb75449c37258f5a7","MachineName":"1C3-TEC-GJWGARY","Log4NetLevel":"INFO ","HttpRequestId":"830180c6-66e0-47f7-9e00-976e0f86d5b3","HttpRequestNumber":1,"HttpSessionId":"0"}
{"@t":"2023-03-21T02:55:04.0894425Z","@mt":"Creating the media store, localMediaDbExists? {LocalMediaDbExists}","LocalMediaDbExists":true,"SourceContext":"Umbraco.Cms.Infrastructure.PublishedCache.PublishedSnapshotService","RequestId":"0HMP9MUFUD8IP:0000009D","RequestPath":"/","ConnectionId":"0HMP9MUFUD8IP","ProcessId":1820,"ProcessName":"Clean.Site","ThreadId":20,"ApplicationId":"08576e774ac196133407f48bb75449c37258f5a7","MachineName":"1C3-TEC-GJWGARY","Log4NetLevel":"INFO ","HttpRequestId":"830180c6-66e0-47f7-9e00-976e0f86d5b3","HttpRequestNumber":1,"HttpSessionId":"0"}
{"@t":"2023-03-21T02:55:04.1297720Z","@mt":"{StartMessage} [Timing {TimingId}]","StartMessage":"Loading content from local cache file","TimingId":"23698c2","SourceContext":"Umbraco.Cms.Core.Logging.ProfilingLogger","RequestId":"0HMP9MUFUD8IP:0000009D","RequestPath":"/","ConnectionId":"0HMP9MUFUD8IP","ProcessId":1820,"ProcessName":"Clean.Site","ThreadId":20,"ApplicationId":"08576e774ac196133407f48bb75449c37258f5a7","MachineName":"1C3-TEC-GJWGARY","Log4NetLevel":"INFO ","HttpRequestId":"830180c6-66e0-47f7-9e00-976e0f86d5b3","HttpRequestNumber":1,"HttpSessionId":"0"}
{"@t":"2023-03-21T02:55:04.1456117Z","@mt":"{EndMessage} ({Duration}ms) [Timing {TimingId}]","EndMessage":"Completed.","Duration":15,"TimingId":"23698c2","SourceContext":"Umbraco.Cms.Core.Logging.ProfilingLogger","RequestId":"0HMP9MUFUD8IP:0000009D","RequestPath":"/","ConnectionId":"0HMP9MUFUD8IP","ProcessId":1820,"ProcessName":"Clean.Site","ThreadId":20,"ApplicationId":"08576e774ac196133407f48bb75449c37258f5a7","MachineName":"1C3-TEC-GJWGARY","Log4NetLevel":"INFO ","HttpRequestId":"830180c6-66e0-47f7-9e00-976e0f86d5b3","HttpRequestNumber":1,"HttpSessionId":"0"}
{"@t":"2023-03-21T02:55:04.1492660Z","@mt":"{StartMessage} [Timing {TimingId}]","StartMessage":"Loading media from local cache file","TimingId":"a70bcd9","SourceContext":"Umbraco.Cms.Core.Logging.ProfilingLogger","RequestId":"0HMP9MUFUD8IP:0000009D","RequestPath":"/","ConnectionId":"0HMP9MUFUD8IP","ProcessId":1820,"ProcessName":"Clean.Site","ThreadId":20,"ApplicationId":"08576e774ac196133407f48bb75449c37258f5a7","MachineName":"1C3-TEC-GJWGARY","Log4NetLevel":"INFO ","HttpRequestId":"830180c6-66e0-47f7-9e00-976e0f86d5b3","HttpRequestNumber":1,"HttpSessionId":"0"}
{"@t":"2023-03-21T02:55:04.1516501Z","@mt":"{EndMessage} ({Duration}ms) [Timing {TimingId}]","EndMessage":"Completed.","Duration":2,"TimingId":"a70bcd9","SourceContext":"Umbraco.Cms.Core.Logging.ProfilingLogger","RequestId":"0HMP9MUFUD8IP:0000009D","RequestPath":"/","ConnectionId":"0HMP9MUFUD8IP","ProcessId":1820,"ProcessName":"Clean.Site","ThreadId":20,"ApplicationId":"08576e774ac196133407f48bb75449c37258f5a7","MachineName":"1C3-TEC-GJWGARY","Log4NetLevel":"INFO ","HttpRequestId":"830180c6-66e0-47f7-9e00-976e0f86d5b3","HttpRequestNumber":1,"HttpSessionId":"0"}
{"@t":"2023-03-21T02:56:44.9088835Z","@mt":"Adding examine event handlers for {RegisteredIndexers} index providers.","RegisteredIndexers":3,"SourceContext":"Umbraco.Cms.Infrastructure.Examine.ExamineUmbracoIndexingHandler","ActionId":"074dc791-6dcc-4db2-944f-98ee6c3cd2c8","ActionName":"Umbraco.Cms.Web.BackOffice.Controllers.ContentTypeController.PostSave (Umbraco.Web.BackOffice)","RequestId":"0HMP9MUFUD8IP:00000121","RequestPath":"/umbraco/backoffice/umbracoapi/contenttype/PostSave","ConnectionId":"0HMP9MUFUD8IP","ProcessId":1820,"ProcessName":"Clean.Site","ThreadId":17,"ApplicationId":"08576e774ac196133407f48bb75449c37258f5a7","MachineName":"1C3-TEC-GJWGARY","Log4NetLevel":"INFO ","HttpRequestId":"237b819d-4ae6-4a3f-86ed-6e19886a496d","HttpRequestNumber":2,"HttpSessionId":"f43bb17c-a7a3-c36a-c9cf-bee03a70066c"}
{"@t":"2023-03-21T02:57:14.2946171Z","@mt":"Acquiring MainDom.","SourceContext":"Umbraco.Cms.Core.Runtime.MainDom","ProcessId":18724,"ProcessName":"Clean.Site","ThreadId":1,"ApplicationId":"08576e774ac196133407f48bb75449c37258f5a7","MachineName":"1C3-TEC-GJWGARY","Log4NetLevel":"INFO "}
{"@t":"2023-03-21T02:57:14.3044596Z","@mt":"Acquired MainDom.","SourceContext":"Umbraco.Cms.Core.Runtime.MainDom","ProcessId":18724,"ProcessName":"Clean.Site","ThreadId":1,"ApplicationId":"08576e774ac196133407f48bb75449c37258f5a7","MachineName":"1C3-TEC-GJWGARY","Log4NetLevel":"INFO "}
{"@t":"2023-03-21T02:57:14.9870908Z","@mt":"Now listening on: {address}","address":"https://localhost:44365","EventId":{"Id":14,"Name":"ListeningOnAddress"},"SourceContext":"Microsoft.Hosting.Lifetime","ProcessId":18724,"ProcessName":"Clean.Site","ThreadId":1,"ApplicationId":"08576e774ac196133407f48bb75449c37258f5a7","MachineName":"1C3-TEC-GJWGARY","Log4NetLevel":"INFO "}
{"@t":"2023-03-21T02:57:14.9874905Z","@mt":"Now listening on: {address}","address":"http://localhost:43116","EventId":{"Id":14,"Name":"ListeningOnAddress"},"SourceContext":"Microsoft.Hosting.Lifetime","ProcessId":18724,"ProcessName":"Clean.Site","ThreadId":1,"ApplicationId":"08576e774ac196133407f48bb75449c37258f5a7","MachineName":"1C3-TEC-GJWGARY","Log4NetLevel":"INFO "}
{"@t":"2023-03-21T02:57:14.9960928Z","@mt":"uSync: Startup Complete {elapsed}ms","elapsed":2,"SourceContext":"uSync.BackOffice.Notifications.uSyncApplicationStartingHandler","ProcessId":18724,"ProcessName":"Clean.Site","ThreadId":1,"ApplicationId":"08576e774ac196133407f48bb75449c37258f5a7","MachineName":"1C3-TEC-GJWGARY","Log4NetLevel":"INFO "}
{"@t":"2023-03-21T02:57:14.9970816Z","@mt":"Application started. Press Ctrl+C to shut down.","SourceContext":"Microsoft.Hosting.Lifetime","ProcessId":18724,"ProcessName":"Clean.Site","ThreadId":1,"ApplicationId":"08576e774ac196133407f48bb75449c37258f5a7","MachineName":"1C3-TEC-GJWGARY","Log4NetLevel":"INFO "}
{"@t":"2023-03-21T02:57:14.9973095Z","@mt":"Hosting environment: {EnvName}","EnvName":"Development","SourceContext":"Microsoft.Hosting.Lifetime","ProcessId":18724,"ProcessName":"Clean.Site","ThreadId":1,"ApplicationId":"08576e774ac196133407f48bb75449c37258f5a7","MachineName":"1C3-TEC-GJWGARY","Log4NetLevel":"INFO "}
{"@t":"2023-03-21T02:57:14.9973562Z","@mt":"Content root path: {ContentRoot}","ContentRoot":"C:\\Hadi\\Umbraco\\Clean\\Clean.Site","SourceContext":"Microsoft.Hosting.Lifetime","ProcessId":18724,"ProcessName":"Clean.Site","ThreadId":1,"ApplicationId":"08576e774ac196133407f48bb75449c37258f5a7","MachineName":"1C3-TEC-GJWGARY","Log4NetLevel":"INFO "}
{"@t":"2023-03-21T02:57:15.3054969Z","@mt":"Registered with MainDom, localContentDbExists? {LocalContentDbExists}, localMediaDbExists? {LocalMediaDbExists}","LocalContentDbExists":true,"LocalMediaDbExists":true,"SourceContext":"Umbraco.Cms.Infrastructure.PublishedCache.PublishedSnapshotService","RequestId":"0HMP9MVST1QMF:00000001","RequestPath":"/about/","ConnectionId":"0HMP9MVST1QMF","ProcessId":18724,"ProcessName":"Clean.Site","ThreadId":12,"ApplicationId":"08576e774ac196133407f48bb75449c37258f5a7","MachineName":"1C3-TEC-GJWGARY","Log4NetLevel":"INFO ","HttpRequestId":"b9e0bad2-ee3d-40e0-a4e7-e9b99fb056d6","HttpRequestNumber":1,"HttpSessionId":"0"}
{"@t":"2023-03-21T02:57:15.3080368Z","@mt":"Creating the content store, localContentDbExists? {LocalContentDbExists}","LocalContentDbExists":true,"SourceContext":"Umbraco.Cms.Infrastructure.PublishedCache.PublishedSnapshotService","RequestId":"0HMP9MVST1QMF:00000001","RequestPath":"/about/","ConnectionId":"0HMP9MVST1QMF","ProcessId":18724,"ProcessName":"Clean.Site","ThreadId":12,"ApplicationId":"08576e774ac196133407f48bb75449c37258f5a7","MachineName":"1C3-TEC-GJWGARY","Log4NetLevel":"INFO ","HttpRequestId":"b9e0bad2-ee3d-40e0-a4e7-e9b99fb056d6","HttpRequestNumber":1,"HttpSessionId":"0"}
{"@t":"2023-03-21T02:57:15.3094451Z","@mt":"Creating the media store, localMediaDbExists? {LocalMediaDbExists}","LocalMediaDbExists":true,"SourceContext":"Umbraco.Cms.Infrastructure.PublishedCache.PublishedSnapshotService","RequestId":"0HMP9MVST1QMF:00000001","RequestPath":"/about/","ConnectionId":"0HMP9MVST1QMF","ProcessId":18724,"ProcessName":"Clean.Site","ThreadId":12,"ApplicationId":"08576e774ac196133407f48bb75449c37258f5a7","MachineName":"1C3-TEC-GJWGARY","Log4NetLevel":"INFO ","HttpRequestId":"b9e0bad2-ee3d-40e0-a4e7-e9b99fb056d6","HttpRequestNumber":1,"HttpSessionId":"0"}
{"@t":"2023-03-21T02:57:15.5434948Z","@mt":"{StartMessage} [Timing {TimingId}]","StartMessage":"Loading content from local cache file","TimingId":"2ce9dd3","SourceContext":"Umbraco.Cms.Core.Logging.ProfilingLogger","RequestId":"0HMP9MVST1QMF:00000001","RequestPath":"/about/","ConnectionId":"0HMP9MVST1QMF","ProcessId":18724,"ProcessName":"Clean.Site","ThreadId":12,"ApplicationId":"08576e774ac196133407f48bb75449c37258f5a7","MachineName":"1C3-TEC-GJWGARY","Log4NetLevel":"INFO ","HttpRequestId":"b9e0bad2-ee3d-40e0-a4e7-e9b99fb056d6","HttpRequestNumber":1,"HttpSessionId":"0"}
{"@t":"2023-03-21T02:57:15.5785852Z","@mt":"{EndMessage} ({Duration}ms) [Timing {TimingId}]","EndMessage":"Completed.","Duration":35,"TimingId":"2ce9dd3","SourceContext":"Umbraco.Cms.Core.Logging.ProfilingLogger","RequestId":"0HMP9MVST1QMF:00000001","RequestPath":"/about/","ConnectionId":"0HMP9MVST1QMF","ProcessId":18724,"ProcessName":"Clean.Site","ThreadId":12,"ApplicationId":"08576e774ac196133407f48bb75449c37258f5a7","MachineName":"1C3-TEC-GJWGARY","Log4NetLevel":"INFO ","HttpRequestId":"b9e0bad2-ee3d-40e0-a4e7-e9b99fb056d6","HttpRequestNumber":1,"HttpSessionId":"0"}
{"@t":"2023-03-21T02:57:15.5950711Z","@mt":"{StartMessage} [Timing {TimingId}]","StartMessage":"Loading media from local cache file","TimingId":"b92eac8","SourceContext":"Umbraco.Cms.Core.Logging.ProfilingLogger","RequestId":"0HMP9MVST1QMF:00000001","RequestPath":"/about/","ConnectionId":"0HMP9MVST1QMF","ProcessId":18724,"ProcessName":"Clean.Site","ThreadId":12,"ApplicationId":"08576e774ac196133407f48bb75449c37258f5a7","MachineName":"1C3-TEC-GJWGARY","Log4NetLevel":"INFO ","HttpRequestId":"b9e0bad2-ee3d-40e0-a4e7-e9b99fb056d6","HttpRequestNumber":1,"HttpSessionId":"0"}
{"@t":"2023-03-21T02:57:15.5963246Z","@mt":"{EndMessage} ({Duration}ms) [Timing {TimingId}]","EndMessage":"Completed.","Duration":1,"TimingId":"b92eac8","SourceContext":"Umbraco.Cms.Core.Logging.ProfilingLogger","RequestId":"0HMP9MVST1QMF:00000001","RequestPath":"/about/","ConnectionId":"0HMP9MVST1QMF","ProcessId":18724,"ProcessName":"Clean.Site","ThreadId":12,"ApplicationId":"08576e774ac196133407f48bb75449c37258f5a7","MachineName":"1C3-TEC-GJWGARY","Log4NetLevel":"INFO ","HttpRequestId":"b9e0bad2-ee3d-40e0-a4e7-e9b99fb056d6","HttpRequestNumber":1,"HttpSessionId":"0"}
{"@t":"2023-03-21T02:59:04.0022224Z","@mt":"Document {ContentName} (id={ContentId}) has been published.","ContentName":"About","ContentId":1072,"SourceContext":"Umbraco.Cms.Core.Services.ContentService","ActionId":"0b231ad4-63a6-4501-b6f1-a89d8bf668ba","ActionName":"Umbraco.Cms.Web.BackOffice.Controllers.ContentController.PostSave (Umbraco.Web.BackOffice)","RequestId":"0HMP9MVST1QMF:000000FD","RequestPath":"/umbraco/backoffice/umbracoapi/content/PostSave","ConnectionId":"0HMP9MVST1QMF","ProcessId":18724,"ProcessName":"Clean.Site","ThreadId":17,"ApplicationId":"08576e774ac196133407f48bb75449c37258f5a7","MachineName":"1C3-TEC-GJWGARY","Log4NetLevel":"INFO ","HttpRequestId":"9b1135eb-df89-4692-9a28-99bd01f54896","HttpRequestNumber":2,"HttpSessionId":"6dc5e7b9-77a3-5063-57c1-b6a1b5359aef"}
{"@t":"2023-03-21T02:59:04.3072678Z","@mt":"Adding examine event handlers for {RegisteredIndexers} index providers.","RegisteredIndexers":3,"SourceContext":"Umbraco.Cms.Infrastructure.Examine.ExamineUmbracoIndexingHandler","ActionId":"0b231ad4-63a6-4501-b6f1-a89d8bf668ba","ActionName":"Umbraco.Cms.Web.BackOffice.Controllers.ContentController.PostSave (Umbraco.Web.BackOffice)","RequestId":"0HMP9MVST1QMF:000000FD","RequestPath":"/umbraco/backoffice/umbracoapi/content/PostSave","ConnectionId":"0HMP9MVST1QMF","ProcessId":18724,"ProcessName":"Clean.Site","ThreadId":17,"ApplicationId":"08576e774ac196133407f48bb75449c37258f5a7","MachineName":"1C3-TEC-GJWGARY","Log4NetLevel":"INFO ","HttpRequestId":"9b1135eb-df89-4692-9a28-99bd01f54896","HttpRequestNumber":2,"HttpSessionId":"6dc5e7b9-77a3-5063-57c1-b6a1b5359aef"}
{"@t":"2023-03-21T02:59:13.6312557Z","@mt":"An unhandled exception has occurred while executing the request.","@l":"Error","@x":"System.InvalidOperationException: The partial view 'blocklist/Components/accordionRow' was not found. The following locations were searched:\r\n/App_Plugins/Views/Render/blocklist/Components/accordionRow.cshtml\r\n/App_Plugins/Views/Shared/blocklist/Components/accordionRow.cshtml\r\n/App_Plugins/Views/Partials/blocklist/Components/accordionRow.cshtml\r\n/App_Plugins/Views/MacroPartials/blocklist/Components/accordionRow.cshtml\r\n/Views/blocklist/Components/accordionRow.cshtml\r\n/Views/Shared/blocklist/Components/accordionRow.cshtml\r\n/Views/Partials/blocklist/Components/accordionRow.cshtml\r\n/Views/MacroPartials/blocklist/Components/accordionRow.cshtml\r\n/Views/Render/blocklist/Components/accordionRow.cshtml\r\n/Views/Shared/blocklist/Components/accordionRow.cshtml\r\n   at Microsoft.AspNetCore.Mvc.ViewFeatures.HtmlHelper.RenderPartialCoreAsync(String partialViewName, Object model, ViewDataDictionary viewData, TextWriter writer)\r\n   at Microsoft.AspNetCore.Mvc.ViewFeatures.HtmlHelper.PartialAsync(String partialViewName, Object model, ViewDataDictionary viewData)\r\n   at AspNetCore.Views_Partials_blocklist_default.ExecuteAsync() in C:\\Hadi\\Umbraco\\Clean\\Clean.Site\\Views\\Partials\\blocklist\\default.cshtml:line 11\r\n   at Microsoft.AspNetCore.Mvc.Razor.RazorView.RenderPageCoreAsync(IRazorPage page, ViewContext context)\r\n   at Microsoft.AspNetCore.Mvc.Razor.RazorView.RenderPageAsync(IRazorPage page, ViewContext context, Boolean invokeViewStarts)\r\n   at Microsoft.AspNetCore.Mvc.Razor.RazorView.RenderAsync(ViewContext context)\r\n   at Microsoft.AspNetCore.Mvc.ViewFeatures.HtmlHelper.RenderPartialCoreAsync(String partialViewName, Object model, ViewDataDictionary viewData, TextWriter writer)\r\n   at Microsoft.AspNetCore.Mvc.ViewFeatures.HtmlHelper.PartialAsync(String partialViewName, Object model, ViewDataDictionary viewData)\r\n   at Microsoft.AspNetCore.Mvc.Rendering.HtmlHelperPartialExtensions.Partial(IHtmlHelper htmlHelper, String partialViewName, Object model, ViewDataDictionary viewData)\r\n   at Umbraco.Extensions.BlockListTemplateExtensions.GetBlockListHtml(IHtmlHelper html, BlockListModel model, String template)\r\n   at AspNetCore.Views_ContentPage.ExecuteAsync() in C:\\Hadi\\Umbraco\\Clean\\Clean.Site\\Views\\ContentPage.cshtml:line 10\r\n   at Microsoft.AspNetCore.Mvc.Razor.RazorView.RenderPageCoreAsync(IRazorPage page, ViewContext context)\r\n   at Microsoft.AspNetCore.Mvc.Razor.RazorView.RenderPageAsync(IRazorPage page, ViewContext context, Boolean invokeViewStarts)\r\n   at Microsoft.AspNetCore.Mvc.Razor.RazorView.RenderAsync(ViewContext context)\r\n   at Microsoft.AspNetCore.Mvc.ViewFeatures.ViewExecutor.ExecuteAsync(ViewContext viewContext, String contentType, Nullable`1 statusCode)\r\n   at Microsoft.AspNetCore.Mvc.ViewFeatures.ViewExecutor.ExecuteAsync(ViewContext viewContext, String contentType, Nullable`1 statusCode)\r\n   at Microsoft.AspNetCore.Mvc.ViewFeatures.ViewExecutor.ExecuteAsync(ActionContext actionContext, IView view, ViewDataDictionary viewData, ITempDataDictionary tempData, String contentType, Nullable`1 statusCode)\r\n   at Microsoft.AspNetCore.Mvc.ViewFeatures.ViewResultExecutor.ExecuteAsync(ActionContext context, ViewResult result)\r\n   at Microsoft.AspNetCore.Mvc.ViewResult.ExecuteResultAsync(ActionContext context)\r\n   at Microsoft.AspNetCore.Mvc.Infrastructure.ResourceInvoker.<InvokeNextResultFilterAsync>g__Awaited|30_0[TFilter,TFilterAsync](ResourceInvoker invoker, Task lastTask, State next, Scope scope, Object state, Boolean isCompleted)\r\n   at Microsoft.AspNetCore.Mvc.Infrastructure.ResourceInvoker.Rethrow(ResultExecutedContextSealed context)\r\n   at Microsoft.AspNetCore.Mvc.Infrastructure.ResourceInvoker.ResultNext[TFilter,TFilterAsync](State& next, Scope& scope, Object& state, Boolean& isCompleted)\r\n   at Microsoft.AspNetCore.Mvc.Infrastructure.ResourceInvoker.InvokeResultFilters()\r\n--- End of stack trace from previous location ---\r\n   at Microsoft.AspNetCore.Mvc.Infrastructure.ResourceInvoker.<InvokeNextResourceFilter>g__Awaited|25_0(ResourceInvoker invoker, Task lastTask, State next, Scope scope, Object state, Boolean isCompleted)\r\n   at Microsoft.AspNetCore.Mvc.Infrastructure.ResourceInvoker.Rethrow(ResourceExecutedContextSealed context)\r\n   at Microsoft.AspNetCore.Mvc.Infrastructure.ResourceInvoker.Next(State& next, Scope& scope, Object& state, Boolean& isCompleted)\r\n   at Microsoft.AspNetCore.Mvc.Infrastructure.ResourceInvoker.InvokeFilterPipelineAsync()\r\n--- End of stack trace from previous location ---\r\n   at Microsoft.AspNetCore.Mvc.Infrastructure.ResourceInvoker.<InvokeAsync>g__Awaited|17_0(ResourceInvoker invoker, Task task, IDisposable scope)\r\n   at Microsoft.AspNetCore.Mvc.Infrastructure.ResourceInvoker.<InvokeAsync>g__Awaited|17_0(ResourceInvoker invoker, Task task, IDisposable scope)\r\n   at Microsoft.AspNetCore.Routing.EndpointMiddleware.<Invoke>g__AwaitRequestTask|6_0(Endpoint endpoint, Task requestTask, ILogger logger)\r\n   at Umbraco.Cms.Web.Common.Middleware.BasicAuthenticationMiddleware.InvokeAsync(HttpContext context, RequestDelegate next)\r\n   at Microsoft.AspNetCore.Builder.UseMiddlewareExtensions.<>c__DisplayClass6_1.<<UseMiddlewareInterface>b__1>d.MoveNext()\r\n--- End of stack trace from previous location ---\r\n   at Umbraco.Cms.Web.BackOffice.Middleware.BackOfficeExternalLoginProviderErrorMiddleware.InvokeAsync(HttpContext context, RequestDelegate next)\r\n   at Microsoft.AspNetCore.Builder.UseMiddlewareExtensions.<>c__DisplayClass6_1.<<UseMiddlewareInterface>b__1>d.MoveNext()\r\n--- End of stack trace from previous location ---\r\n   at Microsoft.AspNetCore.Session.SessionMiddleware.Invoke(HttpContext context)\r\n   at Microsoft.AspNetCore.Session.SessionMiddleware.Invoke(HttpContext context)\r\n   at Microsoft.AspNetCore.Localization.RequestLocalizationMiddleware.Invoke(HttpContext context)\r\n   at Microsoft.AspNetCore.Authorization.AuthorizationMiddleware.Invoke(HttpContext context)\r\n   at Microsoft.AspNetCore.Authentication.AuthenticationMiddleware.Invoke(HttpContext context)\r\n   at StackExchange.Profiling.MiniProfilerMiddleware.Invoke(HttpContext context) in C:\\projects\\dotnet\\src\\MiniProfiler.AspNetCore\\MiniProfilerMiddleware.cs:line 121\r\n   at Umbraco.Cms.Web.Common.Middleware.UmbracoRequestMiddleware.InvokeAsync(HttpContext context, RequestDelegate next)\r\n   at Umbraco.Cms.Web.Common.Middleware.UmbracoRequestMiddleware.InvokeAsync(HttpContext context, RequestDelegate next)\r\n   at Microsoft.AspNetCore.Builder.UseMiddlewareExtensions.<>c__DisplayClass6_1.<<UseMiddlewareInterface>b__1>d.MoveNext()\r\n--- End of stack trace from previous location ---\r\n   at Umbraco.Cms.Web.Common.Middleware.PreviewAuthenticationMiddleware.InvokeAsync(HttpContext context, RequestDelegate next)\r\n   at Microsoft.AspNetCore.Builder.UseMiddlewareExtensions.<>c__DisplayClass6_1.<<UseMiddlewareInterface>b__1>d.MoveNext()\r\n--- End of stack trace from previous location ---\r\n   at Umbraco.Cms.Web.Common.Middleware.UmbracoRequestLoggingMiddleware.InvokeAsync(HttpContext context, RequestDelegate next)\r\n   at Microsoft.AspNetCore.Builder.UseMiddlewareExtensions.<>c__DisplayClass6_1.<<UseMiddlewareInterface>b__1>d.MoveNext()\r\n--- End of stack trace from previous location ---\r\n   at SixLabors.ImageSharp.Web.Middleware.ImageSharpMiddleware.Invoke(HttpContext httpContext, Boolean retry)\r\n   at Microsoft.AspNetCore.Diagnostics.DeveloperExceptionPageMiddlewareImpl.Invoke(HttpContext context)","EventId":{"Id":1,"Name":"UnhandledException"},"SourceContext":"Microsoft.AspNetCore.Diagnostics.DeveloperExceptionPageMiddleware","RequestId":"0HMP9MVST1QMF:00000101","RequestPath":"/about/","ConnectionId":"0HMP9MVST1QMF","ProcessId":18724,"ProcessName":"Clean.Site","ThreadId":35,"ApplicationId":"08576e774ac196133407f48bb75449c37258f5a7","MachineName":"1C3-TEC-GJWGARY","Log4NetLevel":"ERROR"}
{"@t":"2023-03-21T03:18:38.2923583Z","@mt":"User logged will be logged out due to timeout: {Username}, IP Address: {IPAddress}","Username":"admin@example.com","IPAddress":"::1","SourceContext":"Umbraco.Cms.Web.BackOffice.Controllers.AuthenticationController","ActionId":"72f2d51a-0210-4b85-94dd-6369a385a26e","ActionName":"Umbraco.Cms.Web.BackOffice.Controllers.AuthenticationController.GetRemainingTimeoutSeconds (Umbraco.Web.BackOffice)","RequestId":"0HMP9MVST1QMF:0000012B","RequestPath":"/umbraco/backoffice/umbracoapi/authentication/GetRemainingTimeoutSeconds","ConnectionId":"0HMP9MVST1QMF","ProcessId":18724,"ProcessName":"Clean.Site","ThreadId":86,"ApplicationId":"08576e774ac196133407f48bb75449c37258f5a7","MachineName":"1C3-TEC-GJWGARY","Log4NetLevel":"INFO ","HttpRequestId":"ba2b6fe1-9b52-43df-b171-f710f79091f4","HttpRequestNumber":3,"HttpSessionId":"5f395a58-a04d-cd04-e06e-ed3d335587cf"}
{"@t":"2023-03-21T07:00:14.6735286Z","@mt":"Deleted {count} ContentVersion(s)","count":1,"SourceContext":"Umbraco.Cms.Infrastructure.HostedServices.ContentVersionCleanup","ProcessId":18724,"ProcessName":"Clean.Site","ThreadId":53,"ApplicationId":"08576e774ac196133407f48bb75449c37258f5a7","MachineName":"1C3-TEC-GJWGARY","Log4NetLevel":"INFO "}
{"@t":"2023-03-21T07:29:47.9392727Z","@mt":"An unhandled exception has occurred while executing the request.","@l":"Error","@x":"Microsoft.AspNetCore.Mvc.Razor.RuntimeCompilation.CompilationFailedException: One or more compilation failures occurred:\r\nC:\\Hadi\\Umbraco\\Clean\\Clean.Site\\Views\\Partials\\blocklist\\Components\\accordionRow.cshtml(30,66): error CS0029: Cannot implicitly convert type 'string' to 'bool'\r\n   at Microsoft.AspNetCore.Mvc.Razor.RuntimeCompilation.RuntimeViewCompiler.CompileAndEmit(RazorCodeDocument codeDocument, String generatedCode)\r\n   at Microsoft.AspNetCore.Mvc.Razor.RuntimeCompilation.RuntimeViewCompiler.CompileAndEmit(String relativePath)\r\n   at Microsoft.AspNetCore.Mvc.Razor.RuntimeCompilation.RuntimeViewCompiler.OnCacheMiss(String normalizedPath)\r\n--- End of stack trace from previous location ---\r\n   at Microsoft.AspNetCore.Mvc.Razor.Compilation.DefaultRazorPageFactoryProvider.CreateFactory(String relativePath)\r\n   at Microsoft.AspNetCore.Mvc.Razor.RazorViewEngine.CreateCacheResult(HashSet`1 expirationTokens, String relativePath, Boolean isMainPage)\r\n   at Microsoft.AspNetCore.Mvc.Razor.RazorViewEngine.OnCacheMiss(ViewLocationExpanderContext expanderContext, ViewLocationCacheKey cacheKey)\r\n   at Microsoft.AspNetCore.Mvc.Razor.RazorViewEngine.LocatePageFromViewLocations(ActionContext actionContext, String pageName, Boolean isMainPage)\r\n   at Microsoft.AspNetCore.Mvc.Razor.RazorViewEngine.FindView(ActionContext context, String viewName, Boolean isMainPage)\r\n   at Umbraco.Cms.Web.Website.ViewEngines.ProfilingViewEngine.FindView(ActionContext context, String viewName, Boolean isMainPage)\r\n   at Microsoft.AspNetCore.Mvc.ViewEngines.CompositeViewEngine.FindView(ActionContext context, String viewName, Boolean isMainPage)\r\n   at Microsoft.AspNetCore.Mvc.ViewFeatures.HtmlHelper.RenderPartialCoreAsync(String partialViewName, Object model, ViewDataDictionary viewData, TextWriter writer)\r\n   at Microsoft.AspNetCore.Mvc.ViewFeatures.HtmlHelper.PartialAsync(String partialViewName, Object model, ViewDataDictionary viewData)\r\n   at AspNetCore.Views_Partials_blocklist_default.ExecuteAsync() in C:\\Hadi\\Umbraco\\Clean\\Clean.Site\\Views\\Partials\\blocklist\\default.cshtml:line 11\r\n   at Microsoft.AspNetCore.Mvc.Razor.RazorView.RenderPageCoreAsync(IRazorPage page, ViewContext context)\r\n   at Microsoft.AspNetCore.Mvc.Razor.RazorView.RenderPageAsync(IRazorPage page, ViewContext context, Boolean invokeViewStarts)\r\n   at Microsoft.AspNetCore.Mvc.Razor.RazorView.RenderAsync(ViewContext context)\r\n   at Microsoft.AspNetCore.Mvc.ViewFeatures.HtmlHelper.RenderPartialCoreAsync(String partialViewName, Object model, ViewDataDictionary viewData, TextWriter writer)\r\n   at Microsoft.AspNetCore.Mvc.ViewFeatures.HtmlHelper.PartialAsync(String partialViewName, Object model, ViewDataDictionary viewData)\r\n   at Microsoft.AspNetCore.Mvc.Rendering.HtmlHelperPartialExtensions.Partial(IHtmlHelper htmlHelper, String partialViewName, Object model, ViewDataDictionary viewData)\r\n   at Umbraco.Extensions.BlockListTemplateExtensions.GetBlockListHtml(IHtmlHelper html, BlockListModel model, String template)\r\n   at AspNetCore.Views_ContentPage.ExecuteAsync() in C:\\Hadi\\Umbraco\\Clean\\Clean.Site\\Views\\ContentPage.cshtml:line 10\r\n   at Microsoft.AspNetCore.Mvc.Razor.RazorView.RenderPageCoreAsync(IRazorPage page, ViewContext context)\r\n   at Microsoft.AspNetCore.Mvc.Razor.RazorView.RenderPageAsync(IRazorPage page, ViewContext context, Boolean invokeViewStarts)\r\n   at Microsoft.AspNetCore.Mvc.Razor.RazorView.RenderAsync(ViewContext context)\r\n   at Microsoft.AspNetCore.Mvc.ViewFeatures.ViewExecutor.ExecuteAsync(ViewContext viewContext, String contentType, Nullable`1 statusCode)\r\n   at Microsoft.AspNetCore.Mvc.ViewFeatures.ViewExecutor.ExecuteAsync(ViewContext viewContext, String contentType, Nullable`1 statusCode)\r\n   at Microsoft.AspNetCore.Mvc.ViewFeatures.ViewExecutor.ExecuteAsync(ActionContext actionContext, IView view, ViewDataDictionary viewData, ITempDataDictionary tempData, String contentType, Nullable`1 statusCode)\r\n   at Microsoft.AspNetCore.Mvc.ViewFeatures.ViewResultExecutor.ExecuteAsync(ActionContext context, ViewResult result)\r\n   at Microsoft.AspNetCore.Mvc.ViewResult.ExecuteResultAsync(ActionContext context)\r\n   at Microsoft.AspNetCore.Mvc.Infrastructure.ResourceInvoker.<InvokeNextResultFilterAsync>g__Awaited|30_0[TFilter,TFilterAsync](ResourceInvoker invoker, Task lastTask, State next, Scope scope, Object state, Boolean isCompleted)\r\n   at Microsoft.AspNetCore.Mvc.Infrastructure.ResourceInvoker.Rethrow(ResultExecutedContextSealed context)\r\n   at Microsoft.AspNetCore.Mvc.Infrastructure.ResourceInvoker.ResultNext[TFilter,TFilterAsync](State& next, Scope& scope, Object& state, Boolean& isCompleted)\r\n   at Microsoft.AspNetCore.Mvc.Infrastructure.ResourceInvoker.InvokeResultFilters()\r\n--- End of stack trace from previous location ---\r\n   at Microsoft.AspNetCore.Mvc.Infrastructure.ResourceInvoker.<InvokeNextResourceFilter>g__Awaited|25_0(ResourceInvoker invoker, Task lastTask, State next, Scope scope, Object state, Boolean isCompleted)\r\n   at Microsoft.AspNetCore.Mvc.Infrastructure.ResourceInvoker.Rethrow(ResourceExecutedContextSealed context)\r\n   at Microsoft.AspNetCore.Mvc.Infrastructure.ResourceInvoker.Next(State& next, Scope& scope, Object& state, Boolean& isCompleted)\r\n   at Microsoft.AspNetCore.Mvc.Infrastructure.ResourceInvoker.InvokeFilterPipelineAsync()\r\n--- End of stack trace from previous location ---\r\n   at Microsoft.AspNetCore.Mvc.Infrastructure.ResourceInvoker.<InvokeAsync>g__Awaited|17_0(ResourceInvoker invoker, Task task, IDisposable scope)\r\n   at Microsoft.AspNetCore.Mvc.Infrastructure.ResourceInvoker.<InvokeAsync>g__Awaited|17_0(ResourceInvoker invoker, Task task, IDisposable scope)\r\n   at Microsoft.AspNetCore.Routing.EndpointMiddleware.<Invoke>g__AwaitRequestTask|6_0(Endpoint endpoint, Task requestTask, ILogger logger)\r\n   at Umbraco.Cms.Web.Common.Middleware.BasicAuthenticationMiddleware.InvokeAsync(HttpContext context, RequestDelegate next)\r\n   at Microsoft.AspNetCore.Builder.UseMiddlewareExtensions.<>c__DisplayClass6_1.<<UseMiddlewareInterface>b__1>d.MoveNext()\r\n--- End of stack trace from previous location ---\r\n   at Umbraco.Cms.Web.BackOffice.Middleware.BackOfficeExternalLoginProviderErrorMiddleware.InvokeAsync(HttpContext context, RequestDelegate next)\r\n   at Microsoft.AspNetCore.Builder.UseMiddlewareExtensions.<>c__DisplayClass6_1.<<UseMiddlewareInterface>b__1>d.MoveNext()\r\n--- End of stack trace from previous location ---\r\n   at Microsoft.AspNetCore.Session.SessionMiddleware.Invoke(HttpContext context)\r\n   at Microsoft.AspNetCore.Session.SessionMiddleware.Invoke(HttpContext context)\r\n   at Microsoft.AspNetCore.Localization.RequestLocalizationMiddleware.Invoke(HttpContext context)\r\n   at Microsoft.AspNetCore.Authorization.AuthorizationMiddleware.Invoke(HttpContext context)\r\n   at Microsoft.AspNetCore.Authentication.AuthenticationMiddleware.Invoke(HttpContext context)\r\n   at StackExchange.Profiling.MiniProfilerMiddleware.Invoke(HttpContext context) in C:\\projects\\dotnet\\src\\MiniProfiler.AspNetCore\\MiniProfilerMiddleware.cs:line 121\r\n   at Umbraco.Cms.Web.Common.Middleware.UmbracoRequestMiddleware.InvokeAsync(HttpContext context, RequestDelegate next)\r\n   at Umbraco.Cms.Web.Common.Middleware.UmbracoRequestMiddleware.InvokeAsync(HttpContext context, RequestDelegate next)\r\n   at Microsoft.AspNetCore.Builder.UseMiddlewareExtensions.<>c__DisplayClass6_1.<<UseMiddlewareInterface>b__1>d.MoveNext()\r\n--- End of stack trace from previous location ---\r\n   at Umbraco.Cms.Web.Common.Middleware.PreviewAuthenticationMiddleware.InvokeAsync(HttpContext context, RequestDelegate next)\r\n   at Microsoft.AspNetCore.Builder.UseMiddlewareExtensions.<>c__DisplayClass6_1.<<UseMiddlewareInterface>b__1>d.MoveNext()\r\n--- End of stack trace from previous location ---\r\n   at Umbraco.Cms.Web.Common.Middleware.UmbracoRequestLoggingMiddleware.InvokeAsync(HttpContext context, RequestDelegate next)\r\n   at Microsoft.AspNetCore.Builder.UseMiddlewareExtensions.<>c__DisplayClass6_1.<<UseMiddlewareInterface>b__1>d.MoveNext()\r\n--- End of stack trace from previous location ---\r\n   at SixLabors.ImageSharp.Web.Middleware.ImageSharpMiddleware.Invoke(HttpContext httpContext, Boolean retry)\r\n   at Microsoft.AspNetCore.Diagnostics.DeveloperExceptionPageMiddlewareImpl.Invoke(HttpContext context)","EventId":{"Id":1,"Name":"UnhandledException"},"SourceContext":"Microsoft.AspNetCore.Diagnostics.DeveloperExceptionPageMiddleware","RequestId":"0HMP9MVST1QO8:00000001","RequestPath":"/about/","ConnectionId":"0HMP9MVST1QO8","ProcessId":18724,"ProcessName":"Clean.Site","ThreadId":166,"ApplicationId":"08576e774ac196133407f48bb75449c37258f5a7","MachineName":"1C3-TEC-GJWGARY","Log4NetLevel":"ERROR"}
{"@t":"2023-03-21T08:00:14.6946219Z","@mt":"Deleted {count} ContentVersion(s)","count":2,"SourceContext":"Umbraco.Cms.Infrastructure.HostedServices.ContentVersionCleanup","ProcessId":18724,"ProcessName":"Clean.Site","ThreadId":21,"ApplicationId":"08576e774ac196133407f48bb75449c37258f5a7","MachineName":"1C3-TEC-GJWGARY","Log4NetLevel":"INFO "}
{"@t":"2023-03-21T09:00:14.7121006Z","@mt":"Deleted {count} ContentVersion(s)","count":3,"SourceContext":"Umbraco.Cms.Infrastructure.HostedServices.ContentVersionCleanup","ProcessId":18724,"ProcessName":"Clean.Site","ThreadId":125,"ApplicationId":"08576e774ac196133407f48bb75449c37258f5a7","MachineName":"1C3-TEC-GJWGARY","Log4NetLevel":"INFO "}
