{"@t":"2023-03-20T02:15:59.6194689Z","@mt":"Acquiring MainDom.","SourceContext":"Umbraco.Cms.Core.Runtime.MainDom","ProcessId":4672,"ProcessName":"Clean.Site","ThreadId":1,"ApplicationId":"08576e774ac196133407f48bb75449c37258f5a7","MachineName":"1C3-TEC-GJWGARY","Log4NetLevel":"INFO "}
{"@t":"2023-03-20T02:15:59.6249951Z","@mt":"Acquired MainDom.","SourceContext":"Umbraco.Cms.Core.Runtime.MainDom","ProcessId":4672,"ProcessName":"Clean.Site","ThreadId":1,"ApplicationId":"08576e774ac196133407f48bb75449c37258f5a7","MachineName":"1C3-TEC-GJWGARY","Log4NetLevel":"INFO "}
{"@t":"2023-03-20T02:16:00.4372166Z","@mt":"Now listening on: {address}","address":"https://localhost:44365","EventId":{"Id":14,"Name":"ListeningOnAddress"},"SourceContext":"Microsoft.Hosting.Lifetime","ProcessId":4672,"ProcessName":"Clean.Site","ThreadId":1,"ApplicationId":"08576e774ac196133407f48bb75449c37258f5a7","MachineName":"1C3-TEC-GJWGARY","Log4NetLevel":"INFO "}
{"@t":"2023-03-20T02:16:00.4378866Z","@mt":"Now listening on: {address}","address":"http://localhost:43116","EventId":{"Id":14,"Name":"ListeningOnAddress"},"SourceContext":"Microsoft.Hosting.Lifetime","ProcessId":4672,"ProcessName":"Clean.Site","ThreadId":1,"ApplicationId":"08576e774ac196133407f48bb75449c37258f5a7","MachineName":"1C3-TEC-GJWGARY","Log4NetLevel":"INFO "}
{"@t":"2023-03-20T02:16:00.4443024Z","@mt":"uSync: Startup Complete {elapsed}ms","elapsed":1,"SourceContext":"uSync.BackOffice.Notifications.uSyncApplicationStartingHandler","ProcessId":4672,"ProcessName":"Clean.Site","ThreadId":1,"ApplicationId":"08576e774ac196133407f48bb75449c37258f5a7","MachineName":"1C3-TEC-GJWGARY","Log4NetLevel":"INFO "}
{"@t":"2023-03-20T02:16:00.4446404Z","@mt":"Application started. Press Ctrl+C to shut down.","SourceContext":"Microsoft.Hosting.Lifetime","ProcessId":4672,"ProcessName":"Clean.Site","ThreadId":1,"ApplicationId":"08576e774ac196133407f48bb75449c37258f5a7","MachineName":"1C3-TEC-GJWGARY","Log4NetLevel":"INFO "}
{"@t":"2023-03-20T02:16:00.4446711Z","@mt":"Hosting environment: {EnvName}","EnvName":"Development","SourceContext":"Microsoft.Hosting.Lifetime","ProcessId":4672,"ProcessName":"Clean.Site","ThreadId":1,"ApplicationId":"08576e774ac196133407f48bb75449c37258f5a7","MachineName":"1C3-TEC-GJWGARY","Log4NetLevel":"INFO "}
{"@t":"2023-03-20T02:16:00.4446847Z","@mt":"Content root path: {ContentRoot}","ContentRoot":"C:\\Hadi\\Umbraco\\Clean\\Clean.Site","SourceContext":"Microsoft.Hosting.Lifetime","ProcessId":4672,"ProcessName":"Clean.Site","ThreadId":1,"ApplicationId":"08576e774ac196133407f48bb75449c37258f5a7","MachineName":"1C3-TEC-GJWGARY","Log4NetLevel":"INFO "}
{"@t":"2023-03-20T02:16:01.0358445Z","@mt":"Registered with MainDom, localContentDbExists? {LocalContentDbExists}, localMediaDbExists? {LocalMediaDbExists}","LocalContentDbExists":true,"LocalMediaDbExists":true,"SourceContext":"Umbraco.Cms.Infrastructure.PublishedCache.PublishedSnapshotService","RequestId":"0HMP8T469FRG0:00000001","RequestPath":"/","ConnectionId":"0HMP8T469FRG0","ProcessId":4672,"ProcessName":"Clean.Site","ThreadId":18,"ApplicationId":"08576e774ac196133407f48bb75449c37258f5a7","MachineName":"1C3-TEC-GJWGARY","Log4NetLevel":"INFO ","HttpRequestId":"7cee20b6-3fb1-4db9-9a64-d581ac2d7985","HttpRequestNumber":1,"HttpSessionId":"0"}
{"@t":"2023-03-20T02:16:01.0373836Z","@mt":"Creating the content store, localContentDbExists? {LocalContentDbExists}","LocalContentDbExists":true,"SourceContext":"Umbraco.Cms.Infrastructure.PublishedCache.PublishedSnapshotService","RequestId":"0HMP8T469FRG0:00000001","RequestPath":"/","ConnectionId":"0HMP8T469FRG0","ProcessId":4672,"ProcessName":"Clean.Site","ThreadId":18,"ApplicationId":"08576e774ac196133407f48bb75449c37258f5a7","MachineName":"1C3-TEC-GJWGARY","Log4NetLevel":"INFO ","HttpRequestId":"7cee20b6-3fb1-4db9-9a64-d581ac2d7985","HttpRequestNumber":1,"HttpSessionId":"0"}
{"@t":"2023-03-20T02:16:01.0386083Z","@mt":"Creating the media store, localMediaDbExists? {LocalMediaDbExists}","LocalMediaDbExists":true,"SourceContext":"Umbraco.Cms.Infrastructure.PublishedCache.PublishedSnapshotService","RequestId":"0HMP8T469FRG0:00000001","RequestPath":"/","ConnectionId":"0HMP8T469FRG0","ProcessId":4672,"ProcessName":"Clean.Site","ThreadId":18,"ApplicationId":"08576e774ac196133407f48bb75449c37258f5a7","MachineName":"1C3-TEC-GJWGARY","Log4NetLevel":"INFO ","HttpRequestId":"7cee20b6-3fb1-4db9-9a64-d581ac2d7985","HttpRequestNumber":1,"HttpSessionId":"0"}
{"@t":"2023-03-20T02:16:01.4441750Z","@mt":"{StartMessage} [Timing {TimingId}]","StartMessage":"Loading content from local cache file","TimingId":"eba9376","SourceContext":"Umbraco.Cms.Core.Logging.ProfilingLogger","RequestId":"0HMP8T469FRG0:00000001","RequestPath":"/","ConnectionId":"0HMP8T469FRG0","ProcessId":4672,"ProcessName":"Clean.Site","ThreadId":18,"ApplicationId":"08576e774ac196133407f48bb75449c37258f5a7","MachineName":"1C3-TEC-GJWGARY","Log4NetLevel":"INFO ","HttpRequestId":"7cee20b6-3fb1-4db9-9a64-d581ac2d7985","HttpRequestNumber":1,"HttpSessionId":"0"}
{"@t":"2023-03-20T02:16:01.4600492Z","@mt":"{EndMessage} ({Duration}ms) [Timing {TimingId}]","EndMessage":"Completed.","Duration":15,"TimingId":"eba9376","SourceContext":"Umbraco.Cms.Core.Logging.ProfilingLogger","RequestId":"0HMP8T469FRG0:00000001","RequestPath":"/","ConnectionId":"0HMP8T469FRG0","ProcessId":4672,"ProcessName":"Clean.Site","ThreadId":18,"ApplicationId":"08576e774ac196133407f48bb75449c37258f5a7","MachineName":"1C3-TEC-GJWGARY","Log4NetLevel":"INFO ","HttpRequestId":"7cee20b6-3fb1-4db9-9a64-d581ac2d7985","HttpRequestNumber":1,"HttpSessionId":"0"}
{"@t":"2023-03-20T02:16:01.4660254Z","@mt":"{StartMessage} [Timing {TimingId}]","StartMessage":"Loading media from local cache file","TimingId":"4a3c610","SourceContext":"Umbraco.Cms.Core.Logging.ProfilingLogger","RequestId":"0HMP8T469FRG0:00000001","RequestPath":"/","ConnectionId":"0HMP8T469FRG0","ProcessId":4672,"ProcessName":"Clean.Site","ThreadId":18,"ApplicationId":"08576e774ac196133407f48bb75449c37258f5a7","MachineName":"1C3-TEC-GJWGARY","Log4NetLevel":"INFO ","HttpRequestId":"7cee20b6-3fb1-4db9-9a64-d581ac2d7985","HttpRequestNumber":1,"HttpSessionId":"0"}
{"@t":"2023-03-20T02:16:01.4666192Z","@mt":"{EndMessage} ({Duration}ms) [Timing {TimingId}]","EndMessage":"Completed.","Duration":0,"TimingId":"4a3c610","SourceContext":"Umbraco.Cms.Core.Logging.ProfilingLogger","RequestId":"0HMP8T469FRG0:00000001","RequestPath":"/","ConnectionId":"0HMP8T469FRG0","ProcessId":4672,"ProcessName":"Clean.Site","ThreadId":18,"ApplicationId":"08576e774ac196133407f48bb75449c37258f5a7","MachineName":"1C3-TEC-GJWGARY","Log4NetLevel":"INFO ","HttpRequestId":"7cee20b6-3fb1-4db9-9a64-d581ac2d7985","HttpRequestNumber":1,"HttpSessionId":"0"}
{"@t":"2023-03-20T02:27:28.8074816Z","@mt":"Acquiring MainDom.","SourceContext":"Umbraco.Cms.Core.Runtime.MainDom","ProcessId":14072,"ProcessName":"Clean.Site","ThreadId":1,"ApplicationId":"08576e774ac196133407f48bb75449c37258f5a7","MachineName":"1C3-TEC-GJWGARY","Log4NetLevel":"INFO "}
{"@t":"2023-03-20T02:27:28.8142123Z","@mt":"Acquired MainDom.","SourceContext":"Umbraco.Cms.Core.Runtime.MainDom","ProcessId":14072,"ProcessName":"Clean.Site","ThreadId":1,"ApplicationId":"08576e774ac196133407f48bb75449c37258f5a7","MachineName":"1C3-TEC-GJWGARY","Log4NetLevel":"INFO "}
{"@t":"2023-03-20T02:27:29.4976342Z","@mt":"Now listening on: {address}","address":"https://localhost:44365","EventId":{"Id":14,"Name":"ListeningOnAddress"},"SourceContext":"Microsoft.Hosting.Lifetime","ProcessId":14072,"ProcessName":"Clean.Site","ThreadId":1,"ApplicationId":"08576e774ac196133407f48bb75449c37258f5a7","MachineName":"1C3-TEC-GJWGARY","Log4NetLevel":"INFO "}
{"@t":"2023-03-20T02:27:29.4980073Z","@mt":"Now listening on: {address}","address":"http://localhost:43116","EventId":{"Id":14,"Name":"ListeningOnAddress"},"SourceContext":"Microsoft.Hosting.Lifetime","ProcessId":14072,"ProcessName":"Clean.Site","ThreadId":1,"ApplicationId":"08576e774ac196133407f48bb75449c37258f5a7","MachineName":"1C3-TEC-GJWGARY","Log4NetLevel":"INFO "}
{"@t":"2023-03-20T02:27:29.5054730Z","@mt":"uSync: Startup Complete {elapsed}ms","elapsed":3,"SourceContext":"uSync.BackOffice.Notifications.uSyncApplicationStartingHandler","ProcessId":14072,"ProcessName":"Clean.Site","ThreadId":1,"ApplicationId":"08576e774ac196133407f48bb75449c37258f5a7","MachineName":"1C3-TEC-GJWGARY","Log4NetLevel":"INFO "}
{"@t":"2023-03-20T02:27:29.5061154Z","@mt":"Application started. Press Ctrl+C to shut down.","SourceContext":"Microsoft.Hosting.Lifetime","ProcessId":14072,"ProcessName":"Clean.Site","ThreadId":1,"ApplicationId":"08576e774ac196133407f48bb75449c37258f5a7","MachineName":"1C3-TEC-GJWGARY","Log4NetLevel":"INFO "}
{"@t":"2023-03-20T02:27:29.5061668Z","@mt":"Hosting environment: {EnvName}","EnvName":"Development","SourceContext":"Microsoft.Hosting.Lifetime","ProcessId":14072,"ProcessName":"Clean.Site","ThreadId":1,"ApplicationId":"08576e774ac196133407f48bb75449c37258f5a7","MachineName":"1C3-TEC-GJWGARY","Log4NetLevel":"INFO "}
{"@t":"2023-03-20T02:27:29.5061980Z","@mt":"Content root path: {ContentRoot}","ContentRoot":"C:\\Hadi\\Umbraco\\Clean\\Clean.Site","SourceContext":"Microsoft.Hosting.Lifetime","ProcessId":14072,"ProcessName":"Clean.Site","ThreadId":1,"ApplicationId":"08576e774ac196133407f48bb75449c37258f5a7","MachineName":"1C3-TEC-GJWGARY","Log4NetLevel":"INFO "}
{"@t":"2023-03-20T02:27:30.0403302Z","@mt":"Registered with MainDom, localContentDbExists? {LocalContentDbExists}, localMediaDbExists? {LocalMediaDbExists}","LocalContentDbExists":true,"LocalMediaDbExists":true,"SourceContext":"Umbraco.Cms.Infrastructure.PublishedCache.PublishedSnapshotService","RequestId":"0HMP8TAJKR1VB:00000001","RequestPath":"/","ConnectionId":"0HMP8TAJKR1VB","ProcessId":14072,"ProcessName":"Clean.Site","ThreadId":9,"ApplicationId":"08576e774ac196133407f48bb75449c37258f5a7","MachineName":"1C3-TEC-GJWGARY","Log4NetLevel":"INFO ","HttpRequestId":"a1b240d9-ddd2-43b0-82be-3e7e398bc1bf","HttpRequestNumber":1,"HttpSessionId":"0"}
{"@t":"2023-03-20T02:27:30.0422085Z","@mt":"Creating the content store, localContentDbExists? {LocalContentDbExists}","LocalContentDbExists":true,"SourceContext":"Umbraco.Cms.Infrastructure.PublishedCache.PublishedSnapshotService","RequestId":"0HMP8TAJKR1VB:00000001","RequestPath":"/","ConnectionId":"0HMP8TAJKR1VB","ProcessId":14072,"ProcessName":"Clean.Site","ThreadId":9,"ApplicationId":"08576e774ac196133407f48bb75449c37258f5a7","MachineName":"1C3-TEC-GJWGARY","Log4NetLevel":"INFO ","HttpRequestId":"a1b240d9-ddd2-43b0-82be-3e7e398bc1bf","HttpRequestNumber":1,"HttpSessionId":"0"}
{"@t":"2023-03-20T02:27:30.0436533Z","@mt":"Creating the media store, localMediaDbExists? {LocalMediaDbExists}","LocalMediaDbExists":true,"SourceContext":"Umbraco.Cms.Infrastructure.PublishedCache.PublishedSnapshotService","RequestId":"0HMP8TAJKR1VB:00000001","RequestPath":"/","ConnectionId":"0HMP8TAJKR1VB","ProcessId":14072,"ProcessName":"Clean.Site","ThreadId":9,"ApplicationId":"08576e774ac196133407f48bb75449c37258f5a7","MachineName":"1C3-TEC-GJWGARY","Log4NetLevel":"INFO ","HttpRequestId":"a1b240d9-ddd2-43b0-82be-3e7e398bc1bf","HttpRequestNumber":1,"HttpSessionId":"0"}
{"@t":"2023-03-20T02:27:30.3332253Z","@mt":"{StartMessage} [Timing {TimingId}]","StartMessage":"Loading content from local cache file","TimingId":"731c797","SourceContext":"Umbraco.Cms.Core.Logging.ProfilingLogger","RequestId":"0HMP8TAJKR1VB:00000001","RequestPath":"/","ConnectionId":"0HMP8TAJKR1VB","ProcessId":14072,"ProcessName":"Clean.Site","ThreadId":9,"ApplicationId":"08576e774ac196133407f48bb75449c37258f5a7","MachineName":"1C3-TEC-GJWGARY","Log4NetLevel":"INFO ","HttpRequestId":"a1b240d9-ddd2-43b0-82be-3e7e398bc1bf","HttpRequestNumber":1,"HttpSessionId":"0"}
{"@t":"2023-03-20T02:27:30.3477424Z","@mt":"{EndMessage} ({Duration}ms) [Timing {TimingId}]","EndMessage":"Completed.","Duration":14,"TimingId":"731c797","SourceContext":"Umbraco.Cms.Core.Logging.ProfilingLogger","RequestId":"0HMP8TAJKR1VB:00000001","RequestPath":"/","ConnectionId":"0HMP8TAJKR1VB","ProcessId":14072,"ProcessName":"Clean.Site","ThreadId":9,"ApplicationId":"08576e774ac196133407f48bb75449c37258f5a7","MachineName":"1C3-TEC-GJWGARY","Log4NetLevel":"INFO ","HttpRequestId":"a1b240d9-ddd2-43b0-82be-3e7e398bc1bf","HttpRequestNumber":1,"HttpSessionId":"0"}
{"@t":"2023-03-20T02:27:30.3533064Z","@mt":"{StartMessage} [Timing {TimingId}]","StartMessage":"Loading media from local cache file","TimingId":"f46c0fa","SourceContext":"Umbraco.Cms.Core.Logging.ProfilingLogger","RequestId":"0HMP8TAJKR1VB:00000001","RequestPath":"/","ConnectionId":"0HMP8TAJKR1VB","ProcessId":14072,"ProcessName":"Clean.Site","ThreadId":9,"ApplicationId":"08576e774ac196133407f48bb75449c37258f5a7","MachineName":"1C3-TEC-GJWGARY","Log4NetLevel":"INFO ","HttpRequestId":"a1b240d9-ddd2-43b0-82be-3e7e398bc1bf","HttpRequestNumber":1,"HttpSessionId":"0"}
{"@t":"2023-03-20T02:27:30.3541277Z","@mt":"{EndMessage} ({Duration}ms) [Timing {TimingId}]","EndMessage":"Completed.","Duration":0,"TimingId":"f46c0fa","SourceContext":"Umbraco.Cms.Core.Logging.ProfilingLogger","RequestId":"0HMP8TAJKR1VB:00000001","RequestPath":"/","ConnectionId":"0HMP8TAJKR1VB","ProcessId":14072,"ProcessName":"Clean.Site","ThreadId":9,"ApplicationId":"08576e774ac196133407f48bb75449c37258f5a7","MachineName":"1C3-TEC-GJWGARY","Log4NetLevel":"INFO ","HttpRequestId":"a1b240d9-ddd2-43b0-82be-3e7e398bc1bf","HttpRequestNumber":1,"HttpSessionId":"0"}
{"@t":"2023-03-20T02:55:20.3497679Z","@mt":"Stopping ({SignalSource})","SignalSource":"environment","SourceContext":"Umbraco.Cms.Core.Runtime.MainDom","ProcessId":14072,"ProcessName":"Clean.Site","ThreadId":114,"ApplicationId":"08576e774ac196133407f48bb75449c37258f5a7","MachineName":"1C3-TEC-GJWGARY","Log4NetLevel":"INFO "}
{"@t":"2023-03-20T02:55:20.3564763Z","@mt":"Released from MainDom","SourceContext":"Umbraco.Cms.Infrastructure.PublishedCache.PublishedSnapshotService","ProcessId":14072,"ProcessName":"Clean.Site","ThreadId":114,"ApplicationId":"08576e774ac196133407f48bb75449c37258f5a7","MachineName":"1C3-TEC-GJWGARY","Log4NetLevel":"INFO "}
{"@t":"2023-03-20T02:55:20.3568325Z","@mt":"Released ({SignalSource})","SignalSource":"environment","SourceContext":"Umbraco.Cms.Core.Runtime.MainDom","ProcessId":14072,"ProcessName":"Clean.Site","ThreadId":114,"ApplicationId":"08576e774ac196133407f48bb75449c37258f5a7","MachineName":"1C3-TEC-GJWGARY","Log4NetLevel":"INFO "}
{"@t":"2023-03-20T02:55:20.3570952Z","@mt":"Application is shutting down...","SourceContext":"Microsoft.Hosting.Lifetime","ProcessId":14072,"ProcessName":"Clean.Site","ThreadId":114,"ApplicationId":"08576e774ac196133407f48bb75449c37258f5a7","MachineName":"1C3-TEC-GJWGARY","Log4NetLevel":"INFO "}
{"@t":"2023-03-20T02:55:20.3795747Z","@mt":"Queued Hosted Service is stopping.","SourceContext":"Umbraco.Cms.Infrastructure.HostedServices.QueuedHostedService","ProcessId":14072,"ProcessName":"Clean.Site","ThreadId":113,"ApplicationId":"08576e774ac196133407f48bb75449c37258f5a7","MachineName":"1C3-TEC-GJWGARY","Log4NetLevel":"INFO "}
{"@t":"2023-03-20T06:46:05.7817769Z","@mt":"Acquiring MainDom.","SourceContext":"Umbraco.Cms.Core.Runtime.MainDom","ProcessId":24424,"ProcessName":"Clean.Site","ThreadId":1,"ApplicationId":"08576e774ac196133407f48bb75449c37258f5a7","MachineName":"1C3-TEC-GJWGARY","Log4NetLevel":"INFO "}
{"@t":"2023-03-20T06:46:05.7896255Z","@mt":"Acquired MainDom.","SourceContext":"Umbraco.Cms.Core.Runtime.MainDom","ProcessId":24424,"ProcessName":"Clean.Site","ThreadId":1,"ApplicationId":"08576e774ac196133407f48bb75449c37258f5a7","MachineName":"1C3-TEC-GJWGARY","Log4NetLevel":"INFO "}
{"@t":"2023-03-20T06:46:06.6167901Z","@mt":"Now listening on: {address}","address":"https://localhost:44365","EventId":{"Id":14,"Name":"ListeningOnAddress"},"SourceContext":"Microsoft.Hosting.Lifetime","ProcessId":24424,"ProcessName":"Clean.Site","ThreadId":1,"ApplicationId":"08576e774ac196133407f48bb75449c37258f5a7","MachineName":"1C3-TEC-GJWGARY","Log4NetLevel":"INFO "}
{"@t":"2023-03-20T06:46:06.6171760Z","@mt":"Now listening on: {address}","address":"http://localhost:43116","EventId":{"Id":14,"Name":"ListeningOnAddress"},"SourceContext":"Microsoft.Hosting.Lifetime","ProcessId":24424,"ProcessName":"Clean.Site","ThreadId":1,"ApplicationId":"08576e774ac196133407f48bb75449c37258f5a7","MachineName":"1C3-TEC-GJWGARY","Log4NetLevel":"INFO "}
{"@t":"2023-03-20T06:46:06.6275908Z","@mt":"uSync: Startup Complete {elapsed}ms","elapsed":3,"SourceContext":"uSync.BackOffice.Notifications.uSyncApplicationStartingHandler","ProcessId":24424,"ProcessName":"Clean.Site","ThreadId":1,"ApplicationId":"08576e774ac196133407f48bb75449c37258f5a7","MachineName":"1C3-TEC-GJWGARY","Log4NetLevel":"INFO "}
{"@t":"2023-03-20T06:46:06.6281714Z","@mt":"Application started. Press Ctrl+C to shut down.","SourceContext":"Microsoft.Hosting.Lifetime","ProcessId":24424,"ProcessName":"Clean.Site","ThreadId":1,"ApplicationId":"08576e774ac196133407f48bb75449c37258f5a7","MachineName":"1C3-TEC-GJWGARY","Log4NetLevel":"INFO "}
{"@t":"2023-03-20T06:46:06.6282229Z","@mt":"Hosting environment: {EnvName}","EnvName":"Development","SourceContext":"Microsoft.Hosting.Lifetime","ProcessId":24424,"ProcessName":"Clean.Site","ThreadId":1,"ApplicationId":"08576e774ac196133407f48bb75449c37258f5a7","MachineName":"1C3-TEC-GJWGARY","Log4NetLevel":"INFO "}
{"@t":"2023-03-20T06:46:06.6282405Z","@mt":"Content root path: {ContentRoot}","ContentRoot":"C:\\Hadi\\Umbraco\\Clean\\Clean.Site","SourceContext":"Microsoft.Hosting.Lifetime","ProcessId":24424,"ProcessName":"Clean.Site","ThreadId":1,"ApplicationId":"08576e774ac196133407f48bb75449c37258f5a7","MachineName":"1C3-TEC-GJWGARY","Log4NetLevel":"INFO "}
{"@t":"2023-03-20T06:46:07.2390191Z","@mt":"Registered with MainDom, localContentDbExists? {LocalContentDbExists}, localMediaDbExists? {LocalMediaDbExists}","LocalContentDbExists":true,"LocalMediaDbExists":true,"SourceContext":"Umbraco.Cms.Infrastructure.PublishedCache.PublishedSnapshotService","RequestId":"0HMP91R43NGEK:00000001","RequestPath":"/","ConnectionId":"0HMP91R43NGEK","ProcessId":24424,"ProcessName":"Clean.Site","ThreadId":4,"ApplicationId":"08576e774ac196133407f48bb75449c37258f5a7","MachineName":"1C3-TEC-GJWGARY","Log4NetLevel":"INFO ","HttpRequestId":"6ef1db8e-6e0c-457c-8b1a-91c3a081ab8f","HttpRequestNumber":1,"HttpSessionId":"0"}
{"@t":"2023-03-20T06:46:07.2439046Z","@mt":"Creating the content store, localContentDbExists? {LocalContentDbExists}","LocalContentDbExists":true,"SourceContext":"Umbraco.Cms.Infrastructure.PublishedCache.PublishedSnapshotService","RequestId":"0HMP91R43NGEK:00000001","RequestPath":"/","ConnectionId":"0HMP91R43NGEK","ProcessId":24424,"ProcessName":"Clean.Site","ThreadId":4,"ApplicationId":"08576e774ac196133407f48bb75449c37258f5a7","MachineName":"1C3-TEC-GJWGARY","Log4NetLevel":"INFO ","HttpRequestId":"6ef1db8e-6e0c-457c-8b1a-91c3a081ab8f","HttpRequestNumber":1,"HttpSessionId":"0"}
{"@t":"2023-03-20T06:46:07.2456038Z","@mt":"Creating the media store, localMediaDbExists? {LocalMediaDbExists}","LocalMediaDbExists":true,"SourceContext":"Umbraco.Cms.Infrastructure.PublishedCache.PublishedSnapshotService","RequestId":"0HMP91R43NGEK:00000001","RequestPath":"/","ConnectionId":"0HMP91R43NGEK","ProcessId":24424,"ProcessName":"Clean.Site","ThreadId":4,"ApplicationId":"08576e774ac196133407f48bb75449c37258f5a7","MachineName":"1C3-TEC-GJWGARY","Log4NetLevel":"INFO ","HttpRequestId":"6ef1db8e-6e0c-457c-8b1a-91c3a081ab8f","HttpRequestNumber":1,"HttpSessionId":"0"}
{"@t":"2023-03-20T06:46:07.6707111Z","@mt":"{StartMessage} [Timing {TimingId}]","StartMessage":"Loading content from local cache file","TimingId":"63e8a10","SourceContext":"Umbraco.Cms.Core.Logging.ProfilingLogger","RequestId":"0HMP91R43NGEK:00000001","RequestPath":"/","ConnectionId":"0HMP91R43NGEK","ProcessId":24424,"ProcessName":"Clean.Site","ThreadId":4,"ApplicationId":"08576e774ac196133407f48bb75449c37258f5a7","MachineName":"1C3-TEC-GJWGARY","Log4NetLevel":"INFO ","HttpRequestId":"6ef1db8e-6e0c-457c-8b1a-91c3a081ab8f","HttpRequestNumber":1,"HttpSessionId":"0"}
{"@t":"2023-03-20T06:46:07.6943338Z","@mt":"{EndMessage} ({Duration}ms) [Timing {TimingId}]","EndMessage":"Completed.","Duration":23,"TimingId":"63e8a10","SourceContext":"Umbraco.Cms.Core.Logging.ProfilingLogger","RequestId":"0HMP91R43NGEK:00000001","RequestPath":"/","ConnectionId":"0HMP91R43NGEK","ProcessId":24424,"ProcessName":"Clean.Site","ThreadId":4,"ApplicationId":"08576e774ac196133407f48bb75449c37258f5a7","MachineName":"1C3-TEC-GJWGARY","Log4NetLevel":"INFO ","HttpRequestId":"6ef1db8e-6e0c-457c-8b1a-91c3a081ab8f","HttpRequestNumber":1,"HttpSessionId":"0"}
{"@t":"2023-03-20T06:46:07.7019500Z","@mt":"{StartMessage} [Timing {TimingId}]","StartMessage":"Loading media from local cache file","TimingId":"6cb2a33","SourceContext":"Umbraco.Cms.Core.Logging.ProfilingLogger","RequestId":"0HMP91R43NGEK:00000001","RequestPath":"/","ConnectionId":"0HMP91R43NGEK","ProcessId":24424,"ProcessName":"Clean.Site","ThreadId":4,"ApplicationId":"08576e774ac196133407f48bb75449c37258f5a7","MachineName":"1C3-TEC-GJWGARY","Log4NetLevel":"INFO ","HttpRequestId":"6ef1db8e-6e0c-457c-8b1a-91c3a081ab8f","HttpRequestNumber":1,"HttpSessionId":"0"}
{"@t":"2023-03-20T06:46:07.7031703Z","@mt":"{EndMessage} ({Duration}ms) [Timing {TimingId}]","EndMessage":"Completed.","Duration":1,"TimingId":"6cb2a33","SourceContext":"Umbraco.Cms.Core.Logging.ProfilingLogger","RequestId":"0HMP91R43NGEK:00000001","RequestPath":"/","ConnectionId":"0HMP91R43NGEK","ProcessId":24424,"ProcessName":"Clean.Site","ThreadId":4,"ApplicationId":"08576e774ac196133407f48bb75449c37258f5a7","MachineName":"1C3-TEC-GJWGARY","Log4NetLevel":"INFO ","HttpRequestId":"6ef1db8e-6e0c-457c-8b1a-91c3a081ab8f","HttpRequestNumber":1,"HttpSessionId":"0"}
{"@t":"2023-03-20T06:48:35.2212798Z","@mt":"Sending image. Request uri: '{Uri}'. Cached Key: '{Key}'","Uri":"https://localhost:44365/media/lbonn05a/gsmarena_003.jpg?width=490&height=383&rnd=133232792039122727","Key":"eb9b923d6171","EventId":{"Id":3},"SourceContext":"SixLabors.ImageSharp.Web.Middleware.ImageSharpMiddleware","RequestId":"0HMP91R43NGEK:0000000D","RequestPath":"/media/lbonn05a/gsmarena_003.jpg","ConnectionId":"0HMP91R43NGEK","ProcessId":24424,"ProcessName":"Clean.Site","ThreadId":21,"ApplicationId":"08576e774ac196133407f48bb75449c37258f5a7","MachineName":"1C3-TEC-GJWGARY","Log4NetLevel":"INFO "}
{"@t":"2023-03-20T06:48:35.7350565Z","@mt":"Sending image. Request uri: '{Uri}'. Cached Key: '{Key}'","Uri":"https://localhost:44365/media/laqpqyfc/anirudh-xu4pz7gi9jy-unsplash.jpg?width=490&height=383&rnd=133215364035313029","Key":"1b64fe26add0","EventId":{"Id":3},"SourceContext":"SixLabors.ImageSharp.Web.Middleware.ImageSharpMiddleware","RequestId":"0HMP91R43NGEK:0000000B","RequestPath":"/media/laqpqyfc/anirudh-xu4pz7gi9jy-unsplash.jpg","ConnectionId":"0HMP91R43NGEK","ProcessId":24424,"ProcessName":"Clean.Site","ThreadId":11,"ApplicationId":"08576e774ac196133407f48bb75449c37258f5a7","MachineName":"1C3-TEC-GJWGARY","Log4NetLevel":"INFO "}
{"@t":"2023-03-20T07:50:25.2900764Z","@mt":"Adding examine event handlers for {RegisteredIndexers} index providers.","RegisteredIndexers":3,"SourceContext":"Umbraco.Cms.Infrastructure.Examine.ExamineUmbracoIndexingHandler","ActionId":"0dde9cdd-e177-4e2b-9912-feefbbfaad3c","ActionName":"Umbraco.Cms.Web.BackOffice.Controllers.ContentTypeController.PostSave (Umbraco.Web.BackOffice)","RequestId":"0HMP91R43NGF1:000000CF","RequestPath":"/umbraco/backoffice/umbracoapi/contenttype/PostSave","ConnectionId":"0HMP91R43NGF1","ProcessId":24424,"ProcessName":"Clean.Site","ThreadId":133,"ApplicationId":"08576e774ac196133407f48bb75449c37258f5a7","MachineName":"1C3-TEC-GJWGARY","Log4NetLevel":"INFO ","HttpRequestId":"0d6b8bd0-e3f5-4cf6-8726-8d92fcb136f1","HttpRequestNumber":2,"HttpSessionId":"96c305d0-2cfa-f8f5-e8d7-33f0d62a0f94"}
{"@t":"2023-03-20T09:29:26.6276447Z","@mt":"Stopping ({SignalSource})","SignalSource":"environment","SourceContext":"Umbraco.Cms.Core.Runtime.MainDom","ProcessId":24424,"ProcessName":"Clean.Site","ThreadId":143,"ApplicationId":"08576e774ac196133407f48bb75449c37258f5a7","MachineName":"1C3-TEC-GJWGARY","Log4NetLevel":"INFO "}
{"@t":"2023-03-20T09:29:26.6393625Z","@mt":"Released from MainDom","SourceContext":"Umbraco.Cms.Infrastructure.PublishedCache.PublishedSnapshotService","ProcessId":24424,"ProcessName":"Clean.Site","ThreadId":143,"ApplicationId":"08576e774ac196133407f48bb75449c37258f5a7","MachineName":"1C3-TEC-GJWGARY","Log4NetLevel":"INFO "}
{"@t":"2023-03-20T09:29:26.6397230Z","@mt":"{StartMessage} [Timing {TimingId}]","StartMessage":"Examine shutting down","TimingId":"0d156d7","SourceContext":"Umbraco.Cms.Core.Logging.ProfilingLogger","ProcessId":24424,"ProcessName":"Clean.Site","ThreadId":143,"ApplicationId":"08576e774ac196133407f48bb75449c37258f5a7","MachineName":"1C3-TEC-GJWGARY","Log4NetLevel":"INFO "}
{"@t":"2023-03-20T09:29:26.6504352Z","@mt":"{EndMessage} ({Duration}ms) [Timing {TimingId}]","EndMessage":"Completed.","Duration":10,"TimingId":"0d156d7","SourceContext":"Umbraco.Cms.Core.Logging.ProfilingLogger","ProcessId":24424,"ProcessName":"Clean.Site","ThreadId":143,"ApplicationId":"08576e774ac196133407f48bb75449c37258f5a7","MachineName":"1C3-TEC-GJWGARY","Log4NetLevel":"INFO "}
{"@t":"2023-03-20T09:29:26.6508908Z","@mt":"Released ({SignalSource})","SignalSource":"environment","SourceContext":"Umbraco.Cms.Core.Runtime.MainDom","ProcessId":24424,"ProcessName":"Clean.Site","ThreadId":143,"ApplicationId":"08576e774ac196133407f48bb75449c37258f5a7","MachineName":"1C3-TEC-GJWGARY","Log4NetLevel":"INFO "}
{"@t":"2023-03-20T09:29:26.6511818Z","@mt":"Application is shutting down...","SourceContext":"Microsoft.Hosting.Lifetime","ProcessId":24424,"ProcessName":"Clean.Site","ThreadId":143,"ApplicationId":"08576e774ac196133407f48bb75449c37258f5a7","MachineName":"1C3-TEC-GJWGARY","Log4NetLevel":"INFO "}
{"@t":"2023-03-20T09:29:26.6563621Z","@mt":"Queued Hosted Service is stopping.","SourceContext":"Umbraco.Cms.Infrastructure.HostedServices.QueuedHostedService","ProcessId":24424,"ProcessName":"Clean.Site","ThreadId":6,"ApplicationId":"08576e774ac196133407f48bb75449c37258f5a7","MachineName":"1C3-TEC-GJWGARY","Log4NetLevel":"INFO "}
