{"@t":"2023-04-12T01:45:23.0650792Z","@mt":"Acquiring MainDom.","SourceContext":"Umbraco.Cms.Core.Runtime.MainDom","ProcessId":8752,"ProcessName":"Clean.Site","ThreadId":1,"ApplicationId":"922d68280cd9ca120ef41ba7b9e2a8df58eb5c00","MachineName":"DESKTOP-R8BM551","Log4NetLevel":"INFO "}
{"@t":"2023-04-12T01:45:23.0710243Z","@mt":"Acquired MainDom.","SourceContext":"Umbraco.Cms.Core.Runtime.MainDom","ProcessId":8752,"ProcessName":"Clean.Site","ThreadId":1,"ApplicationId":"922d68280cd9ca120ef41ba7b9e2a8df58eb5c00","MachineName":"DESKTOP-R8BM551","Log4NetLevel":"INFO "}
{"@t":"2023-04-12T01:45:23.6471167Z","@mt":"The ASP.NET Core developer certificate is not trusted. For information about trusting the ASP.NET Core developer certificate, see https://aka.ms/aspnet/https-trust-dev-cert.","@l":"Warning","EventId":{"Id":8,"Name":"DeveloperCertificateNotTrusted"},"SourceContext":"Microsoft.AspNetCore.Server.Kestrel.Core.KestrelServer","ProcessId":8752,"ProcessName":"Clean.Site","ThreadId":1,"ApplicationId":"922d68280cd9ca120ef41ba7b9e2a8df58eb5c00","MachineName":"DESKTOP-R8BM551","Log4NetLevel":"WARN "}
{"@t":"2023-04-12T01:45:23.6640826Z","@mt":"Now listening on: {address}","address":"https://localhost:44365","EventId":{"Id":14,"Name":"ListeningOnAddress"},"SourceContext":"Microsoft.Hosting.Lifetime","ProcessId":8752,"ProcessName":"Clean.Site","ThreadId":1,"ApplicationId":"922d68280cd9ca120ef41ba7b9e2a8df58eb5c00","MachineName":"DESKTOP-R8BM551","Log4NetLevel":"INFO "}
{"@t":"2023-04-12T01:45:23.6641918Z","@mt":"Now listening on: {address}","address":"http://localhost:43116","EventId":{"Id":14,"Name":"ListeningOnAddress"},"SourceContext":"Microsoft.Hosting.Lifetime","ProcessId":8752,"ProcessName":"Clean.Site","ThreadId":1,"ApplicationId":"922d68280cd9ca120ef41ba7b9e2a8df58eb5c00","MachineName":"DESKTOP-R8BM551","Log4NetLevel":"INFO "}
{"@t":"2023-04-12T01:45:23.6702586Z","@mt":"uSync: Startup Complete {elapsed}ms","elapsed":2,"SourceContext":"uSync.BackOffice.Notifications.uSyncApplicationStartingHandler","ProcessId":8752,"ProcessName":"Clean.Site","ThreadId":1,"ApplicationId":"922d68280cd9ca120ef41ba7b9e2a8df58eb5c00","MachineName":"DESKTOP-R8BM551","Log4NetLevel":"INFO "}
{"@t":"2023-04-12T01:45:23.6705459Z","@mt":"Application started. Press Ctrl+C to shut down.","SourceContext":"Microsoft.Hosting.Lifetime","ProcessId":8752,"ProcessName":"Clean.Site","ThreadId":1,"ApplicationId":"922d68280cd9ca120ef41ba7b9e2a8df58eb5c00","MachineName":"DESKTOP-R8BM551","Log4NetLevel":"INFO "}
{"@t":"2023-04-12T01:45:23.6705664Z","@mt":"Hosting environment: {EnvName}","EnvName":"Development","SourceContext":"Microsoft.Hosting.Lifetime","ProcessId":8752,"ProcessName":"Clean.Site","ThreadId":1,"ApplicationId":"922d68280cd9ca120ef41ba7b9e2a8df58eb5c00","MachineName":"DESKTOP-R8BM551","Log4NetLevel":"INFO "}
{"@t":"2023-04-12T01:45:23.6705770Z","@mt":"Content root path: {ContentRoot}","ContentRoot":"C:\\Development\\Umbraco\\Corp\\Clean.Site","SourceContext":"Microsoft.Hosting.Lifetime","ProcessId":8752,"ProcessName":"Clean.Site","ThreadId":1,"ApplicationId":"922d68280cd9ca120ef41ba7b9e2a8df58eb5c00","MachineName":"DESKTOP-R8BM551","Log4NetLevel":"INFO "}
{"@t":"2023-04-12T01:45:24.0352789Z","@mt":"Registered with MainDom, localContentDbExists? {LocalContentDbExists}, localMediaDbExists? {LocalMediaDbExists}","LocalContentDbExists":true,"LocalMediaDbExists":true,"SourceContext":"Umbraco.Cms.Infrastructure.PublishedCache.PublishedSnapshotService","RequestId":"0HMPQUUAJQQD0:00000001","RequestPath":"/","ConnectionId":"0HMPQUUAJQQD0","ProcessId":8752,"ProcessName":"Clean.Site","ThreadId":19,"ApplicationId":"922d68280cd9ca120ef41ba7b9e2a8df58eb5c00","MachineName":"DESKTOP-R8BM551","Log4NetLevel":"INFO ","HttpRequestId":"0a500903-bb5a-4e5d-b5b7-5d95a3c61ad0","HttpRequestNumber":1,"HttpSessionId":"0"}
{"@t":"2023-04-12T01:45:24.0364265Z","@mt":"Creating the content store, localContentDbExists? {LocalContentDbExists}","LocalContentDbExists":true,"SourceContext":"Umbraco.Cms.Infrastructure.PublishedCache.PublishedSnapshotService","RequestId":"0HMPQUUAJQQD0:00000001","RequestPath":"/","ConnectionId":"0HMPQUUAJQQD0","ProcessId":8752,"ProcessName":"Clean.Site","ThreadId":19,"ApplicationId":"922d68280cd9ca120ef41ba7b9e2a8df58eb5c00","MachineName":"DESKTOP-R8BM551","Log4NetLevel":"INFO ","HttpRequestId":"0a500903-bb5a-4e5d-b5b7-5d95a3c61ad0","HttpRequestNumber":1,"HttpSessionId":"0"}
{"@t":"2023-04-12T01:45:24.0373818Z","@mt":"Creating the media store, localMediaDbExists? {LocalMediaDbExists}","LocalMediaDbExists":true,"SourceContext":"Umbraco.Cms.Infrastructure.PublishedCache.PublishedSnapshotService","RequestId":"0HMPQUUAJQQD0:00000001","RequestPath":"/","ConnectionId":"0HMPQUUAJQQD0","ProcessId":8752,"ProcessName":"Clean.Site","ThreadId":19,"ApplicationId":"922d68280cd9ca120ef41ba7b9e2a8df58eb5c00","MachineName":"DESKTOP-R8BM551","Log4NetLevel":"INFO ","HttpRequestId":"0a500903-bb5a-4e5d-b5b7-5d95a3c61ad0","HttpRequestNumber":1,"HttpSessionId":"0"}
{"@t":"2023-04-12T01:45:24.3543484Z","@mt":"{StartMessage} [Timing {TimingId}]","StartMessage":"Loading content from local cache file","TimingId":"93a440e","SourceContext":"Umbraco.Cms.Core.Logging.ProfilingLogger","RequestId":"0HMPQUUAJQQD0:00000001","RequestPath":"/","ConnectionId":"0HMPQUUAJQQD0","ProcessId":8752,"ProcessName":"Clean.Site","ThreadId":19,"ApplicationId":"922d68280cd9ca120ef41ba7b9e2a8df58eb5c00","MachineName":"DESKTOP-R8BM551","Log4NetLevel":"INFO ","HttpRequestId":"0a500903-bb5a-4e5d-b5b7-5d95a3c61ad0","HttpRequestNumber":1,"HttpSessionId":"0"}
{"@t":"2023-04-12T01:45:24.3678262Z","@mt":"{EndMessage} ({Duration}ms) [Timing {TimingId}]","EndMessage":"Completed.","Duration":13,"TimingId":"93a440e","SourceContext":"Umbraco.Cms.Core.Logging.ProfilingLogger","RequestId":"0HMPQUUAJQQD0:00000001","RequestPath":"/","ConnectionId":"0HMPQUUAJQQD0","ProcessId":8752,"ProcessName":"Clean.Site","ThreadId":19,"ApplicationId":"922d68280cd9ca120ef41ba7b9e2a8df58eb5c00","MachineName":"DESKTOP-R8BM551","Log4NetLevel":"INFO ","HttpRequestId":"0a500903-bb5a-4e5d-b5b7-5d95a3c61ad0","HttpRequestNumber":1,"HttpSessionId":"0"}
{"@t":"2023-04-12T01:45:24.3724060Z","@mt":"{StartMessage} [Timing {TimingId}]","StartMessage":"Loading media from local cache file","TimingId":"e674080","SourceContext":"Umbraco.Cms.Core.Logging.ProfilingLogger","RequestId":"0HMPQUUAJQQD0:00000001","RequestPath":"/","ConnectionId":"0HMPQUUAJQQD0","ProcessId":8752,"ProcessName":"Clean.Site","ThreadId":19,"ApplicationId":"922d68280cd9ca120ef41ba7b9e2a8df58eb5c00","MachineName":"DESKTOP-R8BM551","Log4NetLevel":"INFO ","HttpRequestId":"0a500903-bb5a-4e5d-b5b7-5d95a3c61ad0","HttpRequestNumber":1,"HttpSessionId":"0"}
{"@t":"2023-04-12T01:45:24.3750741Z","@mt":"{EndMessage} ({Duration}ms) [Timing {TimingId}]","EndMessage":"Completed.","Duration":2,"TimingId":"e674080","SourceContext":"Umbraco.Cms.Core.Logging.ProfilingLogger","RequestId":"0HMPQUUAJQQD0:00000001","RequestPath":"/","ConnectionId":"0HMPQUUAJQQD0","ProcessId":8752,"ProcessName":"Clean.Site","ThreadId":19,"ApplicationId":"922d68280cd9ca120ef41ba7b9e2a8df58eb5c00","MachineName":"DESKTOP-R8BM551","Log4NetLevel":"INFO ","HttpRequestId":"0a500903-bb5a-4e5d-b5b7-5d95a3c61ad0","HttpRequestNumber":1,"HttpSessionId":"0"}
{"@t":"2023-04-12T01:53:00.0092583Z","@mt":"Adding examine event handlers for {RegisteredIndexers} index providers.","RegisteredIndexers":3,"SourceContext":"Umbraco.Cms.Infrastructure.Examine.ExamineUmbracoIndexingHandler","ActionId":"7faf7eda-5a24-4459-94be-8e2f396ec0f4","ActionName":"Umbraco.Cms.Web.BackOffice.Controllers.ContentTypeController.PostSave (Umbraco.Web.BackOffice)","RequestId":"0HMPQUUAJQQD0:00000167","RequestPath":"/umbraco/backoffice/umbracoapi/contenttype/PostSave","ConnectionId":"0HMPQUUAJQQD0","ProcessId":8752,"ProcessName":"Clean.Site","ThreadId":10,"ApplicationId":"922d68280cd9ca120ef41ba7b9e2a8df58eb5c00","MachineName":"DESKTOP-R8BM551","Log4NetLevel":"INFO ","HttpRequestId":"4dae6699-6514-44f4-89dc-acca553e9edd","HttpRequestNumber":2,"HttpSessionId":"7a85e57a-d958-41c8-e3b1-3177fa2b097c"}
{"@t":"2023-04-12T01:53:12.4879697Z","@mt":"Sending image. Request uri: '{Uri}'. Cached Key: '{Key}'","Uri":"https://localhost:44365/media/x44jejau/herobanner-desktop.jpg?rmode=max&width=500&rnd=%26rnd%3D20230405062219","Key":"072ecdbc7fa2","EventId":{"Id":3},"SourceContext":"SixLabors.ImageSharp.Web.Middleware.ImageSharpMiddleware","RequestId":"0HMPQUUAJQQD0:000001A7","RequestPath":"/media/x44jejau/herobanner-desktop.jpg","ConnectionId":"0HMPQUUAJQQD0","ProcessId":8752,"ProcessName":"Clean.Site","ThreadId":53,"ApplicationId":"922d68280cd9ca120ef41ba7b9e2a8df58eb5c00","MachineName":"DESKTOP-R8BM551","Log4NetLevel":"INFO "}
{"@t":"2023-04-12T01:57:11.6065527Z","@mt":"Sending image. Request uri: '{Uri}'. Cached Key: '{Key}'","Uri":"https://localhost:44365/media/x44jejau/herobanner-desktop.jpg?rmode=max&width=500&rnd=%26rnd%3D20230405062219","Key":"072ecdbc7fa2","EventId":{"Id":3},"SourceContext":"SixLabors.ImageSharp.Web.Middleware.ImageSharpMiddleware","RequestId":"0HMPQUUAJQQD0:00000229","RequestPath":"/media/x44jejau/herobanner-desktop.jpg","ConnectionId":"0HMPQUUAJQQD0","ProcessId":8752,"ProcessName":"Clean.Site","ThreadId":10,"ApplicationId":"922d68280cd9ca120ef41ba7b9e2a8df58eb5c00","MachineName":"DESKTOP-R8BM551","Log4NetLevel":"INFO "}
{"@t":"2023-04-12T02:00:32.2853314Z","@mt":"Sending image. Request uri: '{Uri}'. Cached Key: '{Key}'","Uri":"https://localhost:44365/media/x44jejau/herobanner-desktop.jpg?rmode=max&width=500&rnd=%26rnd%3D20230405062219","Key":"072ecdbc7fa2","EventId":{"Id":3},"SourceContext":"SixLabors.ImageSharp.Web.Middleware.ImageSharpMiddleware","RequestId":"0HMPQUUAJQQD0:00000293","RequestPath":"/media/x44jejau/herobanner-desktop.jpg","ConnectionId":"0HMPQUUAJQQD0","ProcessId":8752,"ProcessName":"Clean.Site","ThreadId":79,"ApplicationId":"922d68280cd9ca120ef41ba7b9e2a8df58eb5c00","MachineName":"DESKTOP-R8BM551","Log4NetLevel":"INFO "}
{"@t":"2023-04-12T02:01:39.7865074Z","@mt":"Sending image. Request uri: '{Uri}'. Cached Key: '{Key}'","Uri":"https://localhost:44365/media/x44jejau/herobanner-desktop.jpg?rmode=max&width=500&rnd=%26rnd%3D20230405062219","Key":"072ecdbc7fa2","EventId":{"Id":3},"SourceContext":"SixLabors.ImageSharp.Web.Middleware.ImageSharpMiddleware","RequestId":"0HMPQUUAJQQD0:000002EB","RequestPath":"/media/x44jejau/herobanner-desktop.jpg","ConnectionId":"0HMPQUUAJQQD0","ProcessId":8752,"ProcessName":"Clean.Site","ThreadId":80,"ApplicationId":"922d68280cd9ca120ef41ba7b9e2a8df58eb5c00","MachineName":"DESKTOP-R8BM551","Log4NetLevel":"INFO "}
{"@t":"2023-04-12T02:02:11.9719383Z","@mt":"Document {ContentName} (id={ContentId}) has been published.","ContentName":"Home","ContentId":1064,"SourceContext":"Umbraco.Cms.Core.Services.ContentService","ActionId":"563fb483-ec68-44a8-87c4-6cc23f4b0a8f","ActionName":"Umbraco.Cms.Web.BackOffice.Controllers.ContentController.PostSave (Umbraco.Web.BackOffice)","RequestId":"0HMPQUUAJQQD0:000002F5","RequestPath":"/umbraco/backoffice/umbracoapi/content/PostSave","ConnectionId":"0HMPQUUAJQQD0","ProcessId":8752,"ProcessName":"Clean.Site","ThreadId":72,"ApplicationId":"922d68280cd9ca120ef41ba7b9e2a8df58eb5c00","MachineName":"DESKTOP-R8BM551","Log4NetLevel":"INFO ","HttpRequestId":"46e5e085-95fc-4259-9f42-50f6e2ceba28","HttpRequestNumber":3,"HttpSessionId":"3b928585-1cd3-2ecc-9648-b63f32befc4c"}
{"@t":"2023-04-12T02:04:23.2955083Z","@mt":"Sending image. Request uri: '{Uri}'. Cached Key: '{Key}'","Uri":"https://localhost:44365/media/x44jejau/herobanner-desktop.jpg?rmode=max&width=500&rnd=%26rnd%3D20230405062219","Key":"072ecdbc7fa2","EventId":{"Id":3},"SourceContext":"SixLabors.ImageSharp.Web.Middleware.ImageSharpMiddleware","RequestId":"0HMPQUUAJQQD0:00000315","RequestPath":"/media/x44jejau/herobanner-desktop.jpg","ConnectionId":"0HMPQUUAJQQD0","ProcessId":8752,"ProcessName":"Clean.Site","ThreadId":85,"ApplicationId":"922d68280cd9ca120ef41ba7b9e2a8df58eb5c00","MachineName":"DESKTOP-R8BM551","Log4NetLevel":"INFO "}
{"@t":"2023-04-12T02:05:26.5079550Z","@mt":"Sending image. Request uri: '{Uri}'. Cached Key: '{Key}'","Uri":"https://localhost:44365/media/x44jejau/herobanner-desktop.jpg?rmode=max&width=500&rnd=%26rnd%3D20230405062219","Key":"072ecdbc7fa2","EventId":{"Id":3},"SourceContext":"SixLabors.ImageSharp.Web.Middleware.ImageSharpMiddleware","RequestId":"0HMPQUUAJQQD0:00000333","RequestPath":"/media/x44jejau/herobanner-desktop.jpg","ConnectionId":"0HMPQUUAJQQD0","ProcessId":8752,"ProcessName":"Clean.Site","ThreadId":75,"ApplicationId":"922d68280cd9ca120ef41ba7b9e2a8df58eb5c00","MachineName":"DESKTOP-R8BM551","Log4NetLevel":"INFO "}
{"@t":"2023-04-12T02:05:50.1530868Z","@mt":"Sending image. Request uri: '{Uri}'. Cached Key: '{Key}'","Uri":"https://localhost:44365/media/x44jejau/herobanner-desktop.jpg?rmode=max&width=500&rnd=%26rnd%3D20230405062219","Key":"072ecdbc7fa2","EventId":{"Id":3},"SourceContext":"SixLabors.ImageSharp.Web.Middleware.ImageSharpMiddleware","RequestId":"0HMPQUUAJQQD0:0000037D","RequestPath":"/media/x44jejau/herobanner-desktop.jpg","ConnectionId":"0HMPQUUAJQQD0","ProcessId":8752,"ProcessName":"Clean.Site","ThreadId":80,"ApplicationId":"922d68280cd9ca120ef41ba7b9e2a8df58eb5c00","MachineName":"DESKTOP-R8BM551","Log4NetLevel":"INFO "}
{"@t":"2023-04-12T02:05:52.4881698Z","@mt":"Document {ContentName} (id={ContentId}) has been published.","ContentName":"Home","ContentId":1064,"SourceContext":"Umbraco.Cms.Core.Services.ContentService","ActionId":"563fb483-ec68-44a8-87c4-6cc23f4b0a8f","ActionName":"Umbraco.Cms.Web.BackOffice.Controllers.ContentController.PostSave (Umbraco.Web.BackOffice)","RequestId":"0HMPQUUAJQQD0:0000037F","RequestPath":"/umbraco/backoffice/umbracoapi/content/PostSave","ConnectionId":"0HMPQUUAJQQD0","ProcessId":8752,"ProcessName":"Clean.Site","ThreadId":80,"ApplicationId":"922d68280cd9ca120ef41ba7b9e2a8df58eb5c00","MachineName":"DESKTOP-R8BM551","Log4NetLevel":"INFO ","HttpRequestId":"2ca5f1f9-e335-49f2-a508-1311e61edaaa","HttpRequestNumber":4,"HttpSessionId":"ae5ba467-2605-be5b-6bb3-be70c0b88085"}
{"@t":"2023-04-12T02:09:43.2015913Z","@mt":"Sending image. Request uri: '{Uri}'. Cached Key: '{Key}'","Uri":"https://localhost:44365/media/x44jejau/herobanner-desktop.jpg?rmode=max&width=500&rnd=%26rnd%3D20230405062219","Key":"072ecdbc7fa2","EventId":{"Id":3},"SourceContext":"SixLabors.ImageSharp.Web.Middleware.ImageSharpMiddleware","RequestId":"0HMPQUUAJQQD0:00000413","RequestPath":"/media/x44jejau/herobanner-desktop.jpg","ConnectionId":"0HMPQUUAJQQD0","ProcessId":8752,"ProcessName":"Clean.Site","ThreadId":73,"ApplicationId":"922d68280cd9ca120ef41ba7b9e2a8df58eb5c00","MachineName":"DESKTOP-R8BM551","Log4NetLevel":"INFO "}
{"@t":"2023-04-12T06:36:30.7012663Z","@mt":"Stopping ({SignalSource})","SignalSource":"environment","SourceContext":"Umbraco.Cms.Core.Runtime.MainDom","ProcessId":8752,"ProcessName":"Clean.Site","ThreadId":120,"ApplicationId":"922d68280cd9ca120ef41ba7b9e2a8df58eb5c00","MachineName":"DESKTOP-R8BM551","Log4NetLevel":"INFO "}
{"@t":"2023-04-12T06:36:30.7053928Z","@mt":"Released from MainDom","SourceContext":"Umbraco.Cms.Infrastructure.PublishedCache.PublishedSnapshotService","ProcessId":8752,"ProcessName":"Clean.Site","ThreadId":120,"ApplicationId":"922d68280cd9ca120ef41ba7b9e2a8df58eb5c00","MachineName":"DESKTOP-R8BM551","Log4NetLevel":"INFO "}
{"@t":"2023-04-12T06:36:30.7059635Z","@mt":"{StartMessage} [Timing {TimingId}]","StartMessage":"Examine shutting down","TimingId":"296f337","SourceContext":"Umbraco.Cms.Core.Logging.ProfilingLogger","ProcessId":8752,"ProcessName":"Clean.Site","ThreadId":120,"ApplicationId":"922d68280cd9ca120ef41ba7b9e2a8df58eb5c00","MachineName":"DESKTOP-R8BM551","Log4NetLevel":"INFO "}
{"@t":"2023-04-12T06:36:30.7163427Z","@mt":"{EndMessage} ({Duration}ms) [Timing {TimingId}]","EndMessage":"Completed.","Duration":10,"TimingId":"296f337","SourceContext":"Umbraco.Cms.Core.Logging.ProfilingLogger","ProcessId":8752,"ProcessName":"Clean.Site","ThreadId":120,"ApplicationId":"922d68280cd9ca120ef41ba7b9e2a8df58eb5c00","MachineName":"DESKTOP-R8BM551","Log4NetLevel":"INFO "}
{"@t":"2023-04-12T06:36:30.7167969Z","@mt":"Released ({SignalSource})","SignalSource":"environment","SourceContext":"Umbraco.Cms.Core.Runtime.MainDom","ProcessId":8752,"ProcessName":"Clean.Site","ThreadId":120,"ApplicationId":"922d68280cd9ca120ef41ba7b9e2a8df58eb5c00","MachineName":"DESKTOP-R8BM551","Log4NetLevel":"INFO "}
{"@t":"2023-04-12T06:36:30.7172202Z","@mt":"Application is shutting down...","SourceContext":"Microsoft.Hosting.Lifetime","ProcessId":8752,"ProcessName":"Clean.Site","ThreadId":120,"ApplicationId":"922d68280cd9ca120ef41ba7b9e2a8df58eb5c00","MachineName":"DESKTOP-R8BM551","Log4NetLevel":"INFO "}
{"@t":"2023-04-12T06:36:30.7220330Z","@mt":"Queued Hosted Service is stopping.","SourceContext":"Umbraco.Cms.Infrastructure.HostedServices.QueuedHostedService","ProcessId":8752,"ProcessName":"Clean.Site","ThreadId":114,"ApplicationId":"922d68280cd9ca120ef41ba7b9e2a8df58eb5c00","MachineName":"DESKTOP-R8BM551","Log4NetLevel":"INFO "}
{"@t":"2023-04-12T06:36:46.4823770Z","@mt":"Acquiring MainDom.","SourceContext":"Umbraco.Cms.Core.Runtime.MainDom","ProcessId":19196,"ProcessName":"Clean.Site","ThreadId":1,"ApplicationId":"922d68280cd9ca120ef41ba7b9e2a8df58eb5c00","MachineName":"DESKTOP-R8BM551","Log4NetLevel":"INFO "}
{"@t":"2023-04-12T06:36:46.4876052Z","@mt":"Acquired MainDom.","SourceContext":"Umbraco.Cms.Core.Runtime.MainDom","ProcessId":19196,"ProcessName":"Clean.Site","ThreadId":1,"ApplicationId":"922d68280cd9ca120ef41ba7b9e2a8df58eb5c00","MachineName":"DESKTOP-R8BM551","Log4NetLevel":"INFO "}
{"@t":"2023-04-12T06:36:47.0001291Z","@mt":"The ASP.NET Core developer certificate is not trusted. For information about trusting the ASP.NET Core developer certificate, see https://aka.ms/aspnet/https-trust-dev-cert.","@l":"Warning","EventId":{"Id":8,"Name":"DeveloperCertificateNotTrusted"},"SourceContext":"Microsoft.AspNetCore.Server.Kestrel.Core.KestrelServer","ProcessId":19196,"ProcessName":"Clean.Site","ThreadId":1,"ApplicationId":"922d68280cd9ca120ef41ba7b9e2a8df58eb5c00","MachineName":"DESKTOP-R8BM551","Log4NetLevel":"WARN "}
{"@t":"2023-04-12T06:36:47.0160537Z","@mt":"Now listening on: {address}","address":"https://localhost:44365","EventId":{"Id":14,"Name":"ListeningOnAddress"},"SourceContext":"Microsoft.Hosting.Lifetime","ProcessId":19196,"ProcessName":"Clean.Site","ThreadId":1,"ApplicationId":"922d68280cd9ca120ef41ba7b9e2a8df58eb5c00","MachineName":"DESKTOP-R8BM551","Log4NetLevel":"INFO "}
{"@t":"2023-04-12T06:36:47.0161354Z","@mt":"Now listening on: {address}","address":"http://localhost:43116","EventId":{"Id":14,"Name":"ListeningOnAddress"},"SourceContext":"Microsoft.Hosting.Lifetime","ProcessId":19196,"ProcessName":"Clean.Site","ThreadId":1,"ApplicationId":"922d68280cd9ca120ef41ba7b9e2a8df58eb5c00","MachineName":"DESKTOP-R8BM551","Log4NetLevel":"INFO "}
{"@t":"2023-04-12T06:36:47.0211649Z","@mt":"uSync: Startup Complete {elapsed}ms","elapsed":1,"SourceContext":"uSync.BackOffice.Notifications.uSyncApplicationStartingHandler","ProcessId":19196,"ProcessName":"Clean.Site","ThreadId":1,"ApplicationId":"922d68280cd9ca120ef41ba7b9e2a8df58eb5c00","MachineName":"DESKTOP-R8BM551","Log4NetLevel":"INFO "}
{"@t":"2023-04-12T06:36:47.0214302Z","@mt":"Application started. Press Ctrl+C to shut down.","SourceContext":"Microsoft.Hosting.Lifetime","ProcessId":19196,"ProcessName":"Clean.Site","ThreadId":1,"ApplicationId":"922d68280cd9ca120ef41ba7b9e2a8df58eb5c00","MachineName":"DESKTOP-R8BM551","Log4NetLevel":"INFO "}
{"@t":"2023-04-12T06:36:47.0214487Z","@mt":"Hosting environment: {EnvName}","EnvName":"Development","SourceContext":"Microsoft.Hosting.Lifetime","ProcessId":19196,"ProcessName":"Clean.Site","ThreadId":1,"ApplicationId":"922d68280cd9ca120ef41ba7b9e2a8df58eb5c00","MachineName":"DESKTOP-R8BM551","Log4NetLevel":"INFO "}
{"@t":"2023-04-12T06:36:47.0214669Z","@mt":"Content root path: {ContentRoot}","ContentRoot":"C:\\Development\\Umbraco\\Corp\\Clean.Site","SourceContext":"Microsoft.Hosting.Lifetime","ProcessId":19196,"ProcessName":"Clean.Site","ThreadId":1,"ApplicationId":"922d68280cd9ca120ef41ba7b9e2a8df58eb5c00","MachineName":"DESKTOP-R8BM551","Log4NetLevel":"INFO "}
{"@t":"2023-04-12T06:36:50.8395327Z","@mt":"Registered with MainDom, localContentDbExists? {LocalContentDbExists}, localMediaDbExists? {LocalMediaDbExists}","LocalContentDbExists":true,"LocalMediaDbExists":true,"SourceContext":"Umbraco.Cms.Infrastructure.PublishedCache.PublishedSnapshotService","RequestId":"0HMPR4151THDM:00000001","RequestPath":"/","ConnectionId":"0HMPR4151THDM","ProcessId":19196,"ProcessName":"Clean.Site","ThreadId":18,"ApplicationId":"922d68280cd9ca120ef41ba7b9e2a8df58eb5c00","MachineName":"DESKTOP-R8BM551","Log4NetLevel":"INFO ","HttpRequestId":"e2077a39-5962-4a64-8446-ceac781086a0","HttpRequestNumber":1,"HttpSessionId":"0"}
{"@t":"2023-04-12T06:36:50.8407450Z","@mt":"Creating the content store, localContentDbExists? {LocalContentDbExists}","LocalContentDbExists":true,"SourceContext":"Umbraco.Cms.Infrastructure.PublishedCache.PublishedSnapshotService","RequestId":"0HMPR4151THDM:00000001","RequestPath":"/","ConnectionId":"0HMPR4151THDM","ProcessId":19196,"ProcessName":"Clean.Site","ThreadId":18,"ApplicationId":"922d68280cd9ca120ef41ba7b9e2a8df58eb5c00","MachineName":"DESKTOP-R8BM551","Log4NetLevel":"INFO ","HttpRequestId":"e2077a39-5962-4a64-8446-ceac781086a0","HttpRequestNumber":1,"HttpSessionId":"0"}
{"@t":"2023-04-12T06:36:50.8418518Z","@mt":"Creating the media store, localMediaDbExists? {LocalMediaDbExists}","LocalMediaDbExists":true,"SourceContext":"Umbraco.Cms.Infrastructure.PublishedCache.PublishedSnapshotService","RequestId":"0HMPR4151THDM:00000001","RequestPath":"/","ConnectionId":"0HMPR4151THDM","ProcessId":19196,"ProcessName":"Clean.Site","ThreadId":18,"ApplicationId":"922d68280cd9ca120ef41ba7b9e2a8df58eb5c00","MachineName":"DESKTOP-R8BM551","Log4NetLevel":"INFO ","HttpRequestId":"e2077a39-5962-4a64-8446-ceac781086a0","HttpRequestNumber":1,"HttpSessionId":"0"}
{"@t":"2023-04-12T06:36:51.1491675Z","@mt":"{StartMessage} [Timing {TimingId}]","StartMessage":"Loading content from local cache file","TimingId":"a946561","SourceContext":"Umbraco.Cms.Core.Logging.ProfilingLogger","RequestId":"0HMPR4151THDM:00000001","RequestPath":"/","ConnectionId":"0HMPR4151THDM","ProcessId":19196,"ProcessName":"Clean.Site","ThreadId":18,"ApplicationId":"922d68280cd9ca120ef41ba7b9e2a8df58eb5c00","MachineName":"DESKTOP-R8BM551","Log4NetLevel":"INFO ","HttpRequestId":"e2077a39-5962-4a64-8446-ceac781086a0","HttpRequestNumber":1,"HttpSessionId":"0"}
{"@t":"2023-04-12T06:36:51.1622392Z","@mt":"{EndMessage} ({Duration}ms) [Timing {TimingId}]","EndMessage":"Completed.","Duration":13,"TimingId":"a946561","SourceContext":"Umbraco.Cms.Core.Logging.ProfilingLogger","RequestId":"0HMPR4151THDM:00000001","RequestPath":"/","ConnectionId":"0HMPR4151THDM","ProcessId":19196,"ProcessName":"Clean.Site","ThreadId":18,"ApplicationId":"922d68280cd9ca120ef41ba7b9e2a8df58eb5c00","MachineName":"DESKTOP-R8BM551","Log4NetLevel":"INFO ","HttpRequestId":"e2077a39-5962-4a64-8446-ceac781086a0","HttpRequestNumber":1,"HttpSessionId":"0"}
{"@t":"2023-04-12T06:36:51.1663568Z","@mt":"{StartMessage} [Timing {TimingId}]","StartMessage":"Loading media from local cache file","TimingId":"31895e7","SourceContext":"Umbraco.Cms.Core.Logging.ProfilingLogger","RequestId":"0HMPR4151THDM:00000001","RequestPath":"/","ConnectionId":"0HMPR4151THDM","ProcessId":19196,"ProcessName":"Clean.Site","ThreadId":18,"ApplicationId":"922d68280cd9ca120ef41ba7b9e2a8df58eb5c00","MachineName":"DESKTOP-R8BM551","Log4NetLevel":"INFO ","HttpRequestId":"e2077a39-5962-4a64-8446-ceac781086a0","HttpRequestNumber":1,"HttpSessionId":"0"}
{"@t":"2023-04-12T06:36:51.1682047Z","@mt":"{EndMessage} ({Duration}ms) [Timing {TimingId}]","EndMessage":"Completed.","Duration":1,"TimingId":"31895e7","SourceContext":"Umbraco.Cms.Core.Logging.ProfilingLogger","RequestId":"0HMPR4151THDM:00000001","RequestPath":"/","ConnectionId":"0HMPR4151THDM","ProcessId":19196,"ProcessName":"Clean.Site","ThreadId":18,"ApplicationId":"922d68280cd9ca120ef41ba7b9e2a8df58eb5c00","MachineName":"DESKTOP-R8BM551","Log4NetLevel":"INFO ","HttpRequestId":"e2077a39-5962-4a64-8446-ceac781086a0","HttpRequestNumber":1,"HttpSessionId":"0"}
{"@t":"2023-04-12T06:37:35.9658409Z","@mt":"Sending image. Request uri: '{Uri}'. Cached Key: '{Key}'","Uri":"https://localhost:44365/media/s4mbi3e5/timelab-1_wqczrlmms-unsplash.jpg?width=500","Key":"506ea8e8285d","EventId":{"Id":3},"SourceContext":"SixLabors.ImageSharp.Web.Middleware.ImageSharpMiddleware","RequestId":"0HMPR4151THDM:00000111","RequestPath":"/media/s4mbi3e5/timelab-1_wqczrlmms-unsplash.jpg","ConnectionId":"0HMPR4151THDM","ProcessId":19196,"ProcessName":"Clean.Site","ThreadId":12,"ApplicationId":"922d68280cd9ca120ef41ba7b9e2a8df58eb5c00","MachineName":"DESKTOP-R8BM551","Log4NetLevel":"INFO "}
{"@t":"2023-04-12T06:37:35.9658476Z","@mt":"Sending image. Request uri: '{Uri}'. Cached Key: '{Key}'","Uri":"https://localhost:44365/media/laqpqyfc/anirudh-xu4pz7gi9jy-unsplash.jpg?width=500","Key":"260536036393","EventId":{"Id":3},"SourceContext":"SixLabors.ImageSharp.Web.Middleware.ImageSharpMiddleware","RequestId":"0HMPR4151THDM:00000105","RequestPath":"/media/laqpqyfc/anirudh-xu4pz7gi9jy-unsplash.jpg","ConnectionId":"0HMPR4151THDM","ProcessId":19196,"ProcessName":"Clean.Site","ThreadId":38,"ApplicationId":"922d68280cd9ca120ef41ba7b9e2a8df58eb5c00","MachineName":"DESKTOP-R8BM551","Log4NetLevel":"INFO "}
{"@t":"2023-04-12T06:37:35.9658406Z","@mt":"Sending image. Request uri: '{Uri}'. Cached Key: '{Key}'","Uri":"https://localhost:44365/media/0cyp04dk/oppo-find-n2-flip-raya-herobanner-desktop.jpg?width=500","Key":"be2f4b8abdf5","EventId":{"Id":3},"SourceContext":"SixLabors.ImageSharp.Web.Middleware.ImageSharpMiddleware","RequestId":"0HMPR4151THDM:00000101","RequestPath":"/media/0cyp04dk/oppo-find-n2-flip-raya-herobanner-desktop.jpg","ConnectionId":"0HMPR4151THDM","ProcessId":19196,"ProcessName":"Clean.Site","ThreadId":11,"ApplicationId":"922d68280cd9ca120ef41ba7b9e2a8df58eb5c00","MachineName":"DESKTOP-R8BM551","Log4NetLevel":"INFO "}
{"@t":"2023-04-12T06:37:35.9658392Z","@mt":"Sending image. Request uri: '{Uri}'. Cached Key: '{Key}'","Uri":"https://localhost:44365/media/xq1nevkr/always-be-ahead-herobanner-desktop.jpg?width=500","Key":"ab706b911c9a","EventId":{"Id":3},"SourceContext":"SixLabors.ImageSharp.Web.Middleware.ImageSharpMiddleware","RequestId":"0HMPR4151THDM:00000109","RequestPath":"/media/xq1nevkr/always-be-ahead-herobanner-desktop.jpg","ConnectionId":"0HMPR4151THDM","ProcessId":19196,"ProcessName":"Clean.Site","ThreadId":32,"ApplicationId":"922d68280cd9ca120ef41ba7b9e2a8df58eb5c00","MachineName":"DESKTOP-R8BM551","Log4NetLevel":"INFO "}
{"@t":"2023-04-12T06:37:35.9658408Z","@mt":"Sending image. Request uri: '{Uri}'. Cached Key: '{Key}'","Uri":"https://localhost:44365/media/lbonn05a/gsmarena_003.jpg?width=500","Key":"955770601555","EventId":{"Id":3},"SourceContext":"SixLabors.ImageSharp.Web.Middleware.ImageSharpMiddleware","RequestId":"0HMPR4151THDM:0000010B","RequestPath":"/media/lbonn05a/gsmarena_003.jpg","ConnectionId":"0HMPR4151THDM","ProcessId":19196,"ProcessName":"Clean.Site","ThreadId":20,"ApplicationId":"922d68280cd9ca120ef41ba7b9e2a8df58eb5c00","MachineName":"DESKTOP-R8BM551","Log4NetLevel":"INFO "}
{"@t":"2023-04-12T06:37:35.9658414Z","@mt":"Sending image. Request uri: '{Uri}'. Cached Key: '{Key}'","Uri":"https://localhost:44365/media/lyrav0ab/always-be-ahead-herobanner-desktop.jpg?width=500","Key":"d3da08dcc2ca","EventId":{"Id":3},"SourceContext":"SixLabors.ImageSharp.Web.Middleware.ImageSharpMiddleware","RequestId":"0HMPR4151THDM:00000113","RequestPath":"/media/lyrav0ab/always-be-ahead-herobanner-desktop.jpg","ConnectionId":"0HMPR4151THDM","ProcessId":19196,"ProcessName":"Clean.Site","ThreadId":36,"ApplicationId":"922d68280cd9ca120ef41ba7b9e2a8df58eb5c00","MachineName":"DESKTOP-R8BM551","Log4NetLevel":"INFO "}
{"@t":"2023-04-12T06:37:35.9658440Z","@mt":"Sending image. Request uri: '{Uri}'. Cached Key: '{Key}'","Uri":"https://localhost:44365/media/oinhmdz0/i2.jpg?width=500","Key":"20824d4eb61b","EventId":{"Id":3},"SourceContext":"SixLabors.ImageSharp.Web.Middleware.ImageSharpMiddleware","RequestId":"0HMPR4151THDM:000000FF","RequestPath":"/media/oinhmdz0/i2.jpg","ConnectionId":"0HMPR4151THDM","ProcessId":19196,"ProcessName":"Clean.Site","ThreadId":17,"ApplicationId":"922d68280cd9ca120ef41ba7b9e2a8df58eb5c00","MachineName":"DESKTOP-R8BM551","Log4NetLevel":"INFO "}
{"@t":"2023-04-12T06:37:35.9658411Z","@mt":"Sending image. Request uri: '{Uri}'. Cached Key: '{Key}'","Uri":"https://localhost:44365/media/x44jejau/herobanner-desktop.jpg?width=500","Key":"c3d81017bc27","EventId":{"Id":3},"SourceContext":"SixLabors.ImageSharp.Web.Middleware.ImageSharpMiddleware","RequestId":"0HMPR4151THDM:00000103","RequestPath":"/media/x44jejau/herobanner-desktop.jpg","ConnectionId":"0HMPR4151THDM","ProcessId":19196,"ProcessName":"Clean.Site","ThreadId":27,"ApplicationId":"922d68280cd9ca120ef41ba7b9e2a8df58eb5c00","MachineName":"DESKTOP-R8BM551","Log4NetLevel":"INFO "}
{"@t":"2023-04-12T06:37:35.9658412Z","@mt":"Sending image. Request uri: '{Uri}'. Cached Key: '{Key}'","Uri":"https://localhost:44365/media/1zpgcdyv/marek-piwnicki-0u3zmxtk6qc-unsplash.jpg?width=500","Key":"81d92b62300a","EventId":{"Id":3},"SourceContext":"SixLabors.ImageSharp.Web.Middleware.ImageSharpMiddleware","RequestId":"0HMPR4151THDM:0000010F","RequestPath":"/media/1zpgcdyv/marek-piwnicki-0u3zmxtk6qc-unsplash.jpg","ConnectionId":"0HMPR4151THDM","ProcessId":19196,"ProcessName":"Clean.Site","ThreadId":34,"ApplicationId":"922d68280cd9ca120ef41ba7b9e2a8df58eb5c00","MachineName":"DESKTOP-R8BM551","Log4NetLevel":"INFO "}
{"@t":"2023-04-12T06:37:35.9658400Z","@mt":"Sending image. Request uri: '{Uri}'. Cached Key: '{Key}'","Uri":"https://localhost:44365/media/nnaftewe/i3.jpg?width=500","Key":"52411485c5b0","EventId":{"Id":3},"SourceContext":"SixLabors.ImageSharp.Web.Middleware.ImageSharpMiddleware","RequestId":"0HMPR4151THDM:00000107","RequestPath":"/media/nnaftewe/i3.jpg","ConnectionId":"0HMPR4151THDM","ProcessId":19196,"ProcessName":"Clean.Site","ThreadId":24,"ApplicationId":"922d68280cd9ca120ef41ba7b9e2a8df58eb5c00","MachineName":"DESKTOP-R8BM551","Log4NetLevel":"INFO "}
{"@t":"2023-04-12T06:37:35.9658425Z","@mt":"Sending image. Request uri: '{Uri}'. Cached Key: '{Key}'","Uri":"https://localhost:44365/media/p3apmykp/i1.jpg?width=500","Key":"9db4463058ba","EventId":{"Id":3},"SourceContext":"SixLabors.ImageSharp.Web.Middleware.ImageSharpMiddleware","RequestId":"0HMPR4151THDM:0000010D","RequestPath":"/media/p3apmykp/i1.jpg","ConnectionId":"0HMPR4151THDM","ProcessId":19196,"ProcessName":"Clean.Site","ThreadId":25,"ApplicationId":"922d68280cd9ca120ef41ba7b9e2a8df58eb5c00","MachineName":"DESKTOP-R8BM551","Log4NetLevel":"INFO "}
{"@t":"2023-04-12T06:37:35.9705188Z","@mt":"Sending image. Request uri: '{Uri}'. Cached Key: '{Key}'","Uri":"https://localhost:44365/media/ujsfqjga/oskar-kadaksoo-tu2qdnfah3m-unsplash.jpg?width=500","Key":"981ffed8522f","EventId":{"Id":3},"SourceContext":"SixLabors.ImageSharp.Web.Middleware.ImageSharpMiddleware","RequestId":"0HMPR4151THDM:00000115","RequestPath":"/media/ujsfqjga/oskar-kadaksoo-tu2qdnfah3m-unsplash.jpg","ConnectionId":"0HMPR4151THDM","ProcessId":19196,"ProcessName":"Clean.Site","ThreadId":20,"ApplicationId":"922d68280cd9ca120ef41ba7b9e2a8df58eb5c00","MachineName":"DESKTOP-R8BM551","Log4NetLevel":"INFO "}
{"@t":"2023-04-12T06:37:35.9705188Z","@mt":"Sending image. Request uri: '{Uri}'. Cached Key: '{Key}'","Uri":"https://localhost:44365/media/v5omcujo/breaker-banner-desktop.jpg?width=500","Key":"74408596eebf","EventId":{"Id":3},"SourceContext":"SixLabors.ImageSharp.Web.Middleware.ImageSharpMiddleware","RequestId":"0HMPR4151THDM:00000119","RequestPath":"/media/v5omcujo/breaker-banner-desktop.jpg","ConnectionId":"0HMPR4151THDM","ProcessId":19196,"ProcessName":"Clean.Site","ThreadId":36,"ApplicationId":"922d68280cd9ca120ef41ba7b9e2a8df58eb5c00","MachineName":"DESKTOP-R8BM551","Log4NetLevel":"INFO "}
{"@t":"2023-04-12T06:37:35.9705186Z","@mt":"Sending image. Request uri: '{Uri}'. Cached Key: '{Key}'","Uri":"https://localhost:44365/media/kq5h0mih/jon-tyson-a-obuh61bkw-unsplash.jpg?width=500","Key":"c0756b5df9cd","EventId":{"Id":3},"SourceContext":"SixLabors.ImageSharp.Web.Middleware.ImageSharpMiddleware","RequestId":"0HMPR4151THDM:00000117","RequestPath":"/media/kq5h0mih/jon-tyson-a-obuh61bkw-unsplash.jpg","ConnectionId":"0HMPR4151THDM","ProcessId":19196,"ProcessName":"Clean.Site","ThreadId":32,"ApplicationId":"922d68280cd9ca120ef41ba7b9e2a8df58eb5c00","MachineName":"DESKTOP-R8BM551","Log4NetLevel":"INFO "}
{"@t":"2023-04-12T06:37:42.9735162Z","@mt":"Sending image. Request uri: '{Uri}'. Cached Key: '{Key}'","Uri":"https://localhost:44365/media/x44jejau/herobanner-desktop.jpg?rmode=max&width=500&rnd=%26rnd%3D20230405062219","Key":"072ecdbc7fa2","EventId":{"Id":3},"SourceContext":"SixLabors.ImageSharp.Web.Middleware.ImageSharpMiddleware","RequestId":"0HMPR4151THDM:00000155","RequestPath":"/media/x44jejau/herobanner-desktop.jpg","ConnectionId":"0HMPR4151THDM","ProcessId":19196,"ProcessName":"Clean.Site","ThreadId":24,"ApplicationId":"922d68280cd9ca120ef41ba7b9e2a8df58eb5c00","MachineName":"DESKTOP-R8BM551","Log4NetLevel":"INFO "}
{"@t":"2023-04-12T06:39:46.7205288Z","@mt":"Deleted {count} ContentVersion(s)","count":5,"SourceContext":"Umbraco.Cms.Infrastructure.HostedServices.ContentVersionCleanup","ProcessId":19196,"ProcessName":"Clean.Site","ThreadId":50,"ApplicationId":"922d68280cd9ca120ef41ba7b9e2a8df58eb5c00","MachineName":"DESKTOP-R8BM551","Log4NetLevel":"INFO "}
{"@t":"2023-04-12T06:44:47.4970991Z","@mt":"Adding examine event handlers for {RegisteredIndexers} index providers.","RegisteredIndexers":3,"SourceContext":"Umbraco.Cms.Infrastructure.Examine.ExamineUmbracoIndexingHandler","ActionId":"cc648b27-e4b5-4380-a0fa-bdd7f91430ce","ActionName":"Umbraco.Cms.Web.BackOffice.Controllers.ContentTypeController.PostSave (Umbraco.Web.BackOffice)","RequestId":"0HMPR4151THDM:000001BD","RequestPath":"/umbraco/backoffice/umbracoapi/contenttype/PostSave","ConnectionId":"0HMPR4151THDM","ProcessId":19196,"ProcessName":"Clean.Site","ThreadId":69,"ApplicationId":"922d68280cd9ca120ef41ba7b9e2a8df58eb5c00","MachineName":"DESKTOP-R8BM551","Log4NetLevel":"INFO ","HttpRequestId":"912c398f-1d9b-461d-a3c1-0ef6ded5cb81","HttpRequestNumber":2,"HttpSessionId":"1e0112c2-5129-b4e9-1f64-d99c17d54585"}
{"@t":"2023-04-12T06:44:47.9754073Z","@mt":"Sending image. Request uri: '{Uri}'. Cached Key: '{Key}'","Uri":"https://localhost:44365/media/x44jejau/herobanner-desktop.jpg?rmode=max&width=500&rnd=%26rnd%3D20230405062219","Key":"072ecdbc7fa2","EventId":{"Id":3},"SourceContext":"SixLabors.ImageSharp.Web.Middleware.ImageSharpMiddleware","RequestId":"0HMPR4151THDM:000001D9","RequestPath":"/media/x44jejau/herobanner-desktop.jpg","ConnectionId":"0HMPR4151THDM","ProcessId":19196,"ProcessName":"Clean.Site","ThreadId":67,"ApplicationId":"922d68280cd9ca120ef41ba7b9e2a8df58eb5c00","MachineName":"DESKTOP-R8BM551","Log4NetLevel":"INFO "}
{"@t":"2023-04-12T06:45:56.4891114Z","@mt":"Sending image. Request uri: '{Uri}'. Cached Key: '{Key}'","Uri":"https://localhost:44365/media/x44jejau/herobanner-desktop.jpg?rmode=max&width=500&rnd=%26rnd%3D20230405062219","Key":"072ecdbc7fa2","EventId":{"Id":3},"SourceContext":"SixLabors.ImageSharp.Web.Middleware.ImageSharpMiddleware","RequestId":"0HMPR4151THDM:00000231","RequestPath":"/media/x44jejau/herobanner-desktop.jpg","ConnectionId":"0HMPR4151THDM","ProcessId":19196,"ProcessName":"Clean.Site","ThreadId":67,"ApplicationId":"922d68280cd9ca120ef41ba7b9e2a8df58eb5c00","MachineName":"DESKTOP-R8BM551","Log4NetLevel":"INFO "}
{"@t":"2023-04-12T06:46:34.9892364Z","@mt":"Document {ContentName} (id={ContentId}) has been published.","ContentName":"Home","ContentId":1064,"SourceContext":"Umbraco.Cms.Core.Services.ContentService","ActionId":"2fae39b9-8d9d-4fc5-8113-d7d592ba2444","ActionName":"Umbraco.Cms.Web.BackOffice.Controllers.ContentController.PostSave (Umbraco.Web.BackOffice)","RequestId":"0HMPR4151THDM:00000245","RequestPath":"/umbraco/backoffice/umbracoapi/content/PostSave","ConnectionId":"0HMPR4151THDM","ProcessId":19196,"ProcessName":"Clean.Site","ThreadId":62,"ApplicationId":"922d68280cd9ca120ef41ba7b9e2a8df58eb5c00","MachineName":"DESKTOP-R8BM551","Log4NetLevel":"INFO ","HttpRequestId":"4cc54a4e-d3bc-426c-a34f-e451649c9903","HttpRequestNumber":3,"HttpSessionId":"cbfc9fb2-a889-2da0-9ce5-8cc6b504ece7"}
{"@t":"2023-04-12T06:46:45.4487293Z","@mt":"Sending image. Request uri: '{Uri}'. Cached Key: '{Key}'","Uri":"https://localhost:44365/media/0cyp04dk/oppo-find-n2-flip-raya-herobanner-desktop.jpg?rmode=max&width=500&rnd=%26rnd%3D20230405065301","Key":"1fbebd169ff6","EventId":{"Id":3},"SourceContext":"SixLabors.ImageSharp.Web.Middleware.ImageSharpMiddleware","RequestId":"0HMPR4151THDM:0000025F","RequestPath":"/media/0cyp04dk/oppo-find-n2-flip-raya-herobanner-desktop.jpg","ConnectionId":"0HMPR4151THDM","ProcessId":19196,"ProcessName":"Clean.Site","ThreadId":76,"ApplicationId":"922d68280cd9ca120ef41ba7b9e2a8df58eb5c00","MachineName":"DESKTOP-R8BM551","Log4NetLevel":"INFO "}
{"@t":"2023-04-12T06:46:47.8333504Z","@mt":"Sending image. Request uri: '{Uri}'. Cached Key: '{Key}'","Uri":"https://localhost:44365/media/x44jejau/herobanner-desktop.jpg?rmode=max&width=500&rnd=%26rnd%3D20230405062219","Key":"072ecdbc7fa2","EventId":{"Id":3},"SourceContext":"SixLabors.ImageSharp.Web.Middleware.ImageSharpMiddleware","RequestId":"0HMPR4151THDM:0000027B","RequestPath":"/media/x44jejau/herobanner-desktop.jpg","ConnectionId":"0HMPR4151THDM","ProcessId":19196,"ProcessName":"Clean.Site","ThreadId":70,"ApplicationId":"922d68280cd9ca120ef41ba7b9e2a8df58eb5c00","MachineName":"DESKTOP-R8BM551","Log4NetLevel":"INFO "}
