{"@t":"2023-03-17T01:27:50.2599871Z","@mt":"Acquiring MainDom.","SourceContext":"Umbraco.Cms.Core.Runtime.MainDom","ProcessId":13860,"ProcessName":"Clean.Site","ThreadId":1,"ApplicationId":"08576e774ac196133407f48bb75449c37258f5a7","MachineName":"1C3-TEC-GJWGARY","Log4NetLevel":"INFO "}
{"@t":"2023-03-17T01:27:50.2668436Z","@mt":"Acquired MainDom.","SourceContext":"Umbraco.Cms.Core.Runtime.MainDom","ProcessId":13860,"ProcessName":"Clean.Site","ThreadId":1,"ApplicationId":"08576e774ac196133407f48bb75449c37258f5a7","MachineName":"1C3-TEC-GJWGARY","Log4NetLevel":"INFO "}
{"@t":"2023-03-17T01:27:51.2367192Z","@mt":"Now listening on: {address}","address":"https://localhost:44365","EventId":{"Id":14,"Name":"ListeningOnAddress"},"SourceContext":"Microsoft.Hosting.Lifetime","ProcessId":13860,"ProcessName":"Clean.Site","ThreadId":1,"ApplicationId":"08576e774ac196133407f48bb75449c37258f5a7","MachineName":"1C3-TEC-GJWGARY","Log4NetLevel":"INFO "}
{"@t":"2023-03-17T01:27:51.2372529Z","@mt":"Now listening on: {address}","address":"http://localhost:43116","EventId":{"Id":14,"Name":"ListeningOnAddress"},"SourceContext":"Microsoft.Hosting.Lifetime","ProcessId":13860,"ProcessName":"Clean.Site","ThreadId":1,"ApplicationId":"08576e774ac196133407f48bb75449c37258f5a7","MachineName":"1C3-TEC-GJWGARY","Log4NetLevel":"INFO "}
{"@t":"2023-03-17T01:27:51.2466961Z","@mt":"uSync: Startup Complete {elapsed}ms","elapsed":3,"SourceContext":"uSync.BackOffice.Notifications.uSyncApplicationStartingHandler","ProcessId":13860,"ProcessName":"Clean.Site","ThreadId":1,"ApplicationId":"08576e774ac196133407f48bb75449c37258f5a7","MachineName":"1C3-TEC-GJWGARY","Log4NetLevel":"INFO "}
{"@t":"2023-03-17T01:27:51.2471376Z","@mt":"Application started. Press Ctrl+C to shut down.","SourceContext":"Microsoft.Hosting.Lifetime","ProcessId":13860,"ProcessName":"Clean.Site","ThreadId":1,"ApplicationId":"08576e774ac196133407f48bb75449c37258f5a7","MachineName":"1C3-TEC-GJWGARY","Log4NetLevel":"INFO "}
{"@t":"2023-03-17T01:27:51.2471915Z","@mt":"Hosting environment: {EnvName}","EnvName":"Development","SourceContext":"Microsoft.Hosting.Lifetime","ProcessId":13860,"ProcessName":"Clean.Site","ThreadId":1,"ApplicationId":"08576e774ac196133407f48bb75449c37258f5a7","MachineName":"1C3-TEC-GJWGARY","Log4NetLevel":"INFO "}
{"@t":"2023-03-17T01:27:51.2472085Z","@mt":"Content root path: {ContentRoot}","ContentRoot":"C:\\Hadi\\Umbraco\\Clean\\Clean.Site","SourceContext":"Microsoft.Hosting.Lifetime","ProcessId":13860,"ProcessName":"Clean.Site","ThreadId":1,"ApplicationId":"08576e774ac196133407f48bb75449c37258f5a7","MachineName":"1C3-TEC-GJWGARY","Log4NetLevel":"INFO "}
{"@t":"2023-03-17T01:27:52.1181204Z","@mt":"Registered with MainDom, localContentDbExists? {LocalContentDbExists}, localMediaDbExists? {LocalMediaDbExists}","LocalContentDbExists":true,"LocalMediaDbExists":true,"SourceContext":"Umbraco.Cms.Infrastructure.PublishedCache.PublishedSnapshotService","RequestId":"0HMP6GR9LHSSP:00000001","RequestPath":"/","ConnectionId":"0HMP6GR9LHSSP","ProcessId":13860,"ProcessName":"Clean.Site","ThreadId":4,"ApplicationId":"08576e774ac196133407f48bb75449c37258f5a7","MachineName":"1C3-TEC-GJWGARY","Log4NetLevel":"INFO ","HttpRequestId":"c76e421e-1061-4e6f-a0e0-ffed9e09e85e","HttpRequestNumber":1,"HttpSessionId":"0"}
{"@t":"2023-03-17T01:27:52.1208430Z","@mt":"Creating the content store, localContentDbExists? {LocalContentDbExists}","LocalContentDbExists":true,"SourceContext":"Umbraco.Cms.Infrastructure.PublishedCache.PublishedSnapshotService","RequestId":"0HMP6GR9LHSSP:00000001","RequestPath":"/","ConnectionId":"0HMP6GR9LHSSP","ProcessId":13860,"ProcessName":"Clean.Site","ThreadId":4,"ApplicationId":"08576e774ac196133407f48bb75449c37258f5a7","MachineName":"1C3-TEC-GJWGARY","Log4NetLevel":"INFO ","HttpRequestId":"c76e421e-1061-4e6f-a0e0-ffed9e09e85e","HttpRequestNumber":1,"HttpSessionId":"0"}
{"@t":"2023-03-17T01:27:52.1236526Z","@mt":"Creating the media store, localMediaDbExists? {LocalMediaDbExists}","LocalMediaDbExists":true,"SourceContext":"Umbraco.Cms.Infrastructure.PublishedCache.PublishedSnapshotService","RequestId":"0HMP6GR9LHSSP:00000001","RequestPath":"/","ConnectionId":"0HMP6GR9LHSSP","ProcessId":13860,"ProcessName":"Clean.Site","ThreadId":4,"ApplicationId":"08576e774ac196133407f48bb75449c37258f5a7","MachineName":"1C3-TEC-GJWGARY","Log4NetLevel":"INFO ","HttpRequestId":"c76e421e-1061-4e6f-a0e0-ffed9e09e85e","HttpRequestNumber":1,"HttpSessionId":"0"}
{"@t":"2023-03-17T01:27:52.7493561Z","@mt":"{StartMessage} [Timing {TimingId}]","StartMessage":"Loading content from local cache file","TimingId":"887923a","SourceContext":"Umbraco.Cms.Core.Logging.ProfilingLogger","RequestId":"0HMP6GR9LHSSP:00000001","RequestPath":"/","ConnectionId":"0HMP6GR9LHSSP","ProcessId":13860,"ProcessName":"Clean.Site","ThreadId":4,"ApplicationId":"08576e774ac196133407f48bb75449c37258f5a7","MachineName":"1C3-TEC-GJWGARY","Log4NetLevel":"INFO ","HttpRequestId":"c76e421e-1061-4e6f-a0e0-ffed9e09e85e","HttpRequestNumber":1,"HttpSessionId":"0"}
{"@t":"2023-03-17T01:27:52.7737054Z","@mt":"{EndMessage} ({Duration}ms) [Timing {TimingId}]","EndMessage":"Completed.","Duration":24,"TimingId":"887923a","SourceContext":"Umbraco.Cms.Core.Logging.ProfilingLogger","RequestId":"0HMP6GR9LHSSP:00000001","RequestPath":"/","ConnectionId":"0HMP6GR9LHSSP","ProcessId":13860,"ProcessName":"Clean.Site","ThreadId":4,"ApplicationId":"08576e774ac196133407f48bb75449c37258f5a7","MachineName":"1C3-TEC-GJWGARY","Log4NetLevel":"INFO ","HttpRequestId":"c76e421e-1061-4e6f-a0e0-ffed9e09e85e","HttpRequestNumber":1,"HttpSessionId":"0"}
{"@t":"2023-03-17T01:27:52.7806611Z","@mt":"{StartMessage} [Timing {TimingId}]","StartMessage":"Loading media from local cache file","TimingId":"a1e8ed2","SourceContext":"Umbraco.Cms.Core.Logging.ProfilingLogger","RequestId":"0HMP6GR9LHSSP:00000001","RequestPath":"/","ConnectionId":"0HMP6GR9LHSSP","ProcessId":13860,"ProcessName":"Clean.Site","ThreadId":4,"ApplicationId":"08576e774ac196133407f48bb75449c37258f5a7","MachineName":"1C3-TEC-GJWGARY","Log4NetLevel":"INFO ","HttpRequestId":"c76e421e-1061-4e6f-a0e0-ffed9e09e85e","HttpRequestNumber":1,"HttpSessionId":"0"}
{"@t":"2023-03-17T01:27:52.7815261Z","@mt":"{EndMessage} ({Duration}ms) [Timing {TimingId}]","EndMessage":"Completed.","Duration":0,"TimingId":"a1e8ed2","SourceContext":"Umbraco.Cms.Core.Logging.ProfilingLogger","RequestId":"0HMP6GR9LHSSP:00000001","RequestPath":"/","ConnectionId":"0HMP6GR9LHSSP","ProcessId":13860,"ProcessName":"Clean.Site","ThreadId":4,"ApplicationId":"08576e774ac196133407f48bb75449c37258f5a7","MachineName":"1C3-TEC-GJWGARY","Log4NetLevel":"INFO ","HttpRequestId":"c76e421e-1061-4e6f-a0e0-ffed9e09e85e","HttpRequestNumber":1,"HttpSessionId":"0"}
{"@t":"2023-03-17T01:33:59.5372190Z","@mt":"Adding examine event handlers for {RegisteredIndexers} index providers.","RegisteredIndexers":3,"SourceContext":"Umbraco.Cms.Infrastructure.Examine.ExamineUmbracoIndexingHandler","ActionId":"4bdf6192-48fc-4c2a-bd6e-f047b31c91de","ActionName":"Umbraco.Cms.Web.BackOffice.Controllers.ContentTypeController.PostSave (Umbraco.Web.BackOffice)","RequestId":"0HMP6GR9LHSSP:000000E9","RequestPath":"/umbraco/backoffice/umbracoapi/contenttype/PostSave","ConnectionId":"0HMP6GR9LHSSP","ProcessId":13860,"ProcessName":"Clean.Site","ThreadId":20,"ApplicationId":"08576e774ac196133407f48bb75449c37258f5a7","MachineName":"1C3-TEC-GJWGARY","Log4NetLevel":"INFO ","HttpRequestId":"c7e87fdb-8532-4200-b6b2-cdfa1eafda91","HttpRequestNumber":2,"HttpSessionId":"93409dbc-b977-12b1-a398-59e1fb0c251c"}
{"@t":"2023-03-17T03:21:18.0315019Z","@mt":"User logged will be logged out due to timeout: {Username}, IP Address: {IPAddress}","Username":"admin@example.com","IPAddress":"::1","SourceContext":"Umbraco.Cms.Web.BackOffice.Controllers.AuthenticationController","ActionId":"bff1f8a8-a26a-4b20-a6ce-314825fd1c86","ActionName":"Umbraco.Cms.Web.BackOffice.Controllers.AuthenticationController.GetRemainingTimeoutSeconds (Umbraco.Web.BackOffice)","RequestId":"0HMP6GR9LHSTD:0000014B","RequestPath":"/umbraco/backoffice/umbracoapi/authentication/GetRemainingTimeoutSeconds","ConnectionId":"0HMP6GR9LHSTD","ProcessId":13860,"ProcessName":"Clean.Site","ThreadId":155,"ApplicationId":"08576e774ac196133407f48bb75449c37258f5a7","MachineName":"1C3-TEC-GJWGARY","Log4NetLevel":"INFO ","HttpRequestId":"4391836c-ccbc-4e75-aeb8-3e9be44d1f36","HttpRequestNumber":3,"HttpSessionId":"67fb7139-8ed2-c15f-9b85-44802cd1d6d7"}
{"@t":"2023-03-17T04:40:44.1207695Z","@mt":"Stopping ({SignalSource})","SignalSource":"environment","SourceContext":"Umbraco.Cms.Core.Runtime.MainDom","ProcessId":13860,"ProcessName":"Clean.Site","ThreadId":146,"ApplicationId":"08576e774ac196133407f48bb75449c37258f5a7","MachineName":"1C3-TEC-GJWGARY","Log4NetLevel":"INFO "}
{"@t":"2023-03-17T04:40:44.1271291Z","@mt":"Released from MainDom","SourceContext":"Umbraco.Cms.Infrastructure.PublishedCache.PublishedSnapshotService","ProcessId":13860,"ProcessName":"Clean.Site","ThreadId":146,"ApplicationId":"08576e774ac196133407f48bb75449c37258f5a7","MachineName":"1C3-TEC-GJWGARY","Log4NetLevel":"INFO "}
{"@t":"2023-03-17T04:40:44.1276364Z","@mt":"{StartMessage} [Timing {TimingId}]","StartMessage":"Examine shutting down","TimingId":"0425fee","SourceContext":"Umbraco.Cms.Core.Logging.ProfilingLogger","ProcessId":13860,"ProcessName":"Clean.Site","ThreadId":146,"ApplicationId":"08576e774ac196133407f48bb75449c37258f5a7","MachineName":"1C3-TEC-GJWGARY","Log4NetLevel":"INFO "}
{"@t":"2023-03-17T04:40:44.1409160Z","@mt":"{EndMessage} ({Duration}ms) [Timing {TimingId}]","EndMessage":"Completed.","Duration":13,"TimingId":"0425fee","SourceContext":"Umbraco.Cms.Core.Logging.ProfilingLogger","ProcessId":13860,"ProcessName":"Clean.Site","ThreadId":146,"ApplicationId":"08576e774ac196133407f48bb75449c37258f5a7","MachineName":"1C3-TEC-GJWGARY","Log4NetLevel":"INFO "}
{"@t":"2023-03-17T04:40:44.1417139Z","@mt":"Released ({SignalSource})","SignalSource":"environment","SourceContext":"Umbraco.Cms.Core.Runtime.MainDom","ProcessId":13860,"ProcessName":"Clean.Site","ThreadId":146,"ApplicationId":"08576e774ac196133407f48bb75449c37258f5a7","MachineName":"1C3-TEC-GJWGARY","Log4NetLevel":"INFO "}
{"@t":"2023-03-17T04:40:44.1426820Z","@mt":"Application is shutting down...","SourceContext":"Microsoft.Hosting.Lifetime","ProcessId":13860,"ProcessName":"Clean.Site","ThreadId":146,"ApplicationId":"08576e774ac196133407f48bb75449c37258f5a7","MachineName":"1C3-TEC-GJWGARY","Log4NetLevel":"INFO "}
{"@t":"2023-03-17T04:40:44.1522491Z","@mt":"Queued Hosted Service is stopping.","SourceContext":"Umbraco.Cms.Infrastructure.HostedServices.QueuedHostedService","ProcessId":13860,"ProcessName":"Clean.Site","ThreadId":137,"ApplicationId":"08576e774ac196133407f48bb75449c37258f5a7","MachineName":"1C3-TEC-GJWGARY","Log4NetLevel":"INFO "}
{"@t":"2023-03-17T08:18:45.3857939Z","@mt":"Acquiring MainDom.","SourceContext":"Umbraco.Cms.Core.Runtime.MainDom","ProcessId":39084,"ProcessName":"Clean.Site","ThreadId":1,"ApplicationId":"08576e774ac196133407f48bb75449c37258f5a7","MachineName":"1C3-TEC-GJWGARY","Log4NetLevel":"INFO "}
{"@t":"2023-03-17T08:18:45.4975027Z","@mt":"Acquired MainDom.","SourceContext":"Umbraco.Cms.Core.Runtime.MainDom","ProcessId":39084,"ProcessName":"Clean.Site","ThreadId":1,"ApplicationId":"08576e774ac196133407f48bb75449c37258f5a7","MachineName":"1C3-TEC-GJWGARY","Log4NetLevel":"INFO "}
{"@t":"2023-03-17T08:18:50.6278199Z","@mt":"Now listening on: {address}","address":"https://localhost:44365","EventId":{"Id":14,"Name":"ListeningOnAddress"},"SourceContext":"Microsoft.Hosting.Lifetime","ProcessId":39084,"ProcessName":"Clean.Site","ThreadId":1,"ApplicationId":"08576e774ac196133407f48bb75449c37258f5a7","MachineName":"1C3-TEC-GJWGARY","Log4NetLevel":"INFO "}
{"@t":"2023-03-17T08:18:50.6286767Z","@mt":"Now listening on: {address}","address":"http://localhost:43116","EventId":{"Id":14,"Name":"ListeningOnAddress"},"SourceContext":"Microsoft.Hosting.Lifetime","ProcessId":39084,"ProcessName":"Clean.Site","ThreadId":1,"ApplicationId":"08576e774ac196133407f48bb75449c37258f5a7","MachineName":"1C3-TEC-GJWGARY","Log4NetLevel":"INFO "}
{"@t":"2023-03-17T08:18:50.6528681Z","@mt":"uSync: Startup Complete {elapsed}ms","elapsed":10,"SourceContext":"uSync.BackOffice.Notifications.uSyncApplicationStartingHandler","ProcessId":39084,"ProcessName":"Clean.Site","ThreadId":1,"ApplicationId":"08576e774ac196133407f48bb75449c37258f5a7","MachineName":"1C3-TEC-GJWGARY","Log4NetLevel":"INFO "}
{"@t":"2023-03-17T08:18:50.6553332Z","@mt":"Application started. Press Ctrl+C to shut down.","SourceContext":"Microsoft.Hosting.Lifetime","ProcessId":39084,"ProcessName":"Clean.Site","ThreadId":1,"ApplicationId":"08576e774ac196133407f48bb75449c37258f5a7","MachineName":"1C3-TEC-GJWGARY","Log4NetLevel":"INFO "}
{"@t":"2023-03-17T08:18:50.6556424Z","@mt":"Hosting environment: {EnvName}","EnvName":"Development","SourceContext":"Microsoft.Hosting.Lifetime","ProcessId":39084,"ProcessName":"Clean.Site","ThreadId":1,"ApplicationId":"08576e774ac196133407f48bb75449c37258f5a7","MachineName":"1C3-TEC-GJWGARY","Log4NetLevel":"INFO "}
{"@t":"2023-03-17T08:18:50.6557424Z","@mt":"Content root path: {ContentRoot}","ContentRoot":"C:\\Hadi\\Umbraco\\Clean\\Clean.Site","SourceContext":"Microsoft.Hosting.Lifetime","ProcessId":39084,"ProcessName":"Clean.Site","ThreadId":1,"ApplicationId":"08576e774ac196133407f48bb75449c37258f5a7","MachineName":"1C3-TEC-GJWGARY","Log4NetLevel":"INFO "}
{"@t":"2023-03-17T08:19:10.7118533Z","@mt":"Registered with MainDom, localContentDbExists? {LocalContentDbExists}, localMediaDbExists? {LocalMediaDbExists}","LocalContentDbExists":true,"LocalMediaDbExists":true,"SourceContext":"Umbraco.Cms.Infrastructure.PublishedCache.PublishedSnapshotService","RequestId":"0HMP6O0VIA19B:0000007D","RequestPath":"/about/","ConnectionId":"0HMP6O0VIA19B","ProcessId":39084,"ProcessName":"Clean.Site","ThreadId":21,"ApplicationId":"08576e774ac196133407f48bb75449c37258f5a7","MachineName":"1C3-TEC-GJWGARY","Log4NetLevel":"INFO ","HttpRequestId":"3242ecbe-b0cf-4470-b577-ac90ccd51dd0","HttpRequestNumber":1,"HttpSessionId":"0"}
{"@t":"2023-03-17T08:19:10.7172211Z","@mt":"Creating the content store, localContentDbExists? {LocalContentDbExists}","LocalContentDbExists":true,"SourceContext":"Umbraco.Cms.Infrastructure.PublishedCache.PublishedSnapshotService","RequestId":"0HMP6O0VIA19B:0000007D","RequestPath":"/about/","ConnectionId":"0HMP6O0VIA19B","ProcessId":39084,"ProcessName":"Clean.Site","ThreadId":21,"ApplicationId":"08576e774ac196133407f48bb75449c37258f5a7","MachineName":"1C3-TEC-GJWGARY","Log4NetLevel":"INFO ","HttpRequestId":"3242ecbe-b0cf-4470-b577-ac90ccd51dd0","HttpRequestNumber":1,"HttpSessionId":"0"}
{"@t":"2023-03-17T08:19:10.7202797Z","@mt":"Creating the media store, localMediaDbExists? {LocalMediaDbExists}","LocalMediaDbExists":true,"SourceContext":"Umbraco.Cms.Infrastructure.PublishedCache.PublishedSnapshotService","RequestId":"0HMP6O0VIA19B:0000007D","RequestPath":"/about/","ConnectionId":"0HMP6O0VIA19B","ProcessId":39084,"ProcessName":"Clean.Site","ThreadId":21,"ApplicationId":"08576e774ac196133407f48bb75449c37258f5a7","MachineName":"1C3-TEC-GJWGARY","Log4NetLevel":"INFO ","HttpRequestId":"3242ecbe-b0cf-4470-b577-ac90ccd51dd0","HttpRequestNumber":1,"HttpSessionId":"0"}
{"@t":"2023-03-17T08:19:11.4430709Z","@mt":"{StartMessage} [Timing {TimingId}]","StartMessage":"Loading content from local cache file","TimingId":"08a1551","SourceContext":"Umbraco.Cms.Core.Logging.ProfilingLogger","RequestId":"0HMP6O0VIA19B:0000007D","RequestPath":"/about/","ConnectionId":"0HMP6O0VIA19B","ProcessId":39084,"ProcessName":"Clean.Site","ThreadId":21,"ApplicationId":"08576e774ac196133407f48bb75449c37258f5a7","MachineName":"1C3-TEC-GJWGARY","Log4NetLevel":"INFO ","HttpRequestId":"3242ecbe-b0cf-4470-b577-ac90ccd51dd0","HttpRequestNumber":1,"HttpSessionId":"0"}
{"@t":"2023-03-17T08:19:11.5088589Z","@mt":"{EndMessage} ({Duration}ms) [Timing {TimingId}]","EndMessage":"Completed.","Duration":66,"TimingId":"08a1551","SourceContext":"Umbraco.Cms.Core.Logging.ProfilingLogger","RequestId":"0HMP6O0VIA19B:0000007D","RequestPath":"/about/","ConnectionId":"0HMP6O0VIA19B","ProcessId":39084,"ProcessName":"Clean.Site","ThreadId":21,"ApplicationId":"08576e774ac196133407f48bb75449c37258f5a7","MachineName":"1C3-TEC-GJWGARY","Log4NetLevel":"INFO ","HttpRequestId":"3242ecbe-b0cf-4470-b577-ac90ccd51dd0","HttpRequestNumber":1,"HttpSessionId":"0"}
{"@t":"2023-03-17T08:19:11.5199059Z","@mt":"{StartMessage} [Timing {TimingId}]","StartMessage":"Loading media from local cache file","TimingId":"a6e8f1b","SourceContext":"Umbraco.Cms.Core.Logging.ProfilingLogger","RequestId":"0HMP6O0VIA19B:0000007D","RequestPath":"/about/","ConnectionId":"0HMP6O0VIA19B","ProcessId":39084,"ProcessName":"Clean.Site","ThreadId":21,"ApplicationId":"08576e774ac196133407f48bb75449c37258f5a7","MachineName":"1C3-TEC-GJWGARY","Log4NetLevel":"INFO ","HttpRequestId":"3242ecbe-b0cf-4470-b577-ac90ccd51dd0","HttpRequestNumber":1,"HttpSessionId":"0"}
{"@t":"2023-03-17T08:19:11.5216013Z","@mt":"{EndMessage} ({Duration}ms) [Timing {TimingId}]","EndMessage":"Completed.","Duration":1,"TimingId":"a6e8f1b","SourceContext":"Umbraco.Cms.Core.Logging.ProfilingLogger","RequestId":"0HMP6O0VIA19B:0000007D","RequestPath":"/about/","ConnectionId":"0HMP6O0VIA19B","ProcessId":39084,"ProcessName":"Clean.Site","ThreadId":21,"ApplicationId":"08576e774ac196133407f48bb75449c37258f5a7","MachineName":"1C3-TEC-GJWGARY","Log4NetLevel":"INFO ","HttpRequestId":"3242ecbe-b0cf-4470-b577-ac90ccd51dd0","HttpRequestNumber":1,"HttpSessionId":"0"}
{"@t":"2023-03-17T08:24:30.8884657Z","@mt":"Document {ContentName} (id={ContentId}) has been published.","ContentName":"About","ContentId":1072,"SourceContext":"Umbraco.Cms.Core.Services.ContentService","ActionId":"5af71403-fc8f-4f8b-8b96-0e926362b712","ActionName":"Umbraco.Cms.Web.BackOffice.Controllers.ContentController.PostSave (Umbraco.Web.BackOffice)","RequestId":"0HMP6O0VIA19B:000001B1","RequestPath":"/umbraco/backoffice/umbracoapi/content/PostSave","ConnectionId":"0HMP6O0VIA19B","ProcessId":39084,"ProcessName":"Clean.Site","ThreadId":27,"ApplicationId":"08576e774ac196133407f48bb75449c37258f5a7","MachineName":"1C3-TEC-GJWGARY","Log4NetLevel":"INFO ","HttpRequestId":"d5e5a2c5-fada-4ab4-bbfd-7370d90a93d7","HttpRequestNumber":2,"HttpSessionId":"803ac308-b2ac-dccf-0302-42d07b6bef50"}
{"@t":"2023-03-17T08:24:33.0156912Z","@mt":"Adding examine event handlers for {RegisteredIndexers} index providers.","RegisteredIndexers":3,"SourceContext":"Umbraco.Cms.Infrastructure.Examine.ExamineUmbracoIndexingHandler","ActionId":"5af71403-fc8f-4f8b-8b96-0e926362b712","ActionName":"Umbraco.Cms.Web.BackOffice.Controllers.ContentController.PostSave (Umbraco.Web.BackOffice)","RequestId":"0HMP6O0VIA19B:000001B1","RequestPath":"/umbraco/backoffice/umbracoapi/content/PostSave","ConnectionId":"0HMP6O0VIA19B","ProcessId":39084,"ProcessName":"Clean.Site","ThreadId":27,"ApplicationId":"08576e774ac196133407f48bb75449c37258f5a7","MachineName":"1C3-TEC-GJWGARY","Log4NetLevel":"INFO ","HttpRequestId":"d5e5a2c5-fada-4ab4-bbfd-7370d90a93d7","HttpRequestNumber":2,"HttpSessionId":"803ac308-b2ac-dccf-0302-42d07b6bef50"}
{"@t":"2023-03-17T08:27:29.5391057Z","@mt":"Acquiring MainDom.","SourceContext":"Umbraco.Cms.Core.Runtime.MainDom","ProcessId":1444,"ProcessName":"Clean.Site","ThreadId":1,"ApplicationId":"08576e774ac196133407f48bb75449c37258f5a7","MachineName":"1C3-TEC-GJWGARY","Log4NetLevel":"INFO "}
{"@t":"2023-03-17T08:27:29.6080345Z","@mt":"Acquired MainDom.","SourceContext":"Umbraco.Cms.Core.Runtime.MainDom","ProcessId":1444,"ProcessName":"Clean.Site","ThreadId":1,"ApplicationId":"08576e774ac196133407f48bb75449c37258f5a7","MachineName":"1C3-TEC-GJWGARY","Log4NetLevel":"INFO "}
{"@t":"2023-03-17T08:27:33.1857646Z","@mt":"Now listening on: {address}","address":"https://localhost:44365","EventId":{"Id":14,"Name":"ListeningOnAddress"},"SourceContext":"Microsoft.Hosting.Lifetime","ProcessId":1444,"ProcessName":"Clean.Site","ThreadId":1,"ApplicationId":"08576e774ac196133407f48bb75449c37258f5a7","MachineName":"1C3-TEC-GJWGARY","Log4NetLevel":"INFO "}
{"@t":"2023-03-17T08:27:33.1876977Z","@mt":"Now listening on: {address}","address":"http://localhost:43116","EventId":{"Id":14,"Name":"ListeningOnAddress"},"SourceContext":"Microsoft.Hosting.Lifetime","ProcessId":1444,"ProcessName":"Clean.Site","ThreadId":1,"ApplicationId":"08576e774ac196133407f48bb75449c37258f5a7","MachineName":"1C3-TEC-GJWGARY","Log4NetLevel":"INFO "}
{"@t":"2023-03-17T08:27:33.2046155Z","@mt":"uSync: Startup Complete {elapsed}ms","elapsed":4,"SourceContext":"uSync.BackOffice.Notifications.uSyncApplicationStartingHandler","ProcessId":1444,"ProcessName":"Clean.Site","ThreadId":1,"ApplicationId":"08576e774ac196133407f48bb75449c37258f5a7","MachineName":"1C3-TEC-GJWGARY","Log4NetLevel":"INFO "}
{"@t":"2023-03-17T08:27:33.2058568Z","@mt":"Application started. Press Ctrl+C to shut down.","SourceContext":"Microsoft.Hosting.Lifetime","ProcessId":1444,"ProcessName":"Clean.Site","ThreadId":1,"ApplicationId":"08576e774ac196133407f48bb75449c37258f5a7","MachineName":"1C3-TEC-GJWGARY","Log4NetLevel":"INFO "}
{"@t":"2023-03-17T08:27:33.2059374Z","@mt":"Hosting environment: {EnvName}","EnvName":"Development","SourceContext":"Microsoft.Hosting.Lifetime","ProcessId":1444,"ProcessName":"Clean.Site","ThreadId":1,"ApplicationId":"08576e774ac196133407f48bb75449c37258f5a7","MachineName":"1C3-TEC-GJWGARY","Log4NetLevel":"INFO "}
{"@t":"2023-03-17T08:27:33.2059822Z","@mt":"Content root path: {ContentRoot}","ContentRoot":"C:\\Hadi\\Umbraco\\Clean\\Clean.Site","SourceContext":"Microsoft.Hosting.Lifetime","ProcessId":1444,"ProcessName":"Clean.Site","ThreadId":1,"ApplicationId":"08576e774ac196133407f48bb75449c37258f5a7","MachineName":"1C3-TEC-GJWGARY","Log4NetLevel":"INFO "}
{"@t":"2023-03-17T08:27:45.7351602Z","@mt":"No umbracoApplicationUrl for service (yet), skip.","@l":"Warning","SourceContext":"Umbraco.Cms.Infrastructure.HostedServices.ServerRegistration.TouchServerTask","ProcessId":1444,"ProcessName":"Clean.Site","ThreadId":15,"ApplicationId":"08576e774ac196133407f48bb75449c37258f5a7","MachineName":"1C3-TEC-GJWGARY","Log4NetLevel":"WARN "}
{"@t":"2023-03-17T08:28:47.4180052Z","@mt":"Registered with MainDom, localContentDbExists? {LocalContentDbExists}, localMediaDbExists? {LocalMediaDbExists}","LocalContentDbExists":true,"LocalMediaDbExists":true,"SourceContext":"Umbraco.Cms.Infrastructure.PublishedCache.PublishedSnapshotService","RequestId":"0HMP6O6A7GV5H:00000003","RequestPath":"/","ConnectionId":"0HMP6O6A7GV5H","ProcessId":1444,"ProcessName":"Clean.Site","ThreadId":15,"ApplicationId":"08576e774ac196133407f48bb75449c37258f5a7","MachineName":"1C3-TEC-GJWGARY","Log4NetLevel":"INFO ","HttpRequestId":"a17e8c70-50fa-42a1-9967-697bc7a88e3c","HttpRequestNumber":1,"HttpSessionId":"0"}
{"@t":"2023-03-17T08:28:47.4434477Z","@mt":"Creating the content store, localContentDbExists? {LocalContentDbExists}","LocalContentDbExists":true,"SourceContext":"Umbraco.Cms.Infrastructure.PublishedCache.PublishedSnapshotService","RequestId":"0HMP6O6A7GV5H:00000003","RequestPath":"/","ConnectionId":"0HMP6O6A7GV5H","ProcessId":1444,"ProcessName":"Clean.Site","ThreadId":15,"ApplicationId":"08576e774ac196133407f48bb75449c37258f5a7","MachineName":"1C3-TEC-GJWGARY","Log4NetLevel":"INFO ","HttpRequestId":"a17e8c70-50fa-42a1-9967-697bc7a88e3c","HttpRequestNumber":1,"HttpSessionId":"0"}
{"@t":"2023-03-17T08:28:47.4561726Z","@mt":"Creating the media store, localMediaDbExists? {LocalMediaDbExists}","LocalMediaDbExists":true,"SourceContext":"Umbraco.Cms.Infrastructure.PublishedCache.PublishedSnapshotService","RequestId":"0HMP6O6A7GV5H:00000003","RequestPath":"/","ConnectionId":"0HMP6O6A7GV5H","ProcessId":1444,"ProcessName":"Clean.Site","ThreadId":15,"ApplicationId":"08576e774ac196133407f48bb75449c37258f5a7","MachineName":"1C3-TEC-GJWGARY","Log4NetLevel":"INFO ","HttpRequestId":"a17e8c70-50fa-42a1-9967-697bc7a88e3c","HttpRequestNumber":1,"HttpSessionId":"0"}
{"@t":"2023-03-17T08:28:47.5239305Z","@mt":"{StartMessage} [Timing {TimingId}]","StartMessage":"Loading content from local cache file","TimingId":"bf723d6","SourceContext":"Umbraco.Cms.Core.Logging.ProfilingLogger","RequestId":"0HMP6O6A7GV5H:00000003","RequestPath":"/","ConnectionId":"0HMP6O6A7GV5H","ProcessId":1444,"ProcessName":"Clean.Site","ThreadId":15,"ApplicationId":"08576e774ac196133407f48bb75449c37258f5a7","MachineName":"1C3-TEC-GJWGARY","Log4NetLevel":"INFO ","HttpRequestId":"a17e8c70-50fa-42a1-9967-697bc7a88e3c","HttpRequestNumber":1,"HttpSessionId":"0"}
{"@t":"2023-03-17T08:28:47.6086267Z","@mt":"{EndMessage} ({Duration}ms) [Timing {TimingId}]","EndMessage":"Completed.","Duration":84,"TimingId":"bf723d6","SourceContext":"Umbraco.Cms.Core.Logging.ProfilingLogger","RequestId":"0HMP6O6A7GV5H:00000003","RequestPath":"/","ConnectionId":"0HMP6O6A7GV5H","ProcessId":1444,"ProcessName":"Clean.Site","ThreadId":15,"ApplicationId":"08576e774ac196133407f48bb75449c37258f5a7","MachineName":"1C3-TEC-GJWGARY","Log4NetLevel":"INFO ","HttpRequestId":"a17e8c70-50fa-42a1-9967-697bc7a88e3c","HttpRequestNumber":1,"HttpSessionId":"0"}
{"@t":"2023-03-17T08:28:47.6213564Z","@mt":"{StartMessage} [Timing {TimingId}]","StartMessage":"Loading media from local cache file","TimingId":"5246ebd","SourceContext":"Umbraco.Cms.Core.Logging.ProfilingLogger","RequestId":"0HMP6O6A7GV5H:00000003","RequestPath":"/","ConnectionId":"0HMP6O6A7GV5H","ProcessId":1444,"ProcessName":"Clean.Site","ThreadId":15,"ApplicationId":"08576e774ac196133407f48bb75449c37258f5a7","MachineName":"1C3-TEC-GJWGARY","Log4NetLevel":"INFO ","HttpRequestId":"a17e8c70-50fa-42a1-9967-697bc7a88e3c","HttpRequestNumber":1,"HttpSessionId":"0"}
{"@t":"2023-03-17T08:28:47.6231273Z","@mt":"{EndMessage} ({Duration}ms) [Timing {TimingId}]","EndMessage":"Completed.","Duration":1,"TimingId":"5246ebd","SourceContext":"Umbraco.Cms.Core.Logging.ProfilingLogger","RequestId":"0HMP6O6A7GV5H:00000003","RequestPath":"/","ConnectionId":"0HMP6O6A7GV5H","ProcessId":1444,"ProcessName":"Clean.Site","ThreadId":15,"ApplicationId":"08576e774ac196133407f48bb75449c37258f5a7","MachineName":"1C3-TEC-GJWGARY","Log4NetLevel":"INFO ","HttpRequestId":"a17e8c70-50fa-42a1-9967-697bc7a88e3c","HttpRequestNumber":1,"HttpSessionId":"0"}
{"@t":"2023-03-17T08:29:32.8424650Z","@mt":"Stopping ({SignalSource})","SignalSource":"environment","SourceContext":"Umbraco.Cms.Core.Runtime.MainDom","ProcessId":1444,"ProcessName":"Clean.Site","ThreadId":20,"ApplicationId":"08576e774ac196133407f48bb75449c37258f5a7","MachineName":"1C3-TEC-GJWGARY","Log4NetLevel":"INFO "}
{"@t":"2023-03-17T08:29:32.8617149Z","@mt":"Released from MainDom","SourceContext":"Umbraco.Cms.Infrastructure.PublishedCache.PublishedSnapshotService","ProcessId":1444,"ProcessName":"Clean.Site","ThreadId":20,"ApplicationId":"08576e774ac196133407f48bb75449c37258f5a7","MachineName":"1C3-TEC-GJWGARY","Log4NetLevel":"INFO "}
{"@t":"2023-03-17T08:29:32.8625864Z","@mt":"Released ({SignalSource})","SignalSource":"environment","SourceContext":"Umbraco.Cms.Core.Runtime.MainDom","ProcessId":1444,"ProcessName":"Clean.Site","ThreadId":20,"ApplicationId":"08576e774ac196133407f48bb75449c37258f5a7","MachineName":"1C3-TEC-GJWGARY","Log4NetLevel":"INFO "}
{"@t":"2023-03-17T08:29:32.8632406Z","@mt":"Application is shutting down...","SourceContext":"Microsoft.Hosting.Lifetime","ProcessId":1444,"ProcessName":"Clean.Site","ThreadId":20,"ApplicationId":"08576e774ac196133407f48bb75449c37258f5a7","MachineName":"1C3-TEC-GJWGARY","Log4NetLevel":"INFO "}
{"@t":"2023-03-17T08:29:32.9444219Z","@mt":"Queued Hosted Service is stopping.","SourceContext":"Umbraco.Cms.Infrastructure.HostedServices.QueuedHostedService","ProcessId":1444,"ProcessName":"Clean.Site","ThreadId":12,"ApplicationId":"08576e774ac196133407f48bb75449c37258f5a7","MachineName":"1C3-TEC-GJWGARY","Log4NetLevel":"INFO "}
{"@t":"2023-03-17T08:30:22.7347035Z","@mt":"Acquiring MainDom.","SourceContext":"Umbraco.Cms.Core.Runtime.MainDom","ProcessId":31268,"ProcessName":"Clean.Site","ThreadId":1,"ApplicationId":"08576e774ac196133407f48bb75449c37258f5a7","MachineName":"1C3-TEC-GJWGARY","Log4NetLevel":"INFO "}
{"@t":"2023-03-17T08:30:22.9155302Z","@mt":"Acquired MainDom.","SourceContext":"Umbraco.Cms.Core.Runtime.MainDom","ProcessId":31268,"ProcessName":"Clean.Site","ThreadId":1,"ApplicationId":"08576e774ac196133407f48bb75449c37258f5a7","MachineName":"1C3-TEC-GJWGARY","Log4NetLevel":"INFO "}
{"@t":"2023-03-17T08:30:27.0729957Z","@mt":"Now listening on: {address}","address":"https://localhost:44365","EventId":{"Id":14,"Name":"ListeningOnAddress"},"SourceContext":"Microsoft.Hosting.Lifetime","ProcessId":31268,"ProcessName":"Clean.Site","ThreadId":1,"ApplicationId":"08576e774ac196133407f48bb75449c37258f5a7","MachineName":"1C3-TEC-GJWGARY","Log4NetLevel":"INFO "}
{"@t":"2023-03-17T08:30:27.0756200Z","@mt":"Now listening on: {address}","address":"http://localhost:43116","EventId":{"Id":14,"Name":"ListeningOnAddress"},"SourceContext":"Microsoft.Hosting.Lifetime","ProcessId":31268,"ProcessName":"Clean.Site","ThreadId":1,"ApplicationId":"08576e774ac196133407f48bb75449c37258f5a7","MachineName":"1C3-TEC-GJWGARY","Log4NetLevel":"INFO "}
{"@t":"2023-03-17T08:30:27.0969100Z","@mt":"uSync: Startup Complete {elapsed}ms","elapsed":4,"SourceContext":"uSync.BackOffice.Notifications.uSyncApplicationStartingHandler","ProcessId":31268,"ProcessName":"Clean.Site","ThreadId":1,"ApplicationId":"08576e774ac196133407f48bb75449c37258f5a7","MachineName":"1C3-TEC-GJWGARY","Log4NetLevel":"INFO "}
{"@t":"2023-03-17T08:30:27.0977316Z","@mt":"Application started. Press Ctrl+C to shut down.","SourceContext":"Microsoft.Hosting.Lifetime","ProcessId":31268,"ProcessName":"Clean.Site","ThreadId":1,"ApplicationId":"08576e774ac196133407f48bb75449c37258f5a7","MachineName":"1C3-TEC-GJWGARY","Log4NetLevel":"INFO "}
{"@t":"2023-03-17T08:30:27.0978163Z","@mt":"Hosting environment: {EnvName}","EnvName":"Development","SourceContext":"Microsoft.Hosting.Lifetime","ProcessId":31268,"ProcessName":"Clean.Site","ThreadId":1,"ApplicationId":"08576e774ac196133407f48bb75449c37258f5a7","MachineName":"1C3-TEC-GJWGARY","Log4NetLevel":"INFO "}
{"@t":"2023-03-17T08:30:27.0978569Z","@mt":"Content root path: {ContentRoot}","ContentRoot":"C:\\Hadi\\Umbraco\\Clean\\Clean.Site","SourceContext":"Microsoft.Hosting.Lifetime","ProcessId":31268,"ProcessName":"Clean.Site","ThreadId":1,"ApplicationId":"08576e774ac196133407f48bb75449c37258f5a7","MachineName":"1C3-TEC-GJWGARY","Log4NetLevel":"INFO "}
{"@t":"2023-03-17T08:30:39.6185106Z","@mt":"No umbracoApplicationUrl for service (yet), skip.","@l":"Warning","SourceContext":"Umbraco.Cms.Infrastructure.HostedServices.ServerRegistration.TouchServerTask","ProcessId":31268,"ProcessName":"Clean.Site","ThreadId":7,"ApplicationId":"08576e774ac196133407f48bb75449c37258f5a7","MachineName":"1C3-TEC-GJWGARY","Log4NetLevel":"WARN "}
{"@t":"2023-03-17T08:31:39.6343012Z","@mt":"No umbracoApplicationUrl for service (yet), skip.","@l":"Warning","SourceContext":"Umbraco.Cms.Infrastructure.HostedServices.ServerRegistration.TouchServerTask","ProcessId":31268,"ProcessName":"Clean.Site","ThreadId":9,"ApplicationId":"08576e774ac196133407f48bb75449c37258f5a7","MachineName":"1C3-TEC-GJWGARY","Log4NetLevel":"WARN "}
{"@t":"2023-03-17T08:32:35.1673354Z","@mt":"Stopping ({SignalSource})","SignalSource":"environment","SourceContext":"Umbraco.Cms.Core.Runtime.MainDom","ProcessId":31268,"ProcessName":"Clean.Site","ThreadId":17,"ApplicationId":"08576e774ac196133407f48bb75449c37258f5a7","MachineName":"1C3-TEC-GJWGARY","Log4NetLevel":"INFO "}
{"@t":"2023-03-17T08:32:35.1773309Z","@mt":"Released ({SignalSource})","SignalSource":"environment","SourceContext":"Umbraco.Cms.Core.Runtime.MainDom","ProcessId":31268,"ProcessName":"Clean.Site","ThreadId":17,"ApplicationId":"08576e774ac196133407f48bb75449c37258f5a7","MachineName":"1C3-TEC-GJWGARY","Log4NetLevel":"INFO "}
{"@t":"2023-03-17T08:32:35.1779007Z","@mt":"Application is shutting down...","SourceContext":"Microsoft.Hosting.Lifetime","ProcessId":31268,"ProcessName":"Clean.Site","ThreadId":17,"ApplicationId":"08576e774ac196133407f48bb75449c37258f5a7","MachineName":"1C3-TEC-GJWGARY","Log4NetLevel":"INFO "}
{"@t":"2023-03-17T08:32:35.2021082Z","@mt":"Queued Hosted Service is stopping.","SourceContext":"Umbraco.Cms.Infrastructure.HostedServices.QueuedHostedService","ProcessId":31268,"ProcessName":"Clean.Site","ThreadId":9,"ApplicationId":"08576e774ac196133407f48bb75449c37258f5a7","MachineName":"1C3-TEC-GJWGARY","Log4NetLevel":"INFO "}
{"@t":"2023-03-17T08:33:33.1106525Z","@mt":"Acquiring MainDom.","SourceContext":"Umbraco.Cms.Core.Runtime.MainDom","ProcessId":19856,"ProcessName":"Clean.Site","ThreadId":1,"ApplicationId":"08576e774ac196133407f48bb75449c37258f5a7","MachineName":"1C3-TEC-GJWGARY","Log4NetLevel":"INFO "}
{"@t":"2023-03-17T08:33:33.1714335Z","@mt":"Acquired MainDom.","SourceContext":"Umbraco.Cms.Core.Runtime.MainDom","ProcessId":19856,"ProcessName":"Clean.Site","ThreadId":1,"ApplicationId":"08576e774ac196133407f48bb75449c37258f5a7","MachineName":"1C3-TEC-GJWGARY","Log4NetLevel":"INFO "}
{"@t":"2023-03-17T08:33:38.1188203Z","@mt":"Now listening on: {address}","address":"https://localhost:44365","EventId":{"Id":14,"Name":"ListeningOnAddress"},"SourceContext":"Microsoft.Hosting.Lifetime","ProcessId":19856,"ProcessName":"Clean.Site","ThreadId":1,"ApplicationId":"08576e774ac196133407f48bb75449c37258f5a7","MachineName":"1C3-TEC-GJWGARY","Log4NetLevel":"INFO "}
{"@t":"2023-03-17T08:33:38.1209533Z","@mt":"Now listening on: {address}","address":"http://localhost:43116","EventId":{"Id":14,"Name":"ListeningOnAddress"},"SourceContext":"Microsoft.Hosting.Lifetime","ProcessId":19856,"ProcessName":"Clean.Site","ThreadId":1,"ApplicationId":"08576e774ac196133407f48bb75449c37258f5a7","MachineName":"1C3-TEC-GJWGARY","Log4NetLevel":"INFO "}
{"@t":"2023-03-17T08:33:38.2055884Z","@mt":"uSync: Startup Complete {elapsed}ms","elapsed":23,"SourceContext":"uSync.BackOffice.Notifications.uSyncApplicationStartingHandler","ProcessId":19856,"ProcessName":"Clean.Site","ThreadId":1,"ApplicationId":"08576e774ac196133407f48bb75449c37258f5a7","MachineName":"1C3-TEC-GJWGARY","Log4NetLevel":"INFO "}
{"@t":"2023-03-17T08:33:38.2073482Z","@mt":"Application started. Press Ctrl+C to shut down.","SourceContext":"Microsoft.Hosting.Lifetime","ProcessId":19856,"ProcessName":"Clean.Site","ThreadId":1,"ApplicationId":"08576e774ac196133407f48bb75449c37258f5a7","MachineName":"1C3-TEC-GJWGARY","Log4NetLevel":"INFO "}
{"@t":"2023-03-17T08:33:38.2075270Z","@mt":"Hosting environment: {EnvName}","EnvName":"Development","SourceContext":"Microsoft.Hosting.Lifetime","ProcessId":19856,"ProcessName":"Clean.Site","ThreadId":1,"ApplicationId":"08576e774ac196133407f48bb75449c37258f5a7","MachineName":"1C3-TEC-GJWGARY","Log4NetLevel":"INFO "}
{"@t":"2023-03-17T08:33:38.2077310Z","@mt":"Content root path: {ContentRoot}","ContentRoot":"C:\\Hadi\\Umbraco\\Clean\\Clean.Site","SourceContext":"Microsoft.Hosting.Lifetime","ProcessId":19856,"ProcessName":"Clean.Site","ThreadId":1,"ApplicationId":"08576e774ac196133407f48bb75449c37258f5a7","MachineName":"1C3-TEC-GJWGARY","Log4NetLevel":"INFO "}
{"@t":"2023-03-17T08:33:41.6367726Z","@mt":"Registered with MainDom, localContentDbExists? {LocalContentDbExists}, localMediaDbExists? {LocalMediaDbExists}","LocalContentDbExists":true,"LocalMediaDbExists":true,"SourceContext":"Umbraco.Cms.Infrastructure.PublishedCache.PublishedSnapshotService","RequestId":"0HMP6O97H13J8:00000001","RequestPath":"/","ConnectionId":"0HMP6O97H13J8","ProcessId":19856,"ProcessName":"Clean.Site","ThreadId":12,"ApplicationId":"08576e774ac196133407f48bb75449c37258f5a7","MachineName":"1C3-TEC-GJWGARY","Log4NetLevel":"INFO ","HttpRequestId":"a13af837-87c9-4cf7-b0cb-f7db8bc7058c","HttpRequestNumber":1,"HttpSessionId":"0"}
{"@t":"2023-03-17T08:33:41.6527687Z","@mt":"Creating the content store, localContentDbExists? {LocalContentDbExists}","LocalContentDbExists":true,"SourceContext":"Umbraco.Cms.Infrastructure.PublishedCache.PublishedSnapshotService","RequestId":"0HMP6O97H13J8:00000001","RequestPath":"/","ConnectionId":"0HMP6O97H13J8","ProcessId":19856,"ProcessName":"Clean.Site","ThreadId":12,"ApplicationId":"08576e774ac196133407f48bb75449c37258f5a7","MachineName":"1C3-TEC-GJWGARY","Log4NetLevel":"INFO ","HttpRequestId":"a13af837-87c9-4cf7-b0cb-f7db8bc7058c","HttpRequestNumber":1,"HttpSessionId":"0"}
{"@t":"2023-03-17T08:33:41.6561364Z","@mt":"Creating the media store, localMediaDbExists? {LocalMediaDbExists}","LocalMediaDbExists":true,"SourceContext":"Umbraco.Cms.Infrastructure.PublishedCache.PublishedSnapshotService","RequestId":"0HMP6O97H13J8:00000001","RequestPath":"/","ConnectionId":"0HMP6O97H13J8","ProcessId":19856,"ProcessName":"Clean.Site","ThreadId":12,"ApplicationId":"08576e774ac196133407f48bb75449c37258f5a7","MachineName":"1C3-TEC-GJWGARY","Log4NetLevel":"INFO ","HttpRequestId":"a13af837-87c9-4cf7-b0cb-f7db8bc7058c","HttpRequestNumber":1,"HttpSessionId":"0"}
{"@t":"2023-03-17T08:33:44.1678169Z","@mt":"{StartMessage} [Timing {TimingId}]","StartMessage":"Loading content from local cache file","TimingId":"efe5fa1","SourceContext":"Umbraco.Cms.Core.Logging.ProfilingLogger","RequestId":"0HMP6O97H13J8:00000001","RequestPath":"/","ConnectionId":"0HMP6O97H13J8","ProcessId":19856,"ProcessName":"Clean.Site","ThreadId":12,"ApplicationId":"08576e774ac196133407f48bb75449c37258f5a7","MachineName":"1C3-TEC-GJWGARY","Log4NetLevel":"INFO ","HttpRequestId":"a13af837-87c9-4cf7-b0cb-f7db8bc7058c","HttpRequestNumber":1,"HttpSessionId":"0"}
{"@t":"2023-03-17T08:33:44.2758958Z","@mt":"{EndMessage} ({Duration}ms) [Timing {TimingId}]","EndMessage":"Completed.","Duration":108,"TimingId":"efe5fa1","SourceContext":"Umbraco.Cms.Core.Logging.ProfilingLogger","RequestId":"0HMP6O97H13J8:00000001","RequestPath":"/","ConnectionId":"0HMP6O97H13J8","ProcessId":19856,"ProcessName":"Clean.Site","ThreadId":12,"ApplicationId":"08576e774ac196133407f48bb75449c37258f5a7","MachineName":"1C3-TEC-GJWGARY","Log4NetLevel":"INFO ","HttpRequestId":"a13af837-87c9-4cf7-b0cb-f7db8bc7058c","HttpRequestNumber":1,"HttpSessionId":"0"}
{"@t":"2023-03-17T08:33:44.3397400Z","@mt":"{StartMessage} [Timing {TimingId}]","StartMessage":"Loading media from local cache file","TimingId":"606f64f","SourceContext":"Umbraco.Cms.Core.Logging.ProfilingLogger","RequestId":"0HMP6O97H13J8:00000001","RequestPath":"/","ConnectionId":"0HMP6O97H13J8","ProcessId":19856,"ProcessName":"Clean.Site","ThreadId":12,"ApplicationId":"08576e774ac196133407f48bb75449c37258f5a7","MachineName":"1C3-TEC-GJWGARY","Log4NetLevel":"INFO ","HttpRequestId":"a13af837-87c9-4cf7-b0cb-f7db8bc7058c","HttpRequestNumber":1,"HttpSessionId":"0"}
{"@t":"2023-03-17T08:33:44.3413965Z","@mt":"{EndMessage} ({Duration}ms) [Timing {TimingId}]","EndMessage":"Completed.","Duration":1,"TimingId":"606f64f","SourceContext":"Umbraco.Cms.Core.Logging.ProfilingLogger","RequestId":"0HMP6O97H13J8:00000001","RequestPath":"/","ConnectionId":"0HMP6O97H13J8","ProcessId":19856,"ProcessName":"Clean.Site","ThreadId":12,"ApplicationId":"08576e774ac196133407f48bb75449c37258f5a7","MachineName":"1C3-TEC-GJWGARY","Log4NetLevel":"INFO ","HttpRequestId":"a13af837-87c9-4cf7-b0cb-f7db8bc7058c","HttpRequestNumber":1,"HttpSessionId":"0"}
{"@t":"2023-03-17T08:36:50.9101874Z","@mt":"Acquiring MainDom.","SourceContext":"Umbraco.Cms.Core.Runtime.MainDom","ProcessId":44120,"ProcessName":"Clean.Site","ThreadId":1,"ApplicationId":"08576e774ac196133407f48bb75449c37258f5a7","MachineName":"1C3-TEC-GJWGARY","Log4NetLevel":"INFO "}
{"@t":"2023-03-17T08:36:50.9973193Z","@mt":"Acquired MainDom.","SourceContext":"Umbraco.Cms.Core.Runtime.MainDom","ProcessId":44120,"ProcessName":"Clean.Site","ThreadId":1,"ApplicationId":"08576e774ac196133407f48bb75449c37258f5a7","MachineName":"1C3-TEC-GJWGARY","Log4NetLevel":"INFO "}
{"@t":"2023-03-17T08:36:56.2485843Z","@mt":"Now listening on: {address}","address":"https://localhost:44365","EventId":{"Id":14,"Name":"ListeningOnAddress"},"SourceContext":"Microsoft.Hosting.Lifetime","ProcessId":44120,"ProcessName":"Clean.Site","ThreadId":1,"ApplicationId":"08576e774ac196133407f48bb75449c37258f5a7","MachineName":"1C3-TEC-GJWGARY","Log4NetLevel":"INFO "}
{"@t":"2023-03-17T08:36:56.2496387Z","@mt":"Now listening on: {address}","address":"http://localhost:43116","EventId":{"Id":14,"Name":"ListeningOnAddress"},"SourceContext":"Microsoft.Hosting.Lifetime","ProcessId":44120,"ProcessName":"Clean.Site","ThreadId":1,"ApplicationId":"08576e774ac196133407f48bb75449c37258f5a7","MachineName":"1C3-TEC-GJWGARY","Log4NetLevel":"INFO "}
{"@t":"2023-03-17T08:36:56.2691962Z","@mt":"uSync: Startup Complete {elapsed}ms","elapsed":5,"SourceContext":"uSync.BackOffice.Notifications.uSyncApplicationStartingHandler","ProcessId":44120,"ProcessName":"Clean.Site","ThreadId":1,"ApplicationId":"08576e774ac196133407f48bb75449c37258f5a7","MachineName":"1C3-TEC-GJWGARY","Log4NetLevel":"INFO "}
{"@t":"2023-03-17T08:36:56.2700043Z","@mt":"Application started. Press Ctrl+C to shut down.","SourceContext":"Microsoft.Hosting.Lifetime","ProcessId":44120,"ProcessName":"Clean.Site","ThreadId":1,"ApplicationId":"08576e774ac196133407f48bb75449c37258f5a7","MachineName":"1C3-TEC-GJWGARY","Log4NetLevel":"INFO "}
{"@t":"2023-03-17T08:36:56.2700963Z","@mt":"Hosting environment: {EnvName}","EnvName":"Development","SourceContext":"Microsoft.Hosting.Lifetime","ProcessId":44120,"ProcessName":"Clean.Site","ThreadId":1,"ApplicationId":"08576e774ac196133407f48bb75449c37258f5a7","MachineName":"1C3-TEC-GJWGARY","Log4NetLevel":"INFO "}
{"@t":"2023-03-17T08:36:56.2701340Z","@mt":"Content root path: {ContentRoot}","ContentRoot":"C:\\Hadi\\Umbraco\\Clean\\Clean.Site","SourceContext":"Microsoft.Hosting.Lifetime","ProcessId":44120,"ProcessName":"Clean.Site","ThreadId":1,"ApplicationId":"08576e774ac196133407f48bb75449c37258f5a7","MachineName":"1C3-TEC-GJWGARY","Log4NetLevel":"INFO "}
{"@t":"2023-03-17T08:37:18.0768881Z","@mt":"Registered with MainDom, localContentDbExists? {LocalContentDbExists}, localMediaDbExists? {LocalMediaDbExists}","LocalContentDbExists":true,"LocalMediaDbExists":true,"SourceContext":"Umbraco.Cms.Infrastructure.PublishedCache.PublishedSnapshotService","RequestId":"0HMP6OB2U4TDD:0000009B","RequestPath":"/about/","ConnectionId":"0HMP6OB2U4TDD","ProcessId":44120,"ProcessName":"Clean.Site","ThreadId":18,"ApplicationId":"08576e774ac196133407f48bb75449c37258f5a7","MachineName":"1C3-TEC-GJWGARY","Log4NetLevel":"INFO ","HttpRequestId":"31769230-915f-442c-b0eb-5e0457852330","HttpRequestNumber":1,"HttpSessionId":"0"}
{"@t":"2023-03-17T08:37:18.1013510Z","@mt":"Creating the content store, localContentDbExists? {LocalContentDbExists}","LocalContentDbExists":true,"SourceContext":"Umbraco.Cms.Infrastructure.PublishedCache.PublishedSnapshotService","RequestId":"0HMP6OB2U4TDD:0000009B","RequestPath":"/about/","ConnectionId":"0HMP6OB2U4TDD","ProcessId":44120,"ProcessName":"Clean.Site","ThreadId":18,"ApplicationId":"08576e774ac196133407f48bb75449c37258f5a7","MachineName":"1C3-TEC-GJWGARY","Log4NetLevel":"INFO ","HttpRequestId":"31769230-915f-442c-b0eb-5e0457852330","HttpRequestNumber":1,"HttpSessionId":"0"}
{"@t":"2023-03-17T08:37:18.1262834Z","@mt":"Creating the media store, localMediaDbExists? {LocalMediaDbExists}","LocalMediaDbExists":true,"SourceContext":"Umbraco.Cms.Infrastructure.PublishedCache.PublishedSnapshotService","RequestId":"0HMP6OB2U4TDD:0000009B","RequestPath":"/about/","ConnectionId":"0HMP6OB2U4TDD","ProcessId":44120,"ProcessName":"Clean.Site","ThreadId":18,"ApplicationId":"08576e774ac196133407f48bb75449c37258f5a7","MachineName":"1C3-TEC-GJWGARY","Log4NetLevel":"INFO ","HttpRequestId":"31769230-915f-442c-b0eb-5e0457852330","HttpRequestNumber":1,"HttpSessionId":"0"}
{"@t":"2023-03-17T08:37:18.4139604Z","@mt":"{StartMessage} [Timing {TimingId}]","StartMessage":"Loading content from local cache file","TimingId":"ba0c266","SourceContext":"Umbraco.Cms.Core.Logging.ProfilingLogger","RequestId":"0HMP6OB2U4TDD:0000009B","RequestPath":"/about/","ConnectionId":"0HMP6OB2U4TDD","ProcessId":44120,"ProcessName":"Clean.Site","ThreadId":18,"ApplicationId":"08576e774ac196133407f48bb75449c37258f5a7","MachineName":"1C3-TEC-GJWGARY","Log4NetLevel":"INFO ","HttpRequestId":"31769230-915f-442c-b0eb-5e0457852330","HttpRequestNumber":1,"HttpSessionId":"0"}
{"@t":"2023-03-17T08:37:18.5906109Z","@mt":"{EndMessage} ({Duration}ms) [Timing {TimingId}]","EndMessage":"Completed.","Duration":176,"TimingId":"ba0c266","SourceContext":"Umbraco.Cms.Core.Logging.ProfilingLogger","RequestId":"0HMP6OB2U4TDD:0000009B","RequestPath":"/about/","ConnectionId":"0HMP6OB2U4TDD","ProcessId":44120,"ProcessName":"Clean.Site","ThreadId":18,"ApplicationId":"08576e774ac196133407f48bb75449c37258f5a7","MachineName":"1C3-TEC-GJWGARY","Log4NetLevel":"INFO ","HttpRequestId":"31769230-915f-442c-b0eb-5e0457852330","HttpRequestNumber":1,"HttpSessionId":"0"}
{"@t":"2023-03-17T08:37:18.6661586Z","@mt":"{StartMessage} [Timing {TimingId}]","StartMessage":"Loading media from local cache file","TimingId":"abf6627","SourceContext":"Umbraco.Cms.Core.Logging.ProfilingLogger","RequestId":"0HMP6OB2U4TDD:0000009B","RequestPath":"/about/","ConnectionId":"0HMP6OB2U4TDD","ProcessId":44120,"ProcessName":"Clean.Site","ThreadId":18,"ApplicationId":"08576e774ac196133407f48bb75449c37258f5a7","MachineName":"1C3-TEC-GJWGARY","Log4NetLevel":"INFO ","HttpRequestId":"31769230-915f-442c-b0eb-5e0457852330","HttpRequestNumber":1,"HttpSessionId":"0"}
{"@t":"2023-03-17T08:37:18.6681105Z","@mt":"{EndMessage} ({Duration}ms) [Timing {TimingId}]","EndMessage":"Completed.","Duration":14,"TimingId":"abf6627","SourceContext":"Umbraco.Cms.Core.Logging.ProfilingLogger","RequestId":"0HMP6OB2U4TDD:0000009B","RequestPath":"/about/","ConnectionId":"0HMP6OB2U4TDD","ProcessId":44120,"ProcessName":"Clean.Site","ThreadId":18,"ApplicationId":"08576e774ac196133407f48bb75449c37258f5a7","MachineName":"1C3-TEC-GJWGARY","Log4NetLevel":"INFO ","HttpRequestId":"31769230-915f-442c-b0eb-5e0457852330","HttpRequestNumber":1,"HttpSessionId":"0"}
{"@t":"2023-03-17T08:37:36.5760080Z","@mt":"An unhandled exception has occurred while executing the request.","@l":"Error","@x":"System.InvalidOperationException: The partial view 'blocklist/Components/featuredItemsRow' was not found. The following locations were searched:\r\n/App_Plugins/Views/Render/blocklist/Components/featuredItemsRow.cshtml\r\n/App_Plugins/Views/Shared/blocklist/Components/featuredItemsRow.cshtml\r\n/App_Plugins/Views/Partials/blocklist/Components/featuredItemsRow.cshtml\r\n/App_Plugins/Views/MacroPartials/blocklist/Components/featuredItemsRow.cshtml\r\n/Views/blocklist/Components/featuredItemsRow.cshtml\r\n/Views/Shared/blocklist/Components/featuredItemsRow.cshtml\r\n/Views/Partials/blocklist/Components/featuredItemsRow.cshtml\r\n/Views/MacroPartials/blocklist/Components/featuredItemsRow.cshtml\r\n/Views/Render/blocklist/Components/featuredItemsRow.cshtml\r\n/Views/Shared/blocklist/Components/featuredItemsRow.cshtml\r\n   at Microsoft.AspNetCore.Mvc.ViewFeatures.HtmlHelper.RenderPartialCoreAsync(String partialViewName, Object model, ViewDataDictionary viewData, TextWriter writer)\r\n   at Microsoft.AspNetCore.Mvc.ViewFeatures.HtmlHelper.PartialAsync(String partialViewName, Object model, ViewDataDictionary viewData)\r\n   at AspNetCore.Views_Partials_blocklist_default.ExecuteAsync() in C:\\Hadi\\Umbraco\\Clean\\Clean.Site\\Views\\Partials\\blocklist\\default.cshtml:line 11\r\n   at Microsoft.AspNetCore.Mvc.Razor.RazorView.RenderPageCoreAsync(IRazorPage page, ViewContext context)\r\n   at Microsoft.AspNetCore.Mvc.Razor.RazorView.RenderPageAsync(IRazorPage page, ViewContext context, Boolean invokeViewStarts)\r\n   at Microsoft.AspNetCore.Mvc.Razor.RazorView.RenderAsync(ViewContext context)\r\n   at Microsoft.AspNetCore.Mvc.ViewFeatures.HtmlHelper.RenderPartialCoreAsync(String partialViewName, Object model, ViewDataDictionary viewData, TextWriter writer)\r\n   at Microsoft.AspNetCore.Mvc.ViewFeatures.HtmlHelper.PartialAsync(String partialViewName, Object model, ViewDataDictionary viewData)\r\n   at Microsoft.AspNetCore.Mvc.Rendering.HtmlHelperPartialExtensions.Partial(IHtmlHelper htmlHelper, String partialViewName, Object model, ViewDataDictionary viewData)\r\n   at Umbraco.Extensions.BlockListTemplateExtensions.GetBlockListHtml(IHtmlHelper html, BlockListModel model, String template)\r\n   at AspNetCore.Views_ContentPage.ExecuteAsync() in C:\\Hadi\\Umbraco\\Clean\\Clean.Site\\Views\\ContentPage.cshtml:line 10\r\n   at Microsoft.AspNetCore.Mvc.Razor.RazorView.RenderPageCoreAsync(IRazorPage page, ViewContext context)\r\n   at Microsoft.AspNetCore.Mvc.Razor.RazorView.RenderPageAsync(IRazorPage page, ViewContext context, Boolean invokeViewStarts)\r\n   at Microsoft.AspNetCore.Mvc.Razor.RazorView.RenderAsync(ViewContext context)\r\n   at Microsoft.AspNetCore.Mvc.ViewFeatures.ViewExecutor.ExecuteAsync(ViewContext viewContext, String contentType, Nullable`1 statusCode)\r\n   at Microsoft.AspNetCore.Mvc.ViewFeatures.ViewExecutor.ExecuteAsync(ViewContext viewContext, String contentType, Nullable`1 statusCode)\r\n   at Microsoft.AspNetCore.Mvc.ViewFeatures.ViewExecutor.ExecuteAsync(ActionContext actionContext, IView view, ViewDataDictionary viewData, ITempDataDictionary tempData, String contentType, Nullable`1 statusCode)\r\n   at Microsoft.AspNetCore.Mvc.ViewFeatures.ViewResultExecutor.ExecuteAsync(ActionContext context, ViewResult result)\r\n   at Microsoft.AspNetCore.Mvc.ViewResult.ExecuteResultAsync(ActionContext context)\r\n   at Microsoft.AspNetCore.Mvc.Infrastructure.ResourceInvoker.<InvokeNextResultFilterAsync>g__Awaited|30_0[TFilter,TFilterAsync](ResourceInvoker invoker, Task lastTask, State next, Scope scope, Object state, Boolean isCompleted)\r\n   at Microsoft.AspNetCore.Mvc.Infrastructure.ResourceInvoker.Rethrow(ResultExecutedContextSealed context)\r\n   at Microsoft.AspNetCore.Mvc.Infrastructure.ResourceInvoker.ResultNext[TFilter,TFilterAsync](State& next, Scope& scope, Object& state, Boolean& isCompleted)\r\n   at Microsoft.AspNetCore.Mvc.Infrastructure.ResourceInvoker.InvokeResultFilters()\r\n--- End of stack trace from previous location ---\r\n   at Microsoft.AspNetCore.Mvc.Infrastructure.ResourceInvoker.<InvokeNextResourceFilter>g__Awaited|25_0(ResourceInvoker invoker, Task lastTask, State next, Scope scope, Object state, Boolean isCompleted)\r\n   at Microsoft.AspNetCore.Mvc.Infrastructure.ResourceInvoker.Rethrow(ResourceExecutedContextSealed context)\r\n   at Microsoft.AspNetCore.Mvc.Infrastructure.ResourceInvoker.Next(State& next, Scope& scope, Object& state, Boolean& isCompleted)\r\n   at Microsoft.AspNetCore.Mvc.Infrastructure.ResourceInvoker.InvokeFilterPipelineAsync()\r\n--- End of stack trace from previous location ---\r\n   at Microsoft.AspNetCore.Mvc.Infrastructure.ResourceInvoker.<InvokeAsync>g__Awaited|17_0(ResourceInvoker invoker, Task task, IDisposable scope)\r\n   at Microsoft.AspNetCore.Mvc.Infrastructure.ResourceInvoker.<InvokeAsync>g__Awaited|17_0(ResourceInvoker invoker, Task task, IDisposable scope)\r\n   at Microsoft.AspNetCore.Routing.EndpointMiddleware.<Invoke>g__AwaitRequestTask|6_0(Endpoint endpoint, Task requestTask, ILogger logger)\r\n   at Umbraco.Cms.Web.Common.Middleware.BasicAuthenticationMiddleware.InvokeAsync(HttpContext context, RequestDelegate next)\r\n   at Microsoft.AspNetCore.Builder.UseMiddlewareExtensions.<>c__DisplayClass6_1.<<UseMiddlewareInterface>b__1>d.MoveNext()\r\n--- End of stack trace from previous location ---\r\n   at Umbraco.Cms.Web.BackOffice.Middleware.BackOfficeExternalLoginProviderErrorMiddleware.InvokeAsync(HttpContext context, RequestDelegate next)\r\n   at Microsoft.AspNetCore.Builder.UseMiddlewareExtensions.<>c__DisplayClass6_1.<<UseMiddlewareInterface>b__1>d.MoveNext()\r\n--- End of stack trace from previous location ---\r\n   at Microsoft.AspNetCore.Session.SessionMiddleware.Invoke(HttpContext context)\r\n   at Microsoft.AspNetCore.Session.SessionMiddleware.Invoke(HttpContext context)\r\n   at Microsoft.AspNetCore.Localization.RequestLocalizationMiddleware.Invoke(HttpContext context)\r\n   at Microsoft.AspNetCore.Authorization.AuthorizationMiddleware.Invoke(HttpContext context)\r\n   at Microsoft.AspNetCore.Authentication.AuthenticationMiddleware.Invoke(HttpContext context)\r\n   at StackExchange.Profiling.MiniProfilerMiddleware.Invoke(HttpContext context) in C:\\projects\\dotnet\\src\\MiniProfiler.AspNetCore\\MiniProfilerMiddleware.cs:line 119\r\n   at Umbraco.Cms.Web.Common.Middleware.UmbracoRequestMiddleware.InvokeAsync(HttpContext context, RequestDelegate next)\r\n   at Umbraco.Cms.Web.Common.Middleware.UmbracoRequestMiddleware.InvokeAsync(HttpContext context, RequestDelegate next)\r\n   at Microsoft.AspNetCore.Builder.UseMiddlewareExtensions.<>c__DisplayClass6_1.<<UseMiddlewareInterface>b__1>d.MoveNext()\r\n--- End of stack trace from previous location ---\r\n   at Umbraco.Cms.Web.Common.Middleware.PreviewAuthenticationMiddleware.InvokeAsync(HttpContext context, RequestDelegate next)\r\n   at Microsoft.AspNetCore.Builder.UseMiddlewareExtensions.<>c__DisplayClass6_1.<<UseMiddlewareInterface>b__1>d.MoveNext()\r\n--- End of stack trace from previous location ---\r\n   at Umbraco.Cms.Web.Common.Middleware.UmbracoRequestLoggingMiddleware.InvokeAsync(HttpContext context, RequestDelegate next)\r\n   at Microsoft.AspNetCore.Builder.UseMiddlewareExtensions.<>c__DisplayClass6_1.<<UseMiddlewareInterface>b__1>d.MoveNext()\r\n--- End of stack trace from previous location ---\r\n   at SixLabors.ImageSharp.Web.Middleware.ImageSharpMiddleware.Invoke(HttpContext httpContext, Boolean retry)\r\n   at Microsoft.AspNetCore.Diagnostics.DeveloperExceptionPageMiddlewareImpl.Invoke(HttpContext context)","EventId":{"Id":1,"Name":"UnhandledException"},"SourceContext":"Microsoft.AspNetCore.Diagnostics.DeveloperExceptionPageMiddleware","RequestId":"0HMP6OB2U4TDD:0000009B","RequestPath":"/about/","ConnectionId":"0HMP6OB2U4TDD","ProcessId":44120,"ProcessName":"Clean.Site","ThreadId":18,"ApplicationId":"08576e774ac196133407f48bb75449c37258f5a7","MachineName":"1C3-TEC-GJWGARY","Log4NetLevel":"ERROR"}
{"@t":"2023-03-17T09:30:21.0074237Z","@mt":"User logged will be logged out due to timeout: {Username}, IP Address: {IPAddress}","Username":"admin@example.com","IPAddress":"::1","SourceContext":"Umbraco.Cms.Web.BackOffice.Controllers.AuthenticationController","ActionId":"c9c819b6-fd3b-4ed6-a0fd-ea592bdf67dc","ActionName":"Umbraco.Cms.Web.BackOffice.Controllers.AuthenticationController.GetRemainingTimeoutSeconds (Umbraco.Web.BackOffice)","RequestId":"0HMP6OB2U4TDL:00000063","RequestPath":"/umbraco/backoffice/umbracoapi/authentication/GetRemainingTimeoutSeconds","ConnectionId":"0HMP6OB2U4TDL","ProcessId":44120,"ProcessName":"Clean.Site","ThreadId":53,"ApplicationId":"08576e774ac196133407f48bb75449c37258f5a7","MachineName":"1C3-TEC-GJWGARY","Log4NetLevel":"INFO ","HttpRequestId":"c6ae87f3-00eb-40ec-aa01-9b6631e9ce7b","HttpRequestNumber":2,"HttpSessionId":"a09b5110-94ff-c0aa-0957-e30b0e574743"}
