{"@t":"2023-03-15T02:09:22.0938881Z","@mt":"Acquiring MainDom.","SourceContext":"Umbraco.Cms.Core.Runtime.MainDom","ProcessId":31920,"ProcessName":"Clean.Site","ThreadId":1,"ApplicationId":"08576e774ac196133407f48bb75449c37258f5a7","MachineName":"1C3-TEC-GJWGARY","Log4NetLevel":"INFO "}
{"@t":"2023-03-15T02:09:22.1005239Z","@mt":"Acquired MainDom.","SourceContext":"Umbraco.Cms.Core.Runtime.MainDom","ProcessId":31920,"ProcessName":"Clean.Site","ThreadId":1,"ApplicationId":"08576e774ac196133407f48bb75449c37258f5a7","MachineName":"1C3-TEC-GJWGARY","Log4NetLevel":"INFO "}
{"@t":"2023-03-15T02:09:22.9968223Z","@mt":"Now listening on: {address}","address":"https://localhost:44365","EventId":{"Id":14,"Name":"ListeningOnAddress"},"SourceContext":"Microsoft.Hosting.Lifetime","ProcessId":31920,"ProcessName":"Clean.Site","ThreadId":1,"ApplicationId":"08576e774ac196133407f48bb75449c37258f5a7","MachineName":"1C3-TEC-GJWGARY","Log4NetLevel":"INFO "}
{"@t":"2023-03-15T02:09:22.9973514Z","@mt":"Now listening on: {address}","address":"http://localhost:43116","EventId":{"Id":14,"Name":"ListeningOnAddress"},"SourceContext":"Microsoft.Hosting.Lifetime","ProcessId":31920,"ProcessName":"Clean.Site","ThreadId":1,"ApplicationId":"08576e774ac196133407f48bb75449c37258f5a7","MachineName":"1C3-TEC-GJWGARY","Log4NetLevel":"INFO "}
{"@t":"2023-03-15T02:09:23.0004932Z","@mt":"Application started. Press Ctrl+C to shut down.","SourceContext":"Microsoft.Hosting.Lifetime","ProcessId":31920,"ProcessName":"Clean.Site","ThreadId":1,"ApplicationId":"08576e774ac196133407f48bb75449c37258f5a7","MachineName":"1C3-TEC-GJWGARY","Log4NetLevel":"INFO "}
{"@t":"2023-03-15T02:09:23.0005736Z","@mt":"Hosting environment: {EnvName}","EnvName":"Development","SourceContext":"Microsoft.Hosting.Lifetime","ProcessId":31920,"ProcessName":"Clean.Site","ThreadId":1,"ApplicationId":"08576e774ac196133407f48bb75449c37258f5a7","MachineName":"1C3-TEC-GJWGARY","Log4NetLevel":"INFO "}
{"@t":"2023-03-15T02:09:23.0006223Z","@mt":"Content root path: {ContentRoot}","ContentRoot":"C:\\Hadi\\Umbraco\\Clean\\Clean.Site","SourceContext":"Microsoft.Hosting.Lifetime","ProcessId":31920,"ProcessName":"Clean.Site","ThreadId":1,"ApplicationId":"08576e774ac196133407f48bb75449c37258f5a7","MachineName":"1C3-TEC-GJWGARY","Log4NetLevel":"INFO "}
{"@t":"2023-03-15T02:09:23.9305390Z","@mt":"Registered with MainDom, localContentDbExists? {LocalContentDbExists}, localMediaDbExists? {LocalMediaDbExists}","LocalContentDbExists":true,"LocalMediaDbExists":true,"SourceContext":"Umbraco.Cms.Infrastructure.PublishedCache.PublishedSnapshotService","RequestId":"0HMP4V95RMNRD:00000001","RequestPath":"/","ConnectionId":"0HMP4V95RMNRD","ProcessId":31920,"ProcessName":"Clean.Site","ThreadId":14,"ApplicationId":"08576e774ac196133407f48bb75449c37258f5a7","MachineName":"1C3-TEC-GJWGARY","Log4NetLevel":"INFO ","HttpRequestId":"5edd2c02-7d8a-4f64-ab41-b94823068aae","HttpRequestNumber":1,"HttpSessionId":"0"}
{"@t":"2023-03-15T02:09:23.9347413Z","@mt":"Creating the content store, localContentDbExists? {LocalContentDbExists}","LocalContentDbExists":true,"SourceContext":"Umbraco.Cms.Infrastructure.PublishedCache.PublishedSnapshotService","RequestId":"0HMP4V95RMNRD:00000001","RequestPath":"/","ConnectionId":"0HMP4V95RMNRD","ProcessId":31920,"ProcessName":"Clean.Site","ThreadId":14,"ApplicationId":"08576e774ac196133407f48bb75449c37258f5a7","MachineName":"1C3-TEC-GJWGARY","Log4NetLevel":"INFO ","HttpRequestId":"5edd2c02-7d8a-4f64-ab41-b94823068aae","HttpRequestNumber":1,"HttpSessionId":"0"}
{"@t":"2023-03-15T02:09:23.9365019Z","@mt":"Creating the media store, localMediaDbExists? {LocalMediaDbExists}","LocalMediaDbExists":true,"SourceContext":"Umbraco.Cms.Infrastructure.PublishedCache.PublishedSnapshotService","RequestId":"0HMP4V95RMNRD:00000001","RequestPath":"/","ConnectionId":"0HMP4V95RMNRD","ProcessId":31920,"ProcessName":"Clean.Site","ThreadId":14,"ApplicationId":"08576e774ac196133407f48bb75449c37258f5a7","MachineName":"1C3-TEC-GJWGARY","Log4NetLevel":"INFO ","HttpRequestId":"5edd2c02-7d8a-4f64-ab41-b94823068aae","HttpRequestNumber":1,"HttpSessionId":"0"}
{"@t":"2023-03-15T02:09:24.2485244Z","@mt":"{StartMessage} [Timing {TimingId}]","StartMessage":"Loading content from local cache file","TimingId":"154d36c","SourceContext":"Umbraco.Cms.Core.Logging.ProfilingLogger","RequestId":"0HMP4V95RMNRD:00000001","RequestPath":"/","ConnectionId":"0HMP4V95RMNRD","ProcessId":31920,"ProcessName":"Clean.Site","ThreadId":14,"ApplicationId":"08576e774ac196133407f48bb75449c37258f5a7","MachineName":"1C3-TEC-GJWGARY","Log4NetLevel":"INFO ","HttpRequestId":"5edd2c02-7d8a-4f64-ab41-b94823068aae","HttpRequestNumber":1,"HttpSessionId":"0"}
{"@t":"2023-03-15T02:09:24.2813971Z","@mt":"{EndMessage} ({Duration}ms) [Timing {TimingId}]","EndMessage":"Completed.","Duration":32,"TimingId":"154d36c","SourceContext":"Umbraco.Cms.Core.Logging.ProfilingLogger","RequestId":"0HMP4V95RMNRD:00000001","RequestPath":"/","ConnectionId":"0HMP4V95RMNRD","ProcessId":31920,"ProcessName":"Clean.Site","ThreadId":14,"ApplicationId":"08576e774ac196133407f48bb75449c37258f5a7","MachineName":"1C3-TEC-GJWGARY","Log4NetLevel":"INFO ","HttpRequestId":"5edd2c02-7d8a-4f64-ab41-b94823068aae","HttpRequestNumber":1,"HttpSessionId":"0"}
{"@t":"2023-03-15T02:09:24.2926381Z","@mt":"{StartMessage} [Timing {TimingId}]","StartMessage":"Loading media from local cache file","TimingId":"5f3be2a","SourceContext":"Umbraco.Cms.Core.Logging.ProfilingLogger","RequestId":"0HMP4V95RMNRD:00000001","RequestPath":"/","ConnectionId":"0HMP4V95RMNRD","ProcessId":31920,"ProcessName":"Clean.Site","ThreadId":14,"ApplicationId":"08576e774ac196133407f48bb75449c37258f5a7","MachineName":"1C3-TEC-GJWGARY","Log4NetLevel":"INFO ","HttpRequestId":"5edd2c02-7d8a-4f64-ab41-b94823068aae","HttpRequestNumber":1,"HttpSessionId":"0"}
{"@t":"2023-03-15T02:09:24.2938190Z","@mt":"{EndMessage} ({Duration}ms) [Timing {TimingId}]","EndMessage":"Completed.","Duration":1,"TimingId":"5f3be2a","SourceContext":"Umbraco.Cms.Core.Logging.ProfilingLogger","RequestId":"0HMP4V95RMNRD:00000001","RequestPath":"/","ConnectionId":"0HMP4V95RMNRD","ProcessId":31920,"ProcessName":"Clean.Site","ThreadId":14,"ApplicationId":"08576e774ac196133407f48bb75449c37258f5a7","MachineName":"1C3-TEC-GJWGARY","Log4NetLevel":"INFO ","HttpRequestId":"5edd2c02-7d8a-4f64-ab41-b94823068aae","HttpRequestNumber":1,"HttpSessionId":"0"}
{"@t":"2023-03-15T02:30:58.1410515Z","@mt":"User logged will be logged out due to timeout: {Username}, IP Address: {IPAddress}","Username":"admin@example.com","IPAddress":"::1","SourceContext":"Umbraco.Cms.Web.BackOffice.Controllers.AuthenticationController","ActionId":"44557c7e-5fde-4452-a89c-65e80b7a6d6f","ActionName":"Umbraco.Cms.Web.BackOffice.Controllers.AuthenticationController.GetRemainingTimeoutSeconds (Umbraco.Web.BackOffice)","RequestId":"0HMP4V95RMNRE:0000014F","RequestPath":"/umbraco/backoffice/umbracoapi/authentication/GetRemainingTimeoutSeconds","ConnectionId":"0HMP4V95RMNRE","ProcessId":31920,"ProcessName":"Clean.Site","ThreadId":76,"ApplicationId":"08576e774ac196133407f48bb75449c37258f5a7","MachineName":"1C3-TEC-GJWGARY","Log4NetLevel":"INFO ","HttpRequestId":"04070c90-1bbb-483f-8215-553525dd0c6c","HttpRequestNumber":2,"HttpSessionId":"260efed7-4640-b1cb-c024-b1a99868fa24"}
{"@t":"2023-03-15T07:57:35.9091382Z","@mt":"Adding examine event handlers for {RegisteredIndexers} index providers.","RegisteredIndexers":3,"SourceContext":"Umbraco.Cms.Infrastructure.Examine.ExamineUmbracoIndexingHandler","ActionId":"e725f16f-b646-4ac8-be1a-bb9ad7e4ec24","ActionName":"Umbraco.Cms.Web.BackOffice.Controllers.ContentTypeController.PostSave (Umbraco.Web.BackOffice)","RequestId":"0HMP4V95RMNTK:00000047","RequestPath":"/umbraco/backoffice/umbracoapi/contenttype/PostSave","ConnectionId":"0HMP4V95RMNTK","ProcessId":31920,"ProcessName":"Clean.Site","ThreadId":63,"ApplicationId":"08576e774ac196133407f48bb75449c37258f5a7","MachineName":"1C3-TEC-GJWGARY","Log4NetLevel":"INFO ","HttpRequestId":"90304e3f-6cfb-42e4-81f3-5eec4b3da25b","HttpRequestNumber":3,"HttpSessionId":"f61965c5-5c9a-848e-4dbb-7638802f34e0"}
{"@t":"2023-03-15T07:58:01.4877723Z","@mt":"Acquiring MainDom.","SourceContext":"Umbraco.Cms.Core.Runtime.MainDom","ProcessId":22232,"ProcessName":"Clean.Site","ThreadId":1,"ApplicationId":"08576e774ac196133407f48bb75449c37258f5a7","MachineName":"1C3-TEC-GJWGARY","Log4NetLevel":"INFO "}
{"@t":"2023-03-15T07:58:01.4981373Z","@mt":"Acquired MainDom.","SourceContext":"Umbraco.Cms.Core.Runtime.MainDom","ProcessId":22232,"ProcessName":"Clean.Site","ThreadId":1,"ApplicationId":"08576e774ac196133407f48bb75449c37258f5a7","MachineName":"1C3-TEC-GJWGARY","Log4NetLevel":"INFO "}
{"@t":"2023-03-15T07:58:02.6552712Z","@mt":"Now listening on: {address}","address":"https://localhost:44365","EventId":{"Id":14,"Name":"ListeningOnAddress"},"SourceContext":"Microsoft.Hosting.Lifetime","ProcessId":22232,"ProcessName":"Clean.Site","ThreadId":1,"ApplicationId":"08576e774ac196133407f48bb75449c37258f5a7","MachineName":"1C3-TEC-GJWGARY","Log4NetLevel":"INFO "}
{"@t":"2023-03-15T07:58:02.6557852Z","@mt":"Now listening on: {address}","address":"http://localhost:43116","EventId":{"Id":14,"Name":"ListeningOnAddress"},"SourceContext":"Microsoft.Hosting.Lifetime","ProcessId":22232,"ProcessName":"Clean.Site","ThreadId":1,"ApplicationId":"08576e774ac196133407f48bb75449c37258f5a7","MachineName":"1C3-TEC-GJWGARY","Log4NetLevel":"INFO "}
{"@t":"2023-03-15T07:58:02.6584028Z","@mt":"Application started. Press Ctrl+C to shut down.","SourceContext":"Microsoft.Hosting.Lifetime","ProcessId":22232,"ProcessName":"Clean.Site","ThreadId":1,"ApplicationId":"08576e774ac196133407f48bb75449c37258f5a7","MachineName":"1C3-TEC-GJWGARY","Log4NetLevel":"INFO "}
{"@t":"2023-03-15T07:58:02.6584657Z","@mt":"Hosting environment: {EnvName}","EnvName":"Development","SourceContext":"Microsoft.Hosting.Lifetime","ProcessId":22232,"ProcessName":"Clean.Site","ThreadId":1,"ApplicationId":"08576e774ac196133407f48bb75449c37258f5a7","MachineName":"1C3-TEC-GJWGARY","Log4NetLevel":"INFO "}
{"@t":"2023-03-15T07:58:02.6584933Z","@mt":"Content root path: {ContentRoot}","ContentRoot":"C:\\Hadi\\Umbraco\\Clean\\Clean.Site","SourceContext":"Microsoft.Hosting.Lifetime","ProcessId":22232,"ProcessName":"Clean.Site","ThreadId":1,"ApplicationId":"08576e774ac196133407f48bb75449c37258f5a7","MachineName":"1C3-TEC-GJWGARY","Log4NetLevel":"INFO "}
{"@t":"2023-03-15T07:58:17.0206480Z","@mt":"No umbracoApplicationUrl for service (yet), skip.","@l":"Warning","SourceContext":"Umbraco.Cms.Infrastructure.HostedServices.ServerRegistration.TouchServerTask","ProcessId":22232,"ProcessName":"Clean.Site","ThreadId":10,"ApplicationId":"08576e774ac196133407f48bb75449c37258f5a7","MachineName":"1C3-TEC-GJWGARY","Log4NetLevel":"WARN "}
{"@t":"2023-03-15T07:58:21.1101528Z","@mt":"Registered with MainDom, localContentDbExists? {LocalContentDbExists}, localMediaDbExists? {LocalMediaDbExists}","LocalContentDbExists":true,"LocalMediaDbExists":true,"SourceContext":"Umbraco.Cms.Infrastructure.PublishedCache.PublishedSnapshotService","ActionId":"29ac9be1-0569-4acd-bef4-99176d8a318c","ActionName":"Umbraco.Cms.Web.BackOffice.Controllers.ContentController.GetById (Umbraco.Web.BackOffice)","RequestId":"0HMP55C58N1MP:00000003","RequestPath":"/umbraco/backoffice/umbracoapi/content/GetById","ConnectionId":"0HMP55C58N1MP","ProcessId":22232,"ProcessName":"Clean.Site","ThreadId":20,"ApplicationId":"08576e774ac196133407f48bb75449c37258f5a7","MachineName":"1C3-TEC-GJWGARY","Log4NetLevel":"INFO ","HttpRequestId":"aa4a6a57-02de-4a8d-957f-dc175fe53bfe","HttpRequestNumber":1,"HttpSessionId":"f6cf85d3-4674-97a1-96cf-adde818d43b0"}
{"@t":"2023-03-15T07:58:21.1116109Z","@mt":"Creating the content store, localContentDbExists? {LocalContentDbExists}","LocalContentDbExists":true,"SourceContext":"Umbraco.Cms.Infrastructure.PublishedCache.PublishedSnapshotService","ActionId":"29ac9be1-0569-4acd-bef4-99176d8a318c","ActionName":"Umbraco.Cms.Web.BackOffice.Controllers.ContentController.GetById (Umbraco.Web.BackOffice)","RequestId":"0HMP55C58N1MP:00000003","RequestPath":"/umbraco/backoffice/umbracoapi/content/GetById","ConnectionId":"0HMP55C58N1MP","ProcessId":22232,"ProcessName":"Clean.Site","ThreadId":20,"ApplicationId":"08576e774ac196133407f48bb75449c37258f5a7","MachineName":"1C3-TEC-GJWGARY","Log4NetLevel":"INFO ","HttpRequestId":"aa4a6a57-02de-4a8d-957f-dc175fe53bfe","HttpRequestNumber":1,"HttpSessionId":"f6cf85d3-4674-97a1-96cf-adde818d43b0"}
{"@t":"2023-03-15T07:58:21.1127964Z","@mt":"Creating the media store, localMediaDbExists? {LocalMediaDbExists}","LocalMediaDbExists":true,"SourceContext":"Umbraco.Cms.Infrastructure.PublishedCache.PublishedSnapshotService","ActionId":"29ac9be1-0569-4acd-bef4-99176d8a318c","ActionName":"Umbraco.Cms.Web.BackOffice.Controllers.ContentController.GetById (Umbraco.Web.BackOffice)","RequestId":"0HMP55C58N1MP:00000003","RequestPath":"/umbraco/backoffice/umbracoapi/content/GetById","ConnectionId":"0HMP55C58N1MP","ProcessId":22232,"ProcessName":"Clean.Site","ThreadId":20,"ApplicationId":"08576e774ac196133407f48bb75449c37258f5a7","MachineName":"1C3-TEC-GJWGARY","Log4NetLevel":"INFO ","HttpRequestId":"aa4a6a57-02de-4a8d-957f-dc175fe53bfe","HttpRequestNumber":1,"HttpSessionId":"f6cf85d3-4674-97a1-96cf-adde818d43b0"}
{"@t":"2023-03-15T07:58:21.1445983Z","@mt":"{StartMessage} [Timing {TimingId}]","StartMessage":"Loading content from local cache file","TimingId":"bb5be08","SourceContext":"Umbraco.Cms.Core.Logging.ProfilingLogger","ActionId":"29ac9be1-0569-4acd-bef4-99176d8a318c","ActionName":"Umbraco.Cms.Web.BackOffice.Controllers.ContentController.GetById (Umbraco.Web.BackOffice)","RequestId":"0HMP55C58N1MP:00000003","RequestPath":"/umbraco/backoffice/umbracoapi/content/GetById","ConnectionId":"0HMP55C58N1MP","ProcessId":22232,"ProcessName":"Clean.Site","ThreadId":20,"ApplicationId":"08576e774ac196133407f48bb75449c37258f5a7","MachineName":"1C3-TEC-GJWGARY","Log4NetLevel":"INFO ","HttpRequestId":"aa4a6a57-02de-4a8d-957f-dc175fe53bfe","HttpRequestNumber":1,"HttpSessionId":"f6cf85d3-4674-97a1-96cf-adde818d43b0"}
{"@t":"2023-03-15T07:58:21.1600139Z","@mt":"{EndMessage} ({Duration}ms) [Timing {TimingId}]","EndMessage":"Completed.","Duration":15,"TimingId":"bb5be08","SourceContext":"Umbraco.Cms.Core.Logging.ProfilingLogger","ActionId":"29ac9be1-0569-4acd-bef4-99176d8a318c","ActionName":"Umbraco.Cms.Web.BackOffice.Controllers.ContentController.GetById (Umbraco.Web.BackOffice)","RequestId":"0HMP55C58N1MP:00000003","RequestPath":"/umbraco/backoffice/umbracoapi/content/GetById","ConnectionId":"0HMP55C58N1MP","ProcessId":22232,"ProcessName":"Clean.Site","ThreadId":20,"ApplicationId":"08576e774ac196133407f48bb75449c37258f5a7","MachineName":"1C3-TEC-GJWGARY","Log4NetLevel":"INFO ","HttpRequestId":"aa4a6a57-02de-4a8d-957f-dc175fe53bfe","HttpRequestNumber":1,"HttpSessionId":"f6cf85d3-4674-97a1-96cf-adde818d43b0"}
{"@t":"2023-03-15T07:58:21.1628140Z","@mt":"{StartMessage} [Timing {TimingId}]","StartMessage":"Loading media from local cache file","TimingId":"1605e08","SourceContext":"Umbraco.Cms.Core.Logging.ProfilingLogger","ActionId":"29ac9be1-0569-4acd-bef4-99176d8a318c","ActionName":"Umbraco.Cms.Web.BackOffice.Controllers.ContentController.GetById (Umbraco.Web.BackOffice)","RequestId":"0HMP55C58N1MP:00000003","RequestPath":"/umbraco/backoffice/umbracoapi/content/GetById","ConnectionId":"0HMP55C58N1MP","ProcessId":22232,"ProcessName":"Clean.Site","ThreadId":20,"ApplicationId":"08576e774ac196133407f48bb75449c37258f5a7","MachineName":"1C3-TEC-GJWGARY","Log4NetLevel":"INFO ","HttpRequestId":"aa4a6a57-02de-4a8d-957f-dc175fe53bfe","HttpRequestNumber":1,"HttpSessionId":"f6cf85d3-4674-97a1-96cf-adde818d43b0"}
{"@t":"2023-03-15T07:58:21.1635603Z","@mt":"{EndMessage} ({Duration}ms) [Timing {TimingId}]","EndMessage":"Completed.","Duration":0,"TimingId":"1605e08","SourceContext":"Umbraco.Cms.Core.Logging.ProfilingLogger","ActionId":"29ac9be1-0569-4acd-bef4-99176d8a318c","ActionName":"Umbraco.Cms.Web.BackOffice.Controllers.ContentController.GetById (Umbraco.Web.BackOffice)","RequestId":"0HMP55C58N1MP:00000003","RequestPath":"/umbraco/backoffice/umbracoapi/content/GetById","ConnectionId":"0HMP55C58N1MP","ProcessId":22232,"ProcessName":"Clean.Site","ThreadId":20,"ApplicationId":"08576e774ac196133407f48bb75449c37258f5a7","MachineName":"1C3-TEC-GJWGARY","Log4NetLevel":"INFO ","HttpRequestId":"aa4a6a57-02de-4a8d-957f-dc175fe53bfe","HttpRequestNumber":1,"HttpSessionId":"f6cf85d3-4674-97a1-96cf-adde818d43b0"}
{"@t":"2023-03-15T07:58:37.9814741Z","@mt":"Adding examine event handlers for {RegisteredIndexers} index providers.","RegisteredIndexers":3,"SourceContext":"Umbraco.Cms.Infrastructure.Examine.ExamineUmbracoIndexingHandler","ActionId":"24f54ef5-343d-4709-9b91-61205d5ca276","ActionName":"Umbraco.Cms.Web.BackOffice.Controllers.ContentTypeController.PostSave (Umbraco.Web.BackOffice)","RequestId":"0HMP55C58N1MP:00000037","RequestPath":"/umbraco/backoffice/umbracoapi/contenttype/PostSave","ConnectionId":"0HMP55C58N1MP","ProcessId":22232,"ProcessName":"Clean.Site","ThreadId":18,"ApplicationId":"08576e774ac196133407f48bb75449c37258f5a7","MachineName":"1C3-TEC-GJWGARY","Log4NetLevel":"INFO ","HttpRequestId":"9d6efc63-afd6-41f0-a31d-9d51e9229da3","HttpRequestNumber":2,"HttpSessionId":"f65b0c8e-2d90-c084-5153-5fa2c0fd7151"}
{"@t":"2023-03-15T08:00:21.1429663Z","@mt":"Document {ContentName} (id={ContentId}) has been published.","ContentName":"Home","ContentId":1064,"SourceContext":"Umbraco.Cms.Core.Services.ContentService","ActionId":"8b134eb7-0a84-43bb-8054-dc0fd67b05c7","ActionName":"Umbraco.Cms.Web.BackOffice.Controllers.ContentController.PostSave (Umbraco.Web.BackOffice)","RequestId":"0HMP55C58N1MP:0000008B","RequestPath":"/umbraco/backoffice/umbracoapi/content/PostSave","ConnectionId":"0HMP55C58N1MP","ProcessId":22232,"ProcessName":"Clean.Site","ThreadId":18,"ApplicationId":"08576e774ac196133407f48bb75449c37258f5a7","MachineName":"1C3-TEC-GJWGARY","Log4NetLevel":"INFO ","HttpRequestId":"ba9ef2cb-15e9-4791-9584-3a462c310d50","HttpRequestNumber":3,"HttpSessionId":"07c53577-f871-8f92-dc79-4fabdc6f3843"}
{"@t":"2023-03-15T08:02:08.4597171Z","@mt":"Acquiring MainDom.","SourceContext":"Umbraco.Cms.Core.Runtime.MainDom","ProcessId":36800,"ProcessName":"Clean.Site","ThreadId":1,"ApplicationId":"08576e774ac196133407f48bb75449c37258f5a7","MachineName":"1C3-TEC-GJWGARY","Log4NetLevel":"INFO "}
{"@t":"2023-03-15T08:02:08.4690399Z","@mt":"Acquired MainDom.","SourceContext":"Umbraco.Cms.Core.Runtime.MainDom","ProcessId":36800,"ProcessName":"Clean.Site","ThreadId":1,"ApplicationId":"08576e774ac196133407f48bb75449c37258f5a7","MachineName":"1C3-TEC-GJWGARY","Log4NetLevel":"INFO "}
{"@t":"2023-03-15T08:02:09.5324514Z","@mt":"Now listening on: {address}","address":"https://localhost:44365","EventId":{"Id":14,"Name":"ListeningOnAddress"},"SourceContext":"Microsoft.Hosting.Lifetime","ProcessId":36800,"ProcessName":"Clean.Site","ThreadId":1,"ApplicationId":"08576e774ac196133407f48bb75449c37258f5a7","MachineName":"1C3-TEC-GJWGARY","Log4NetLevel":"INFO "}
{"@t":"2023-03-15T08:02:09.5331700Z","@mt":"Now listening on: {address}","address":"http://localhost:43116","EventId":{"Id":14,"Name":"ListeningOnAddress"},"SourceContext":"Microsoft.Hosting.Lifetime","ProcessId":36800,"ProcessName":"Clean.Site","ThreadId":1,"ApplicationId":"08576e774ac196133407f48bb75449c37258f5a7","MachineName":"1C3-TEC-GJWGARY","Log4NetLevel":"INFO "}
{"@t":"2023-03-15T08:02:09.5364216Z","@mt":"Application started. Press Ctrl+C to shut down.","SourceContext":"Microsoft.Hosting.Lifetime","ProcessId":36800,"ProcessName":"Clean.Site","ThreadId":1,"ApplicationId":"08576e774ac196133407f48bb75449c37258f5a7","MachineName":"1C3-TEC-GJWGARY","Log4NetLevel":"INFO "}
{"@t":"2023-03-15T08:02:09.5365483Z","@mt":"Hosting environment: {EnvName}","EnvName":"Development","SourceContext":"Microsoft.Hosting.Lifetime","ProcessId":36800,"ProcessName":"Clean.Site","ThreadId":1,"ApplicationId":"08576e774ac196133407f48bb75449c37258f5a7","MachineName":"1C3-TEC-GJWGARY","Log4NetLevel":"INFO "}
{"@t":"2023-03-15T08:02:09.5365864Z","@mt":"Content root path: {ContentRoot}","ContentRoot":"C:\\Hadi\\Umbraco\\Clean\\Clean.Site","SourceContext":"Microsoft.Hosting.Lifetime","ProcessId":36800,"ProcessName":"Clean.Site","ThreadId":1,"ApplicationId":"08576e774ac196133407f48bb75449c37258f5a7","MachineName":"1C3-TEC-GJWGARY","Log4NetLevel":"INFO "}
{"@t":"2023-03-15T08:02:23.9033434Z","@mt":"No umbracoApplicationUrl for service (yet), skip.","@l":"Warning","SourceContext":"Umbraco.Cms.Infrastructure.HostedServices.ServerRegistration.TouchServerTask","ProcessId":36800,"ProcessName":"Clean.Site","ThreadId":18,"ApplicationId":"08576e774ac196133407f48bb75449c37258f5a7","MachineName":"1C3-TEC-GJWGARY","Log4NetLevel":"WARN "}
{"@t":"2023-03-15T08:03:27.5159346Z","@mt":"Registered with MainDom, localContentDbExists? {LocalContentDbExists}, localMediaDbExists? {LocalMediaDbExists}","LocalContentDbExists":true,"LocalMediaDbExists":true,"SourceContext":"Umbraco.Cms.Infrastructure.PublishedCache.PublishedSnapshotService","RequestId":"0HMP55EH59SN3:00000005","RequestPath":"/","ConnectionId":"0HMP55EH59SN3","ProcessId":36800,"ProcessName":"Clean.Site","ThreadId":20,"ApplicationId":"08576e774ac196133407f48bb75449c37258f5a7","MachineName":"1C3-TEC-GJWGARY","Log4NetLevel":"INFO ","HttpRequestId":"2d4f0567-402f-410b-a4e6-b7bba3f411f9","HttpRequestNumber":1,"HttpSessionId":"0"}
{"@t":"2023-03-15T08:03:27.5171462Z","@mt":"Creating the content store, localContentDbExists? {LocalContentDbExists}","LocalContentDbExists":true,"SourceContext":"Umbraco.Cms.Infrastructure.PublishedCache.PublishedSnapshotService","RequestId":"0HMP55EH59SN3:00000005","RequestPath":"/","ConnectionId":"0HMP55EH59SN3","ProcessId":36800,"ProcessName":"Clean.Site","ThreadId":20,"ApplicationId":"08576e774ac196133407f48bb75449c37258f5a7","MachineName":"1C3-TEC-GJWGARY","Log4NetLevel":"INFO ","HttpRequestId":"2d4f0567-402f-410b-a4e6-b7bba3f411f9","HttpRequestNumber":1,"HttpSessionId":"0"}
{"@t":"2023-03-15T08:03:27.5184276Z","@mt":"Creating the media store, localMediaDbExists? {LocalMediaDbExists}","LocalMediaDbExists":true,"SourceContext":"Umbraco.Cms.Infrastructure.PublishedCache.PublishedSnapshotService","RequestId":"0HMP55EH59SN3:00000005","RequestPath":"/","ConnectionId":"0HMP55EH59SN3","ProcessId":36800,"ProcessName":"Clean.Site","ThreadId":20,"ApplicationId":"08576e774ac196133407f48bb75449c37258f5a7","MachineName":"1C3-TEC-GJWGARY","Log4NetLevel":"INFO ","HttpRequestId":"2d4f0567-402f-410b-a4e6-b7bba3f411f9","HttpRequestNumber":1,"HttpSessionId":"0"}
{"@t":"2023-03-15T08:03:27.6690838Z","@mt":"{StartMessage} [Timing {TimingId}]","StartMessage":"Loading content from local cache file","TimingId":"881c92d","SourceContext":"Umbraco.Cms.Core.Logging.ProfilingLogger","RequestId":"0HMP55EH59SN3:00000005","RequestPath":"/","ConnectionId":"0HMP55EH59SN3","ProcessId":36800,"ProcessName":"Clean.Site","ThreadId":20,"ApplicationId":"08576e774ac196133407f48bb75449c37258f5a7","MachineName":"1C3-TEC-GJWGARY","Log4NetLevel":"INFO ","HttpRequestId":"2d4f0567-402f-410b-a4e6-b7bba3f411f9","HttpRequestNumber":1,"HttpSessionId":"0"}
{"@t":"2023-03-15T08:03:27.6846203Z","@mt":"{EndMessage} ({Duration}ms) [Timing {TimingId}]","EndMessage":"Completed.","Duration":15,"TimingId":"881c92d","SourceContext":"Umbraco.Cms.Core.Logging.ProfilingLogger","RequestId":"0HMP55EH59SN3:00000005","RequestPath":"/","ConnectionId":"0HMP55EH59SN3","ProcessId":36800,"ProcessName":"Clean.Site","ThreadId":20,"ApplicationId":"08576e774ac196133407f48bb75449c37258f5a7","MachineName":"1C3-TEC-GJWGARY","Log4NetLevel":"INFO ","HttpRequestId":"2d4f0567-402f-410b-a4e6-b7bba3f411f9","HttpRequestNumber":1,"HttpSessionId":"0"}
{"@t":"2023-03-15T08:03:27.6880058Z","@mt":"{StartMessage} [Timing {TimingId}]","StartMessage":"Loading media from local cache file","TimingId":"d2d23a9","SourceContext":"Umbraco.Cms.Core.Logging.ProfilingLogger","RequestId":"0HMP55EH59SN3:00000005","RequestPath":"/","ConnectionId":"0HMP55EH59SN3","ProcessId":36800,"ProcessName":"Clean.Site","ThreadId":20,"ApplicationId":"08576e774ac196133407f48bb75449c37258f5a7","MachineName":"1C3-TEC-GJWGARY","Log4NetLevel":"INFO ","HttpRequestId":"2d4f0567-402f-410b-a4e6-b7bba3f411f9","HttpRequestNumber":1,"HttpSessionId":"0"}
{"@t":"2023-03-15T08:03:27.6887180Z","@mt":"{EndMessage} ({Duration}ms) [Timing {TimingId}]","EndMessage":"Completed.","Duration":0,"TimingId":"d2d23a9","SourceContext":"Umbraco.Cms.Core.Logging.ProfilingLogger","RequestId":"0HMP55EH59SN3:00000005","RequestPath":"/","ConnectionId":"0HMP55EH59SN3","ProcessId":36800,"ProcessName":"Clean.Site","ThreadId":20,"ApplicationId":"08576e774ac196133407f48bb75449c37258f5a7","MachineName":"1C3-TEC-GJWGARY","Log4NetLevel":"INFO ","HttpRequestId":"2d4f0567-402f-410b-a4e6-b7bba3f411f9","HttpRequestNumber":1,"HttpSessionId":"0"}
{"@t":"2023-03-15T08:03:47.2995708Z","@mt":"Document {ContentName} (id={ContentId}) has been published.","ContentName":"Home","ContentId":1064,"SourceContext":"Umbraco.Cms.Core.Services.ContentService","ActionId":"f924958e-fbd6-469d-b19b-f9af5a30e83f","ActionName":"Umbraco.Cms.Web.BackOffice.Controllers.ContentController.PostSave (Umbraco.Web.BackOffice)","RequestId":"0HMP55EH59SN3:00000017","RequestPath":"/umbraco/backoffice/umbracoapi/content/PostSave","ConnectionId":"0HMP55EH59SN3","ProcessId":36800,"ProcessName":"Clean.Site","ThreadId":9,"ApplicationId":"08576e774ac196133407f48bb75449c37258f5a7","MachineName":"1C3-TEC-GJWGARY","Log4NetLevel":"INFO ","HttpRequestId":"9c88a36a-70f6-4166-86ab-1fe191f4c904","HttpRequestNumber":2,"HttpSessionId":"e38d609f-c94a-3108-6866-d82bb8cc0774"}
{"@t":"2023-03-15T08:03:47.4904118Z","@mt":"Adding examine event handlers for {RegisteredIndexers} index providers.","RegisteredIndexers":3,"SourceContext":"Umbraco.Cms.Infrastructure.Examine.ExamineUmbracoIndexingHandler","ActionId":"f924958e-fbd6-469d-b19b-f9af5a30e83f","ActionName":"Umbraco.Cms.Web.BackOffice.Controllers.ContentController.PostSave (Umbraco.Web.BackOffice)","RequestId":"0HMP55EH59SN3:00000017","RequestPath":"/umbraco/backoffice/umbracoapi/content/PostSave","ConnectionId":"0HMP55EH59SN3","ProcessId":36800,"ProcessName":"Clean.Site","ThreadId":9,"ApplicationId":"08576e774ac196133407f48bb75449c37258f5a7","MachineName":"1C3-TEC-GJWGARY","Log4NetLevel":"INFO ","HttpRequestId":"9c88a36a-70f6-4166-86ab-1fe191f4c904","HttpRequestNumber":2,"HttpSessionId":"e38d609f-c94a-3108-6866-d82bb8cc0774"}
{"@t":"2023-03-15T08:04:35.9247026Z","@mt":"An unhandled exception has occurred while executing the request.","@l":"Error","@x":"Microsoft.AspNetCore.Mvc.Razor.RuntimeCompilation.CompilationFailedException: One or more compilation failures occurred:\r\nC:\\Hadi\\Umbraco\\Clean\\Clean.Site\\Views\\Partials\\navigation.cshtml(20,118): error CS1061: 'Link' does not contain a definition for 'target' and no accessible extension method 'target' accepting a first argument of type 'Link' could be found (are you missing a using directive or an assembly reference?)\r\n   at Microsoft.AspNetCore.Mvc.Razor.RuntimeCompilation.RuntimeViewCompiler.CompileAndEmit(RazorCodeDocument codeDocument, String generatedCode)\r\n   at Microsoft.AspNetCore.Mvc.Razor.RuntimeCompilation.RuntimeViewCompiler.CompileAndEmit(String relativePath)\r\n   at Microsoft.AspNetCore.Mvc.Razor.RuntimeCompilation.RuntimeViewCompiler.OnCacheMiss(String normalizedPath)\r\n--- End of stack trace from previous location ---\r\n   at Microsoft.AspNetCore.Mvc.Razor.Compilation.DefaultRazorPageFactoryProvider.CreateFactory(String relativePath)\r\n   at Microsoft.AspNetCore.Mvc.Razor.RazorViewEngine.CreateCacheResult(HashSet`1 expirationTokens, String relativePath, Boolean isMainPage)\r\n   at Microsoft.AspNetCore.Mvc.Razor.RazorViewEngine.LocatePageFromPath(String executingFilePath, String pagePath, Boolean isMainPage)\r\n   at Microsoft.AspNetCore.Mvc.Razor.RazorViewEngine.GetView(String executingFilePath, String viewPath, Boolean isMainPage)\r\n   at Umbraco.Cms.Web.Website.ViewEngines.ProfilingViewEngine.GetView(String executingFilePath, String viewPath, Boolean isMainPage)\r\n   at Microsoft.AspNetCore.Mvc.ViewEngines.CompositeViewEngine.GetView(String executingFilePath, String viewPath, Boolean isMainPage)\r\n   at Microsoft.AspNetCore.Mvc.ViewFeatures.HtmlHelper.RenderPartialCoreAsync(String partialViewName, Object model, ViewDataDictionary viewData, TextWriter writer)\r\n   at Microsoft.AspNetCore.Mvc.ViewFeatures.HtmlHelper.PartialAsync(String partialViewName, Object model, ViewDataDictionary viewData)\r\n   at AspNetCore.Views_Master.<ExecuteAsync>b__22_1() in C:\\Hadi\\Umbraco\\Clean\\Clean.Site\\Views\\Master.cshtml:line 20\r\n   at Microsoft.AspNetCore.Razor.Runtime.TagHelpers.TagHelperExecutionContext.SetOutputContentAsync()\r\n   at AspNetCore.Views_Master.ExecuteAsync() in C:\\Hadi\\Umbraco\\Clean\\Clean.Site\\Views\\Master.cshtml:line 4\r\n   at Microsoft.AspNetCore.Mvc.Razor.RazorView.RenderPageCoreAsync(IRazorPage page, ViewContext context)\r\n   at Microsoft.AspNetCore.Mvc.Razor.RazorView.RenderPageAsync(IRazorPage page, ViewContext context, Boolean invokeViewStarts)\r\n   at Microsoft.AspNetCore.Mvc.Razor.RazorView.RenderLayoutAsync(ViewContext context, ViewBufferTextWriter bodyWriter)\r\n   at Microsoft.AspNetCore.Mvc.Razor.RazorView.RenderAsync(ViewContext context)\r\n   at Microsoft.AspNetCore.Mvc.ViewFeatures.ViewExecutor.ExecuteAsync(ViewContext viewContext, String contentType, Nullable`1 statusCode)\r\n   at Microsoft.AspNetCore.Mvc.ViewFeatures.ViewExecutor.ExecuteAsync(ViewContext viewContext, String contentType, Nullable`1 statusCode)\r\n   at Microsoft.AspNetCore.Mvc.ViewFeatures.ViewExecutor.ExecuteAsync(ActionContext actionContext, IView view, ViewDataDictionary viewData, ITempDataDictionary tempData, String contentType, Nullable`1 statusCode)\r\n   at Microsoft.AspNetCore.Mvc.ViewFeatures.ViewResultExecutor.ExecuteAsync(ActionContext context, ViewResult result)\r\n   at Microsoft.AspNetCore.Mvc.ViewResult.ExecuteResultAsync(ActionContext context)\r\n   at Microsoft.AspNetCore.Mvc.Infrastructure.ResourceInvoker.<InvokeNextResultFilterAsync>g__Awaited|30_0[TFilter,TFilterAsync](ResourceInvoker invoker, Task lastTask, State next, Scope scope, Object state, Boolean isCompleted)\r\n   at Microsoft.AspNetCore.Mvc.Infrastructure.ResourceInvoker.Rethrow(ResultExecutedContextSealed context)\r\n   at Microsoft.AspNetCore.Mvc.Infrastructure.ResourceInvoker.ResultNext[TFilter,TFilterAsync](State& next, Scope& scope, Object& state, Boolean& isCompleted)\r\n   at Microsoft.AspNetCore.Mvc.Infrastructure.ResourceInvoker.InvokeResultFilters()\r\n--- End of stack trace from previous location ---\r\n   at Microsoft.AspNetCore.Mvc.Infrastructure.ResourceInvoker.<InvokeNextResourceFilter>g__Awaited|25_0(ResourceInvoker invoker, Task lastTask, State next, Scope scope, Object state, Boolean isCompleted)\r\n   at Microsoft.AspNetCore.Mvc.Infrastructure.ResourceInvoker.Rethrow(ResourceExecutedContextSealed context)\r\n   at Microsoft.AspNetCore.Mvc.Infrastructure.ResourceInvoker.Next(State& next, Scope& scope, Object& state, Boolean& isCompleted)\r\n   at Microsoft.AspNetCore.Mvc.Infrastructure.ResourceInvoker.InvokeFilterPipelineAsync()\r\n--- End of stack trace from previous location ---\r\n   at Microsoft.AspNetCore.Mvc.Infrastructure.ResourceInvoker.<InvokeAsync>g__Awaited|17_0(ResourceInvoker invoker, Task task, IDisposable scope)\r\n   at Microsoft.AspNetCore.Mvc.Infrastructure.ResourceInvoker.<InvokeAsync>g__Awaited|17_0(ResourceInvoker invoker, Task task, IDisposable scope)\r\n   at Microsoft.AspNetCore.Routing.EndpointMiddleware.<Invoke>g__AwaitRequestTask|6_0(Endpoint endpoint, Task requestTask, ILogger logger)\r\n   at Umbraco.Cms.Web.Common.Middleware.BasicAuthenticationMiddleware.InvokeAsync(HttpContext context, RequestDelegate next)\r\n   at Microsoft.AspNetCore.Builder.UseMiddlewareExtensions.<>c__DisplayClass6_1.<<UseMiddlewareInterface>b__1>d.MoveNext()\r\n--- End of stack trace from previous location ---\r\n   at Umbraco.Cms.Web.BackOffice.Middleware.BackOfficeExternalLoginProviderErrorMiddleware.InvokeAsync(HttpContext context, RequestDelegate next)\r\n   at Microsoft.AspNetCore.Builder.UseMiddlewareExtensions.<>c__DisplayClass6_1.<<UseMiddlewareInterface>b__1>d.MoveNext()\r\n--- End of stack trace from previous location ---\r\n   at Microsoft.AspNetCore.Session.SessionMiddleware.Invoke(HttpContext context)\r\n   at Microsoft.AspNetCore.Session.SessionMiddleware.Invoke(HttpContext context)\r\n   at Microsoft.AspNetCore.Localization.RequestLocalizationMiddleware.Invoke(HttpContext context)\r\n   at Microsoft.AspNetCore.Authorization.AuthorizationMiddleware.Invoke(HttpContext context)\r\n   at Microsoft.AspNetCore.Authentication.AuthenticationMiddleware.Invoke(HttpContext context)\r\n   at StackExchange.Profiling.MiniProfilerMiddleware.Invoke(HttpContext context) in C:\\projects\\dotnet\\src\\MiniProfiler.AspNetCore\\MiniProfilerMiddleware.cs:line 119\r\n   at Umbraco.Cms.Web.Common.Middleware.UmbracoRequestMiddleware.InvokeAsync(HttpContext context, RequestDelegate next)\r\n   at Umbraco.Cms.Web.Common.Middleware.UmbracoRequestMiddleware.InvokeAsync(HttpContext context, RequestDelegate next)\r\n   at Microsoft.AspNetCore.Builder.UseMiddlewareExtensions.<>c__DisplayClass6_1.<<UseMiddlewareInterface>b__1>d.MoveNext()\r\n--- End of stack trace from previous location ---\r\n   at Umbraco.Cms.Web.Common.Middleware.PreviewAuthenticationMiddleware.InvokeAsync(HttpContext context, RequestDelegate next)\r\n   at Microsoft.AspNetCore.Builder.UseMiddlewareExtensions.<>c__DisplayClass6_1.<<UseMiddlewareInterface>b__1>d.MoveNext()\r\n--- End of stack trace from previous location ---\r\n   at Umbraco.Cms.Web.Common.Middleware.UmbracoRequestLoggingMiddleware.InvokeAsync(HttpContext context, RequestDelegate next)\r\n   at Microsoft.AspNetCore.Builder.UseMiddlewareExtensions.<>c__DisplayClass6_1.<<UseMiddlewareInterface>b__1>d.MoveNext()\r\n--- End of stack trace from previous location ---\r\n   at SixLabors.ImageSharp.Web.Middleware.ImageSharpMiddleware.Invoke(HttpContext httpContext, Boolean retry)\r\n   at Microsoft.AspNetCore.Diagnostics.DeveloperExceptionPageMiddlewareImpl.Invoke(HttpContext context)","EventId":{"Id":1,"Name":"UnhandledException"},"SourceContext":"Microsoft.AspNetCore.Diagnostics.DeveloperExceptionPageMiddleware","RequestId":"0HMP55EH59SN3:00000037","RequestPath":"/","ConnectionId":"0HMP55EH59SN3","ProcessId":36800,"ProcessName":"Clean.Site","ThreadId":23,"ApplicationId":"08576e774ac196133407f48bb75449c37258f5a7","MachineName":"1C3-TEC-GJWGARY","Log4NetLevel":"ERROR"}
{"@t":"2023-03-15T08:05:17.6013206Z","@mt":"Document {ContentName} (id={ContentId}) has been published.","ContentName":"Home","ContentId":1064,"SourceContext":"Umbraco.Cms.Core.Services.ContentService","ActionId":"f924958e-fbd6-469d-b19b-f9af5a30e83f","ActionName":"Umbraco.Cms.Web.BackOffice.Controllers.ContentController.PostSave (Umbraco.Web.BackOffice)","RequestId":"0HMP55EH59SN3:0000005F","RequestPath":"/umbraco/backoffice/umbracoapi/content/PostSave","ConnectionId":"0HMP55EH59SN3","ProcessId":36800,"ProcessName":"Clean.Site","ThreadId":24,"ApplicationId":"08576e774ac196133407f48bb75449c37258f5a7","MachineName":"1C3-TEC-GJWGARY","Log4NetLevel":"INFO ","HttpRequestId":"3afa17db-e4b3-402d-97b2-cd9843dacb35","HttpRequestNumber":3,"HttpSessionId":"d6d09c00-a91f-8ad1-d6ca-c7be798ee6f8"}
{"@t":"2023-03-15T08:14:56.2861257Z","@mt":"Acquiring MainDom.","SourceContext":"Umbraco.Cms.Core.Runtime.MainDom","ProcessId":36436,"ProcessName":"Clean.Site","ThreadId":1,"ApplicationId":"08576e774ac196133407f48bb75449c37258f5a7","MachineName":"1C3-TEC-GJWGARY","Log4NetLevel":"INFO "}
{"@t":"2023-03-15T08:14:56.2925064Z","@mt":"Acquired MainDom.","SourceContext":"Umbraco.Cms.Core.Runtime.MainDom","ProcessId":36436,"ProcessName":"Clean.Site","ThreadId":1,"ApplicationId":"08576e774ac196133407f48bb75449c37258f5a7","MachineName":"1C3-TEC-GJWGARY","Log4NetLevel":"INFO "}
{"@t":"2023-03-15T08:14:57.0067814Z","@mt":"Now listening on: {address}","address":"https://localhost:44365","EventId":{"Id":14,"Name":"ListeningOnAddress"},"SourceContext":"Microsoft.Hosting.Lifetime","ProcessId":36436,"ProcessName":"Clean.Site","ThreadId":1,"ApplicationId":"08576e774ac196133407f48bb75449c37258f5a7","MachineName":"1C3-TEC-GJWGARY","Log4NetLevel":"INFO "}
{"@t":"2023-03-15T08:14:57.0073943Z","@mt":"Now listening on: {address}","address":"http://localhost:43116","EventId":{"Id":14,"Name":"ListeningOnAddress"},"SourceContext":"Microsoft.Hosting.Lifetime","ProcessId":36436,"ProcessName":"Clean.Site","ThreadId":1,"ApplicationId":"08576e774ac196133407f48bb75449c37258f5a7","MachineName":"1C3-TEC-GJWGARY","Log4NetLevel":"INFO "}
{"@t":"2023-03-15T08:14:57.0095826Z","@mt":"Application started. Press Ctrl+C to shut down.","SourceContext":"Microsoft.Hosting.Lifetime","ProcessId":36436,"ProcessName":"Clean.Site","ThreadId":1,"ApplicationId":"08576e774ac196133407f48bb75449c37258f5a7","MachineName":"1C3-TEC-GJWGARY","Log4NetLevel":"INFO "}
{"@t":"2023-03-15T08:14:57.0096349Z","@mt":"Hosting environment: {EnvName}","EnvName":"Development","SourceContext":"Microsoft.Hosting.Lifetime","ProcessId":36436,"ProcessName":"Clean.Site","ThreadId":1,"ApplicationId":"08576e774ac196133407f48bb75449c37258f5a7","MachineName":"1C3-TEC-GJWGARY","Log4NetLevel":"INFO "}
{"@t":"2023-03-15T08:14:57.0096548Z","@mt":"Content root path: {ContentRoot}","ContentRoot":"C:\\Hadi\\Umbraco\\Clean\\Clean.Site","SourceContext":"Microsoft.Hosting.Lifetime","ProcessId":36436,"ProcessName":"Clean.Site","ThreadId":1,"ApplicationId":"08576e774ac196133407f48bb75449c37258f5a7","MachineName":"1C3-TEC-GJWGARY","Log4NetLevel":"INFO "}
{"@t":"2023-03-15T08:18:58.1367426Z","@mt":"Registered with MainDom, localContentDbExists? {LocalContentDbExists}, localMediaDbExists? {LocalMediaDbExists}","LocalContentDbExists":true,"LocalMediaDbExists":true,"SourceContext":"Umbraco.Cms.Infrastructure.PublishedCache.PublishedSnapshotService","ActionId":"c9e259d4-8483-4a45-bd3f-9ecd6c373cb7","ActionName":"Umbraco.Cms.Web.BackOffice.Controllers.ContentTypeController.PostSave (Umbraco.Web.BackOffice)","RequestId":"0HMP55LFN4FSF:000000CF","RequestPath":"/umbraco/backoffice/umbracoapi/contenttype/PostSave","ConnectionId":"0HMP55LFN4FSF","ProcessId":36436,"ProcessName":"Clean.Site","ThreadId":21,"ApplicationId":"08576e774ac196133407f48bb75449c37258f5a7","MachineName":"1C3-TEC-GJWGARY","Log4NetLevel":"INFO ","HttpRequestId":"65d6aee5-81b9-48f7-a0f1-868d14ea466f","HttpRequestNumber":1,"HttpSessionId":"f785f995-f95d-8b44-c760-64a9d9f97971"}
{"@t":"2023-03-15T08:18:58.1387716Z","@mt":"Creating the content store, localContentDbExists? {LocalContentDbExists}","LocalContentDbExists":true,"SourceContext":"Umbraco.Cms.Infrastructure.PublishedCache.PublishedSnapshotService","ActionId":"c9e259d4-8483-4a45-bd3f-9ecd6c373cb7","ActionName":"Umbraco.Cms.Web.BackOffice.Controllers.ContentTypeController.PostSave (Umbraco.Web.BackOffice)","RequestId":"0HMP55LFN4FSF:000000CF","RequestPath":"/umbraco/backoffice/umbracoapi/contenttype/PostSave","ConnectionId":"0HMP55LFN4FSF","ProcessId":36436,"ProcessName":"Clean.Site","ThreadId":21,"ApplicationId":"08576e774ac196133407f48bb75449c37258f5a7","MachineName":"1C3-TEC-GJWGARY","Log4NetLevel":"INFO ","HttpRequestId":"65d6aee5-81b9-48f7-a0f1-868d14ea466f","HttpRequestNumber":1,"HttpSessionId":"f785f995-f95d-8b44-c760-64a9d9f97971"}
{"@t":"2023-03-15T08:18:58.1401701Z","@mt":"Creating the media store, localMediaDbExists? {LocalMediaDbExists}","LocalMediaDbExists":true,"SourceContext":"Umbraco.Cms.Infrastructure.PublishedCache.PublishedSnapshotService","ActionId":"c9e259d4-8483-4a45-bd3f-9ecd6c373cb7","ActionName":"Umbraco.Cms.Web.BackOffice.Controllers.ContentTypeController.PostSave (Umbraco.Web.BackOffice)","RequestId":"0HMP55LFN4FSF:000000CF","RequestPath":"/umbraco/backoffice/umbracoapi/contenttype/PostSave","ConnectionId":"0HMP55LFN4FSF","ProcessId":36436,"ProcessName":"Clean.Site","ThreadId":21,"ApplicationId":"08576e774ac196133407f48bb75449c37258f5a7","MachineName":"1C3-TEC-GJWGARY","Log4NetLevel":"INFO ","HttpRequestId":"65d6aee5-81b9-48f7-a0f1-868d14ea466f","HttpRequestNumber":1,"HttpSessionId":"f785f995-f95d-8b44-c760-64a9d9f97971"}
{"@t":"2023-03-15T08:18:58.1551894Z","@mt":"{StartMessage} [Timing {TimingId}]","StartMessage":"Loading content from local cache file","TimingId":"9316421","SourceContext":"Umbraco.Cms.Core.Logging.ProfilingLogger","ActionId":"c9e259d4-8483-4a45-bd3f-9ecd6c373cb7","ActionName":"Umbraco.Cms.Web.BackOffice.Controllers.ContentTypeController.PostSave (Umbraco.Web.BackOffice)","RequestId":"0HMP55LFN4FSF:000000CF","RequestPath":"/umbraco/backoffice/umbracoapi/contenttype/PostSave","ConnectionId":"0HMP55LFN4FSF","ProcessId":36436,"ProcessName":"Clean.Site","ThreadId":21,"ApplicationId":"08576e774ac196133407f48bb75449c37258f5a7","MachineName":"1C3-TEC-GJWGARY","Log4NetLevel":"INFO ","HttpRequestId":"65d6aee5-81b9-48f7-a0f1-868d14ea466f","HttpRequestNumber":1,"HttpSessionId":"f785f995-f95d-8b44-c760-64a9d9f97971"}
{"@t":"2023-03-15T08:18:58.1696773Z","@mt":"{EndMessage} ({Duration}ms) [Timing {TimingId}]","EndMessage":"Completed.","Duration":14,"TimingId":"9316421","SourceContext":"Umbraco.Cms.Core.Logging.ProfilingLogger","ActionId":"c9e259d4-8483-4a45-bd3f-9ecd6c373cb7","ActionName":"Umbraco.Cms.Web.BackOffice.Controllers.ContentTypeController.PostSave (Umbraco.Web.BackOffice)","RequestId":"0HMP55LFN4FSF:000000CF","RequestPath":"/umbraco/backoffice/umbracoapi/contenttype/PostSave","ConnectionId":"0HMP55LFN4FSF","ProcessId":36436,"ProcessName":"Clean.Site","ThreadId":21,"ApplicationId":"08576e774ac196133407f48bb75449c37258f5a7","MachineName":"1C3-TEC-GJWGARY","Log4NetLevel":"INFO ","HttpRequestId":"65d6aee5-81b9-48f7-a0f1-868d14ea466f","HttpRequestNumber":1,"HttpSessionId":"f785f995-f95d-8b44-c760-64a9d9f97971"}
{"@t":"2023-03-15T08:18:58.1722051Z","@mt":"{StartMessage} [Timing {TimingId}]","StartMessage":"Loading media from local cache file","TimingId":"18d4378","SourceContext":"Umbraco.Cms.Core.Logging.ProfilingLogger","ActionId":"c9e259d4-8483-4a45-bd3f-9ecd6c373cb7","ActionName":"Umbraco.Cms.Web.BackOffice.Controllers.ContentTypeController.PostSave (Umbraco.Web.BackOffice)","RequestId":"0HMP55LFN4FSF:000000CF","RequestPath":"/umbraco/backoffice/umbracoapi/contenttype/PostSave","ConnectionId":"0HMP55LFN4FSF","ProcessId":36436,"ProcessName":"Clean.Site","ThreadId":21,"ApplicationId":"08576e774ac196133407f48bb75449c37258f5a7","MachineName":"1C3-TEC-GJWGARY","Log4NetLevel":"INFO ","HttpRequestId":"65d6aee5-81b9-48f7-a0f1-868d14ea466f","HttpRequestNumber":1,"HttpSessionId":"f785f995-f95d-8b44-c760-64a9d9f97971"}
{"@t":"2023-03-15T08:18:58.1731860Z","@mt":"{EndMessage} ({Duration}ms) [Timing {TimingId}]","EndMessage":"Completed.","Duration":0,"TimingId":"18d4378","SourceContext":"Umbraco.Cms.Core.Logging.ProfilingLogger","ActionId":"c9e259d4-8483-4a45-bd3f-9ecd6c373cb7","ActionName":"Umbraco.Cms.Web.BackOffice.Controllers.ContentTypeController.PostSave (Umbraco.Web.BackOffice)","RequestId":"0HMP55LFN4FSF:000000CF","RequestPath":"/umbraco/backoffice/umbracoapi/contenttype/PostSave","ConnectionId":"0HMP55LFN4FSF","ProcessId":36436,"ProcessName":"Clean.Site","ThreadId":21,"ApplicationId":"08576e774ac196133407f48bb75449c37258f5a7","MachineName":"1C3-TEC-GJWGARY","Log4NetLevel":"INFO ","HttpRequestId":"65d6aee5-81b9-48f7-a0f1-868d14ea466f","HttpRequestNumber":1,"HttpSessionId":"f785f995-f95d-8b44-c760-64a9d9f97971"}
{"@t":"2023-03-15T08:18:58.1840246Z","@mt":"Adding examine event handlers for {RegisteredIndexers} index providers.","RegisteredIndexers":3,"SourceContext":"Umbraco.Cms.Infrastructure.Examine.ExamineUmbracoIndexingHandler","ActionId":"c9e259d4-8483-4a45-bd3f-9ecd6c373cb7","ActionName":"Umbraco.Cms.Web.BackOffice.Controllers.ContentTypeController.PostSave (Umbraco.Web.BackOffice)","RequestId":"0HMP55LFN4FSF:000000CF","RequestPath":"/umbraco/backoffice/umbracoapi/contenttype/PostSave","ConnectionId":"0HMP55LFN4FSF","ProcessId":36436,"ProcessName":"Clean.Site","ThreadId":21,"ApplicationId":"08576e774ac196133407f48bb75449c37258f5a7","MachineName":"1C3-TEC-GJWGARY","Log4NetLevel":"INFO ","HttpRequestId":"65d6aee5-81b9-48f7-a0f1-868d14ea466f","HttpRequestNumber":1,"HttpSessionId":"f785f995-f95d-8b44-c760-64a9d9f97971"}
{"@t":"2023-03-15T08:24:12.8902490Z","@mt":"Document {ContentName} (id={ContentId}) has been published.","ContentName":"Home","ContentId":1064,"SourceContext":"Umbraco.Cms.Core.Services.ContentService","ActionId":"bf0812e1-a5db-403d-b359-dc83c1f4b7b6","ActionName":"Umbraco.Cms.Web.BackOffice.Controllers.ContentController.PostSave (Umbraco.Web.BackOffice)","RequestId":"0HMP55LFN4FSF:00000185","RequestPath":"/umbraco/backoffice/umbracoapi/content/PostSave","ConnectionId":"0HMP55LFN4FSF","ProcessId":36436,"ProcessName":"Clean.Site","ThreadId":33,"ApplicationId":"08576e774ac196133407f48bb75449c37258f5a7","MachineName":"1C3-TEC-GJWGARY","Log4NetLevel":"INFO ","HttpRequestId":"acaa5107-0ed9-4b40-9453-f6480319dafb","HttpRequestNumber":2,"HttpSessionId":"96c752b0-2b00-60c9-2167-d4b4503fdb0a"}
{"@t":"2023-03-15T08:29:20.7714869Z","@mt":"Document {ContentName} (id={ContentId}) has been published.","ContentName":"Home","ContentId":1064,"SourceContext":"Umbraco.Cms.Core.Services.ContentService","ActionId":"bf0812e1-a5db-403d-b359-dc83c1f4b7b6","ActionName":"Umbraco.Cms.Web.BackOffice.Controllers.ContentController.PostSave (Umbraco.Web.BackOffice)","RequestId":"0HMP55LFN4FSF:00000237","RequestPath":"/umbraco/backoffice/umbracoapi/content/PostSave","ConnectionId":"0HMP55LFN4FSF","ProcessId":36436,"ProcessName":"Clean.Site","ThreadId":26,"ApplicationId":"08576e774ac196133407f48bb75449c37258f5a7","MachineName":"1C3-TEC-GJWGARY","Log4NetLevel":"INFO ","HttpRequestId":"f9c98588-d74a-4d0a-95eb-38aff76837cc","HttpRequestNumber":3,"HttpSessionId":"5f95d9ec-6856-3f79-17da-8c6877f2a205"}
{"@t":"2023-03-15T08:29:39.1936777Z","@mt":"Acquiring MainDom.","SourceContext":"Umbraco.Cms.Core.Runtime.MainDom","ProcessId":22012,"ProcessName":"Clean.Site","ThreadId":1,"ApplicationId":"08576e774ac196133407f48bb75449c37258f5a7","MachineName":"1C3-TEC-GJWGARY","Log4NetLevel":"INFO "}
{"@t":"2023-03-15T08:29:39.2044601Z","@mt":"Acquired MainDom.","SourceContext":"Umbraco.Cms.Core.Runtime.MainDom","ProcessId":22012,"ProcessName":"Clean.Site","ThreadId":1,"ApplicationId":"08576e774ac196133407f48bb75449c37258f5a7","MachineName":"1C3-TEC-GJWGARY","Log4NetLevel":"INFO "}
{"@t":"2023-03-15T08:29:40.1767598Z","@mt":"Now listening on: {address}","address":"https://localhost:44365","EventId":{"Id":14,"Name":"ListeningOnAddress"},"SourceContext":"Microsoft.Hosting.Lifetime","ProcessId":22012,"ProcessName":"Clean.Site","ThreadId":1,"ApplicationId":"08576e774ac196133407f48bb75449c37258f5a7","MachineName":"1C3-TEC-GJWGARY","Log4NetLevel":"INFO "}
{"@t":"2023-03-15T08:29:40.1773566Z","@mt":"Now listening on: {address}","address":"http://localhost:43116","EventId":{"Id":14,"Name":"ListeningOnAddress"},"SourceContext":"Microsoft.Hosting.Lifetime","ProcessId":22012,"ProcessName":"Clean.Site","ThreadId":1,"ApplicationId":"08576e774ac196133407f48bb75449c37258f5a7","MachineName":"1C3-TEC-GJWGARY","Log4NetLevel":"INFO "}
{"@t":"2023-03-15T08:29:40.1814431Z","@mt":"Application started. Press Ctrl+C to shut down.","SourceContext":"Microsoft.Hosting.Lifetime","ProcessId":22012,"ProcessName":"Clean.Site","ThreadId":1,"ApplicationId":"08576e774ac196133407f48bb75449c37258f5a7","MachineName":"1C3-TEC-GJWGARY","Log4NetLevel":"INFO "}
{"@t":"2023-03-15T08:29:40.1815327Z","@mt":"Hosting environment: {EnvName}","EnvName":"Development","SourceContext":"Microsoft.Hosting.Lifetime","ProcessId":22012,"ProcessName":"Clean.Site","ThreadId":1,"ApplicationId":"08576e774ac196133407f48bb75449c37258f5a7","MachineName":"1C3-TEC-GJWGARY","Log4NetLevel":"INFO "}
{"@t":"2023-03-15T08:29:40.1815573Z","@mt":"Content root path: {ContentRoot}","ContentRoot":"C:\\Hadi\\Umbraco\\Clean\\Clean.Site","SourceContext":"Microsoft.Hosting.Lifetime","ProcessId":22012,"ProcessName":"Clean.Site","ThreadId":1,"ApplicationId":"08576e774ac196133407f48bb75449c37258f5a7","MachineName":"1C3-TEC-GJWGARY","Log4NetLevel":"INFO "}
{"@t":"2023-03-15T08:33:13.8174387Z","@mt":"Registered with MainDom, localContentDbExists? {LocalContentDbExists}, localMediaDbExists? {LocalMediaDbExists}","LocalContentDbExists":true,"LocalMediaDbExists":true,"SourceContext":"Umbraco.Cms.Infrastructure.PublishedCache.PublishedSnapshotService","RequestId":"0HMP55TLPLBA6:00000141","RequestPath":"/contact/","ConnectionId":"0HMP55TLPLBA6","ProcessId":22012,"ProcessName":"Clean.Site","ThreadId":23,"ApplicationId":"08576e774ac196133407f48bb75449c37258f5a7","MachineName":"1C3-TEC-GJWGARY","Log4NetLevel":"INFO ","HttpRequestId":"d746bd7b-09bc-4a11-8ff3-f2616e547690","HttpRequestNumber":1,"HttpSessionId":"0"}
{"@t":"2023-03-15T08:33:13.8185428Z","@mt":"Creating the content store, localContentDbExists? {LocalContentDbExists}","LocalContentDbExists":true,"SourceContext":"Umbraco.Cms.Infrastructure.PublishedCache.PublishedSnapshotService","RequestId":"0HMP55TLPLBA6:00000141","RequestPath":"/contact/","ConnectionId":"0HMP55TLPLBA6","ProcessId":22012,"ProcessName":"Clean.Site","ThreadId":23,"ApplicationId":"08576e774ac196133407f48bb75449c37258f5a7","MachineName":"1C3-TEC-GJWGARY","Log4NetLevel":"INFO ","HttpRequestId":"d746bd7b-09bc-4a11-8ff3-f2616e547690","HttpRequestNumber":1,"HttpSessionId":"0"}
{"@t":"2023-03-15T08:33:13.8196805Z","@mt":"Creating the media store, localMediaDbExists? {LocalMediaDbExists}","LocalMediaDbExists":true,"SourceContext":"Umbraco.Cms.Infrastructure.PublishedCache.PublishedSnapshotService","RequestId":"0HMP55TLPLBA6:00000141","RequestPath":"/contact/","ConnectionId":"0HMP55TLPLBA6","ProcessId":22012,"ProcessName":"Clean.Site","ThreadId":23,"ApplicationId":"08576e774ac196133407f48bb75449c37258f5a7","MachineName":"1C3-TEC-GJWGARY","Log4NetLevel":"INFO ","HttpRequestId":"d746bd7b-09bc-4a11-8ff3-f2616e547690","HttpRequestNumber":1,"HttpSessionId":"0"}
{"@t":"2023-03-15T08:33:13.8539179Z","@mt":"{StartMessage} [Timing {TimingId}]","StartMessage":"Loading content from local cache file","TimingId":"c79b915","SourceContext":"Umbraco.Cms.Core.Logging.ProfilingLogger","RequestId":"0HMP55TLPLBA6:00000141","RequestPath":"/contact/","ConnectionId":"0HMP55TLPLBA6","ProcessId":22012,"ProcessName":"Clean.Site","ThreadId":23,"ApplicationId":"08576e774ac196133407f48bb75449c37258f5a7","MachineName":"1C3-TEC-GJWGARY","Log4NetLevel":"INFO ","HttpRequestId":"d746bd7b-09bc-4a11-8ff3-f2616e547690","HttpRequestNumber":1,"HttpSessionId":"0"}
{"@t":"2023-03-15T08:33:13.8703562Z","@mt":"{EndMessage} ({Duration}ms) [Timing {TimingId}]","EndMessage":"Completed.","Duration":16,"TimingId":"c79b915","SourceContext":"Umbraco.Cms.Core.Logging.ProfilingLogger","RequestId":"0HMP55TLPLBA6:00000141","RequestPath":"/contact/","ConnectionId":"0HMP55TLPLBA6","ProcessId":22012,"ProcessName":"Clean.Site","ThreadId":23,"ApplicationId":"08576e774ac196133407f48bb75449c37258f5a7","MachineName":"1C3-TEC-GJWGARY","Log4NetLevel":"INFO ","HttpRequestId":"d746bd7b-09bc-4a11-8ff3-f2616e547690","HttpRequestNumber":1,"HttpSessionId":"0"}
{"@t":"2023-03-15T08:33:13.8856186Z","@mt":"{StartMessage} [Timing {TimingId}]","StartMessage":"Loading media from local cache file","TimingId":"5b78692","SourceContext":"Umbraco.Cms.Core.Logging.ProfilingLogger","RequestId":"0HMP55TLPLBA6:00000141","RequestPath":"/contact/","ConnectionId":"0HMP55TLPLBA6","ProcessId":22012,"ProcessName":"Clean.Site","ThreadId":23,"ApplicationId":"08576e774ac196133407f48bb75449c37258f5a7","MachineName":"1C3-TEC-GJWGARY","Log4NetLevel":"INFO ","HttpRequestId":"d746bd7b-09bc-4a11-8ff3-f2616e547690","HttpRequestNumber":1,"HttpSessionId":"0"}
{"@t":"2023-03-15T08:33:13.8862721Z","@mt":"{EndMessage} ({Duration}ms) [Timing {TimingId}]","EndMessage":"Completed.","Duration":0,"TimingId":"5b78692","SourceContext":"Umbraco.Cms.Core.Logging.ProfilingLogger","RequestId":"0HMP55TLPLBA6:00000141","RequestPath":"/contact/","ConnectionId":"0HMP55TLPLBA6","ProcessId":22012,"ProcessName":"Clean.Site","ThreadId":23,"ApplicationId":"08576e774ac196133407f48bb75449c37258f5a7","MachineName":"1C3-TEC-GJWGARY","Log4NetLevel":"INFO ","HttpRequestId":"d746bd7b-09bc-4a11-8ff3-f2616e547690","HttpRequestNumber":1,"HttpSessionId":"0"}
{"@t":"2023-03-15T08:33:16.6882536Z","@mt":"An unhandled exception has occurred while executing the request.","@l":"Error","@x":"Microsoft.AspNetCore.Mvc.Razor.RuntimeCompilation.CompilationFailedException: One or more compilation failures occurred:\r\nC:\\Hadi\\Umbraco\\Clean\\Clean.Site\\Views\\Partials\\navigation.cshtml(20,99): error CS1061: 'BlockListItem' does not contain a definition for 'Link' and no accessible extension method 'Link' accepting a first argument of type 'BlockListItem' could be found (are you missing a using directive or an assembly reference?)\r\nC:\\Hadi\\Umbraco\\Clean\\Clean.Site\\Views\\Partials\\navigation.cshtml(20,123): error CS1061: 'BlockListItem' does not contain a definition for 'Link' and no accessible extension method 'Link' accepting a first argument of type 'BlockListItem' could be found (are you missing a using directive or an assembly reference?)\r\nC:\\Hadi\\Umbraco\\Clean\\Clean.Site\\Views\\Partials\\navigation.cshtml(20,143): error CS1061: 'BlockListItem' does not contain a definition for 'Link' and no accessible extension method 'Link' accepting a first argument of type 'BlockListItem' could be found (are you missing a using directive or an assembly reference?)\r\n   at Microsoft.AspNetCore.Mvc.Razor.RuntimeCompilation.RuntimeViewCompiler.CompileAndEmit(RazorCodeDocument codeDocument, String generatedCode)\r\n   at Microsoft.AspNetCore.Mvc.Razor.RuntimeCompilation.RuntimeViewCompiler.CompileAndEmit(String relativePath)\r\n   at Microsoft.AspNetCore.Mvc.Razor.RuntimeCompilation.RuntimeViewCompiler.OnCacheMiss(String normalizedPath)\r\n--- End of stack trace from previous location ---\r\n   at Microsoft.AspNetCore.Mvc.Razor.Compilation.DefaultRazorPageFactoryProvider.CreateFactory(String relativePath)\r\n   at Microsoft.AspNetCore.Mvc.Razor.RazorViewEngine.CreateCacheResult(HashSet`1 expirationTokens, String relativePath, Boolean isMainPage)\r\n   at Microsoft.AspNetCore.Mvc.Razor.RazorViewEngine.LocatePageFromPath(String executingFilePath, String pagePath, Boolean isMainPage)\r\n   at Microsoft.AspNetCore.Mvc.Razor.RazorViewEngine.GetView(String executingFilePath, String viewPath, Boolean isMainPage)\r\n   at Umbraco.Cms.Web.Website.ViewEngines.ProfilingViewEngine.GetView(String executingFilePath, String viewPath, Boolean isMainPage)\r\n   at Microsoft.AspNetCore.Mvc.ViewEngines.CompositeViewEngine.GetView(String executingFilePath, String viewPath, Boolean isMainPage)\r\n   at Microsoft.AspNetCore.Mvc.ViewFeatures.HtmlHelper.RenderPartialCoreAsync(String partialViewName, Object model, ViewDataDictionary viewData, TextWriter writer)\r\n   at Microsoft.AspNetCore.Mvc.ViewFeatures.HtmlHelper.PartialAsync(String partialViewName, Object model, ViewDataDictionary viewData)\r\n   at AspNetCore.Views_Master.<ExecuteAsync>b__22_1() in C:\\Hadi\\Umbraco\\Clean\\Clean.Site\\Views\\Master.cshtml:line 20\r\n   at Microsoft.AspNetCore.Razor.Runtime.TagHelpers.TagHelperExecutionContext.SetOutputContentAsync()\r\n   at AspNetCore.Views_Master.ExecuteAsync() in C:\\Hadi\\Umbraco\\Clean\\Clean.Site\\Views\\Master.cshtml:line 4\r\n   at Microsoft.AspNetCore.Mvc.Razor.RazorView.RenderPageCoreAsync(IRazorPage page, ViewContext context)\r\n   at Microsoft.AspNetCore.Mvc.Razor.RazorView.RenderPageAsync(IRazorPage page, ViewContext context, Boolean invokeViewStarts)\r\n   at Microsoft.AspNetCore.Mvc.Razor.RazorView.RenderLayoutAsync(ViewContext context, ViewBufferTextWriter bodyWriter)\r\n   at Microsoft.AspNetCore.Mvc.Razor.RazorView.RenderAsync(ViewContext context)\r\n   at Microsoft.AspNetCore.Mvc.ViewFeatures.ViewExecutor.ExecuteAsync(ViewContext viewContext, String contentType, Nullable`1 statusCode)\r\n   at Microsoft.AspNetCore.Mvc.ViewFeatures.ViewExecutor.ExecuteAsync(ViewContext viewContext, String contentType, Nullable`1 statusCode)\r\n   at Microsoft.AspNetCore.Mvc.ViewFeatures.ViewExecutor.ExecuteAsync(ActionContext actionContext, IView view, ViewDataDictionary viewData, ITempDataDictionary tempData, String contentType, Nullable`1 statusCode)\r\n   at Microsoft.AspNetCore.Mvc.ViewFeatures.ViewResultExecutor.ExecuteAsync(ActionContext context, ViewResult result)\r\n   at Microsoft.AspNetCore.Mvc.ViewResult.ExecuteResultAsync(ActionContext context)\r\n   at Microsoft.AspNetCore.Mvc.Infrastructure.ResourceInvoker.<InvokeNextResultFilterAsync>g__Awaited|30_0[TFilter,TFilterAsync](ResourceInvoker invoker, Task lastTask, State next, Scope scope, Object state, Boolean isCompleted)\r\n   at Microsoft.AspNetCore.Mvc.Infrastructure.ResourceInvoker.Rethrow(ResultExecutedContextSealed context)\r\n   at Microsoft.AspNetCore.Mvc.Infrastructure.ResourceInvoker.ResultNext[TFilter,TFilterAsync](State& next, Scope& scope, Object& state, Boolean& isCompleted)\r\n   at Microsoft.AspNetCore.Mvc.Infrastructure.ResourceInvoker.InvokeResultFilters()\r\n--- End of stack trace from previous location ---\r\n   at Microsoft.AspNetCore.Mvc.Infrastructure.ResourceInvoker.<InvokeNextResourceFilter>g__Awaited|25_0(ResourceInvoker invoker, Task lastTask, State next, Scope scope, Object state, Boolean isCompleted)\r\n   at Microsoft.AspNetCore.Mvc.Infrastructure.ResourceInvoker.Rethrow(ResourceExecutedContextSealed context)\r\n   at Microsoft.AspNetCore.Mvc.Infrastructure.ResourceInvoker.Next(State& next, Scope& scope, Object& state, Boolean& isCompleted)\r\n   at Microsoft.AspNetCore.Mvc.Infrastructure.ResourceInvoker.InvokeFilterPipelineAsync()\r\n--- End of stack trace from previous location ---\r\n   at Microsoft.AspNetCore.Mvc.Infrastructure.ResourceInvoker.<InvokeAsync>g__Awaited|17_0(ResourceInvoker invoker, Task task, IDisposable scope)\r\n   at Microsoft.AspNetCore.Mvc.Infrastructure.ResourceInvoker.<InvokeAsync>g__Awaited|17_0(ResourceInvoker invoker, Task task, IDisposable scope)\r\n   at Microsoft.AspNetCore.Routing.EndpointMiddleware.<Invoke>g__AwaitRequestTask|6_0(Endpoint endpoint, Task requestTask, ILogger logger)\r\n   at Umbraco.Cms.Web.Common.Middleware.BasicAuthenticationMiddleware.InvokeAsync(HttpContext context, RequestDelegate next)\r\n   at Microsoft.AspNetCore.Builder.UseMiddlewareExtensions.<>c__DisplayClass6_1.<<UseMiddlewareInterface>b__1>d.MoveNext()\r\n--- End of stack trace from previous location ---\r\n   at Umbraco.Cms.Web.BackOffice.Middleware.BackOfficeExternalLoginProviderErrorMiddleware.InvokeAsync(HttpContext context, RequestDelegate next)\r\n   at Microsoft.AspNetCore.Builder.UseMiddlewareExtensions.<>c__DisplayClass6_1.<<UseMiddlewareInterface>b__1>d.MoveNext()\r\n--- End of stack trace from previous location ---\r\n   at Microsoft.AspNetCore.Session.SessionMiddleware.Invoke(HttpContext context)\r\n   at Microsoft.AspNetCore.Session.SessionMiddleware.Invoke(HttpContext context)\r\n   at Microsoft.AspNetCore.Localization.RequestLocalizationMiddleware.Invoke(HttpContext context)\r\n   at Microsoft.AspNetCore.Authorization.AuthorizationMiddleware.Invoke(HttpContext context)\r\n   at Microsoft.AspNetCore.Authentication.AuthenticationMiddleware.Invoke(HttpContext context)\r\n   at StackExchange.Profiling.MiniProfilerMiddleware.Invoke(HttpContext context) in C:\\projects\\dotnet\\src\\MiniProfiler.AspNetCore\\MiniProfilerMiddleware.cs:line 121\r\n   at Umbraco.Cms.Web.Common.Middleware.UmbracoRequestMiddleware.InvokeAsync(HttpContext context, RequestDelegate next)\r\n   at Umbraco.Cms.Web.Common.Middleware.UmbracoRequestMiddleware.InvokeAsync(HttpContext context, RequestDelegate next)\r\n   at Microsoft.AspNetCore.Builder.UseMiddlewareExtensions.<>c__DisplayClass6_1.<<UseMiddlewareInterface>b__1>d.MoveNext()\r\n--- End of stack trace from previous location ---\r\n   at Umbraco.Cms.Web.Common.Middleware.PreviewAuthenticationMiddleware.InvokeAsync(HttpContext context, RequestDelegate next)\r\n   at Microsoft.AspNetCore.Builder.UseMiddlewareExtensions.<>c__DisplayClass6_1.<<UseMiddlewareInterface>b__1>d.MoveNext()\r\n--- End of stack trace from previous location ---\r\n   at Umbraco.Cms.Web.Common.Middleware.UmbracoRequestLoggingMiddleware.InvokeAsync(HttpContext context, RequestDelegate next)\r\n   at Microsoft.AspNetCore.Builder.UseMiddlewareExtensions.<>c__DisplayClass6_1.<<UseMiddlewareInterface>b__1>d.MoveNext()\r\n--- End of stack trace from previous location ---\r\n   at SixLabors.ImageSharp.Web.Middleware.ImageSharpMiddleware.Invoke(HttpContext httpContext, Boolean retry)\r\n   at Microsoft.AspNetCore.Diagnostics.DeveloperExceptionPageMiddlewareImpl.Invoke(HttpContext context)","EventId":{"Id":1,"Name":"UnhandledException"},"SourceContext":"Microsoft.AspNetCore.Diagnostics.DeveloperExceptionPageMiddleware","RequestId":"0HMP55TLPLBA6:00000141","RequestPath":"/contact/","ConnectionId":"0HMP55TLPLBA6","ProcessId":22012,"ProcessName":"Clean.Site","ThreadId":23,"ApplicationId":"08576e774ac196133407f48bb75449c37258f5a7","MachineName":"1C3-TEC-GJWGARY","Log4NetLevel":"ERROR"}
{"@t":"2023-03-15T10:10:26.7755885Z","@mt":"An unhandled exception has occurred while executing the request.","@l":"Error","@x":"Microsoft.AspNetCore.Mvc.Razor.RuntimeCompilation.CompilationFailedException: One or more compilation failures occurred:\r\nC:\\Hadi\\Umbraco\\Clean\\Clean.Site\\Views\\Partials\\navigation.cshtml(20,99): error CS1061: 'BlockListItem' does not contain a definition for 'Link' and no accessible extension method 'Link' accepting a first argument of type 'BlockListItem' could be found (are you missing a using directive or an assembly reference?)\r\nC:\\Hadi\\Umbraco\\Clean\\Clean.Site\\Views\\Partials\\navigation.cshtml(20,123): error CS1061: 'BlockListItem' does not contain a definition for 'Link' and no accessible extension method 'Link' accepting a first argument of type 'BlockListItem' could be found (are you missing a using directive or an assembly reference?)\r\nC:\\Hadi\\Umbraco\\Clean\\Clean.Site\\Views\\Partials\\navigation.cshtml(20,143): error CS1061: 'BlockListItem' does not contain a definition for 'Link' and no accessible extension method 'Link' accepting a first argument of type 'BlockListItem' could be found (are you missing a using directive or an assembly reference?)\r\n   at Microsoft.AspNetCore.Mvc.Razor.RuntimeCompilation.RuntimeViewCompiler.CompileAndEmit(RazorCodeDocument codeDocument, String generatedCode)\r\n   at Microsoft.AspNetCore.Mvc.Razor.RuntimeCompilation.RuntimeViewCompiler.CompileAndEmit(String relativePath)\r\n   at Microsoft.AspNetCore.Mvc.Razor.RuntimeCompilation.RuntimeViewCompiler.OnCacheMiss(String normalizedPath)\r\n--- End of stack trace from previous location ---\r\n   at Microsoft.AspNetCore.Mvc.Razor.Compilation.DefaultRazorPageFactoryProvider.CreateFactory(String relativePath)\r\n   at Microsoft.AspNetCore.Mvc.Razor.RazorViewEngine.CreateCacheResult(HashSet`1 expirationTokens, String relativePath, Boolean isMainPage)\r\n   at Microsoft.AspNetCore.Mvc.Razor.RazorViewEngine.LocatePageFromPath(String executingFilePath, String pagePath, Boolean isMainPage)\r\n   at Microsoft.AspNetCore.Mvc.Razor.RazorViewEngine.GetView(String executingFilePath, String viewPath, Boolean isMainPage)\r\n   at Umbraco.Cms.Web.Website.ViewEngines.ProfilingViewEngine.GetView(String executingFilePath, String viewPath, Boolean isMainPage)\r\n   at Microsoft.AspNetCore.Mvc.ViewEngines.CompositeViewEngine.GetView(String executingFilePath, String viewPath, Boolean isMainPage)\r\n   at Microsoft.AspNetCore.Mvc.ViewFeatures.HtmlHelper.RenderPartialCoreAsync(String partialViewName, Object model, ViewDataDictionary viewData, TextWriter writer)\r\n   at Microsoft.AspNetCore.Mvc.ViewFeatures.HtmlHelper.PartialAsync(String partialViewName, Object model, ViewDataDictionary viewData)\r\n   at AspNetCore.Views_Master.<ExecuteAsync>b__22_1() in C:\\Hadi\\Umbraco\\Clean\\Clean.Site\\Views\\Master.cshtml:line 20\r\n   at Microsoft.AspNetCore.Razor.Runtime.TagHelpers.TagHelperExecutionContext.SetOutputContentAsync()\r\n   at AspNetCore.Views_Master.ExecuteAsync() in C:\\Hadi\\Umbraco\\Clean\\Clean.Site\\Views\\Master.cshtml:line 4\r\n   at Microsoft.AspNetCore.Mvc.Razor.RazorView.RenderPageCoreAsync(IRazorPage page, ViewContext context)\r\n   at Microsoft.AspNetCore.Mvc.Razor.RazorView.RenderPageAsync(IRazorPage page, ViewContext context, Boolean invokeViewStarts)\r\n   at Microsoft.AspNetCore.Mvc.Razor.RazorView.RenderLayoutAsync(ViewContext context, ViewBufferTextWriter bodyWriter)\r\n   at Microsoft.AspNetCore.Mvc.Razor.RazorView.RenderAsync(ViewContext context)\r\n   at Microsoft.AspNetCore.Mvc.ViewFeatures.ViewExecutor.ExecuteAsync(ViewContext viewContext, String contentType, Nullable`1 statusCode)\r\n   at Microsoft.AspNetCore.Mvc.ViewFeatures.ViewExecutor.ExecuteAsync(ViewContext viewContext, String contentType, Nullable`1 statusCode)\r\n   at Microsoft.AspNetCore.Mvc.ViewFeatures.ViewExecutor.ExecuteAsync(ActionContext actionContext, IView view, ViewDataDictionary viewData, ITempDataDictionary tempData, String contentType, Nullable`1 statusCode)\r\n   at Microsoft.AspNetCore.Mvc.ViewFeatures.ViewResultExecutor.ExecuteAsync(ActionContext context, ViewResult result)\r\n   at Microsoft.AspNetCore.Mvc.ViewResult.ExecuteResultAsync(ActionContext context)\r\n   at Microsoft.AspNetCore.Mvc.Infrastructure.ResourceInvoker.<InvokeNextResultFilterAsync>g__Awaited|30_0[TFilter,TFilterAsync](ResourceInvoker invoker, Task lastTask, State next, Scope scope, Object state, Boolean isCompleted)\r\n   at Microsoft.AspNetCore.Mvc.Infrastructure.ResourceInvoker.Rethrow(ResultExecutedContextSealed context)\r\n   at Microsoft.AspNetCore.Mvc.Infrastructure.ResourceInvoker.ResultNext[TFilter,TFilterAsync](State& next, Scope& scope, Object& state, Boolean& isCompleted)\r\n   at Microsoft.AspNetCore.Mvc.Infrastructure.ResourceInvoker.InvokeResultFilters()\r\n--- End of stack trace from previous location ---\r\n   at Microsoft.AspNetCore.Mvc.Infrastructure.ResourceInvoker.<InvokeNextResourceFilter>g__Awaited|25_0(ResourceInvoker invoker, Task lastTask, State next, Scope scope, Object state, Boolean isCompleted)\r\n   at Microsoft.AspNetCore.Mvc.Infrastructure.ResourceInvoker.Rethrow(ResourceExecutedContextSealed context)\r\n   at Microsoft.AspNetCore.Mvc.Infrastructure.ResourceInvoker.Next(State& next, Scope& scope, Object& state, Boolean& isCompleted)\r\n   at Microsoft.AspNetCore.Mvc.Infrastructure.ResourceInvoker.InvokeFilterPipelineAsync()\r\n--- End of stack trace from previous location ---\r\n   at Microsoft.AspNetCore.Mvc.Infrastructure.ResourceInvoker.<InvokeAsync>g__Awaited|17_0(ResourceInvoker invoker, Task task, IDisposable scope)\r\n   at Microsoft.AspNetCore.Mvc.Infrastructure.ResourceInvoker.<InvokeAsync>g__Awaited|17_0(ResourceInvoker invoker, Task task, IDisposable scope)\r\n   at Microsoft.AspNetCore.Routing.EndpointMiddleware.<Invoke>g__AwaitRequestTask|6_0(Endpoint endpoint, Task requestTask, ILogger logger)\r\n   at Umbraco.Cms.Web.Common.Middleware.BasicAuthenticationMiddleware.InvokeAsync(HttpContext context, RequestDelegate next)\r\n   at Microsoft.AspNetCore.Builder.UseMiddlewareExtensions.<>c__DisplayClass6_1.<<UseMiddlewareInterface>b__1>d.MoveNext()\r\n--- End of stack trace from previous location ---\r\n   at Umbraco.Cms.Web.BackOffice.Middleware.BackOfficeExternalLoginProviderErrorMiddleware.InvokeAsync(HttpContext context, RequestDelegate next)\r\n   at Microsoft.AspNetCore.Builder.UseMiddlewareExtensions.<>c__DisplayClass6_1.<<UseMiddlewareInterface>b__1>d.MoveNext()\r\n--- End of stack trace from previous location ---\r\n   at Microsoft.AspNetCore.Session.SessionMiddleware.Invoke(HttpContext context)\r\n   at Microsoft.AspNetCore.Session.SessionMiddleware.Invoke(HttpContext context)\r\n   at Microsoft.AspNetCore.Localization.RequestLocalizationMiddleware.Invoke(HttpContext context)\r\n   at Microsoft.AspNetCore.Authorization.AuthorizationMiddleware.Invoke(HttpContext context)\r\n   at Microsoft.AspNetCore.Authentication.AuthenticationMiddleware.Invoke(HttpContext context)\r\n   at StackExchange.Profiling.MiniProfilerMiddleware.Invoke(HttpContext context) in C:\\projects\\dotnet\\src\\MiniProfiler.AspNetCore\\MiniProfilerMiddleware.cs:line 121\r\n   at Umbraco.Cms.Web.Common.Middleware.UmbracoRequestMiddleware.InvokeAsync(HttpContext context, RequestDelegate next)\r\n   at Umbraco.Cms.Web.Common.Middleware.UmbracoRequestMiddleware.InvokeAsync(HttpContext context, RequestDelegate next)\r\n   at Microsoft.AspNetCore.Builder.UseMiddlewareExtensions.<>c__DisplayClass6_1.<<UseMiddlewareInterface>b__1>d.MoveNext()\r\n--- End of stack trace from previous location ---\r\n   at Umbraco.Cms.Web.Common.Middleware.PreviewAuthenticationMiddleware.InvokeAsync(HttpContext context, RequestDelegate next)\r\n   at Microsoft.AspNetCore.Builder.UseMiddlewareExtensions.<>c__DisplayClass6_1.<<UseMiddlewareInterface>b__1>d.MoveNext()\r\n--- End of stack trace from previous location ---\r\n   at Umbraco.Cms.Web.Common.Middleware.UmbracoRequestLoggingMiddleware.InvokeAsync(HttpContext context, RequestDelegate next)\r\n   at Microsoft.AspNetCore.Builder.UseMiddlewareExtensions.<>c__DisplayClass6_1.<<UseMiddlewareInterface>b__1>d.MoveNext()\r\n--- End of stack trace from previous location ---\r\n   at SixLabors.ImageSharp.Web.Middleware.ImageSharpMiddleware.Invoke(HttpContext httpContext, Boolean retry)\r\n   at Microsoft.AspNetCore.Diagnostics.DeveloperExceptionPageMiddlewareImpl.Invoke(HttpContext context)","EventId":{"Id":1,"Name":"UnhandledException"},"SourceContext":"Microsoft.AspNetCore.Diagnostics.DeveloperExceptionPageMiddleware","RequestId":"0HMP55TLPLBAR:00000001","RequestPath":"/contact/","ConnectionId":"0HMP55TLPLBAR","ProcessId":22012,"ProcessName":"Clean.Site","ThreadId":132,"ApplicationId":"08576e774ac196133407f48bb75449c37258f5a7","MachineName":"1C3-TEC-GJWGARY","Log4NetLevel":"ERROR"}
