{"@t":"2023-02-22T02:37:28.6933167Z","@mt":"Unable to configure browser refresh script injection on the response. Consider manually adding '<script src=\"/_framework/aspnetcore-browser-refresh.js\"></script>' to the body of the page.","@l":"Warning","EventId":{"Id":3,"Name":"FailedToConfiguredForRefreshes"},"SourceContext":"Microsoft.AspNetCore.Watch.BrowserRefresh.BrowserRefreshMiddleware","RequestId":"0HMOJTAUNKCP1:00000039","RequestPath":"/","ConnectionId":"0HMOJTAUNKCP1","ProcessId":13172,"ProcessName":"Clean.Site","ThreadId":154,"ApplicationId":"08576e774ac196133407f48bb75449c37258f5a7","MachineName":"1C3-TEC-GJWGARY","Log4NetLevel":"WARN "}
{"@t":"2023-02-22T02:43:27.4466966Z","@mt":"Acquiring MainDom.","SourceContext":"Umbraco.Cms.Core.Runtime.MainDom","ProcessId":23208,"ProcessName":"Clean.Site","ThreadId":1,"ApplicationId":"08576e774ac196133407f48bb75449c37258f5a7","MachineName":"1C3-TEC-GJWGARY","Log4NetLevel":"INFO "}
{"@t":"2023-02-22T02:43:27.4534864Z","@mt":"Acquired MainDom.","SourceContext":"Umbraco.Cms.Core.Runtime.MainDom","ProcessId":23208,"ProcessName":"Clean.Site","ThreadId":1,"ApplicationId":"08576e774ac196133407f48bb75449c37258f5a7","MachineName":"1C3-TEC-GJWGARY","Log4NetLevel":"INFO "}
{"@t":"2023-02-22T02:43:28.1279923Z","@mt":"Now listening on: {address}","address":"https://localhost:44365","EventId":{"Id":14,"Name":"ListeningOnAddress"},"SourceContext":"Microsoft.Hosting.Lifetime","ProcessId":23208,"ProcessName":"Clean.Site","ThreadId":1,"ApplicationId":"08576e774ac196133407f48bb75449c37258f5a7","MachineName":"1C3-TEC-GJWGARY","Log4NetLevel":"INFO "}
{"@t":"2023-02-22T02:43:28.1284155Z","@mt":"Now listening on: {address}","address":"http://localhost:43116","EventId":{"Id":14,"Name":"ListeningOnAddress"},"SourceContext":"Microsoft.Hosting.Lifetime","ProcessId":23208,"ProcessName":"Clean.Site","ThreadId":1,"ApplicationId":"08576e774ac196133407f48bb75449c37258f5a7","MachineName":"1C3-TEC-GJWGARY","Log4NetLevel":"INFO "}
{"@t":"2023-02-22T02:43:28.1306721Z","@mt":"Application started. Press Ctrl+C to shut down.","SourceContext":"Microsoft.Hosting.Lifetime","ProcessId":23208,"ProcessName":"Clean.Site","ThreadId":1,"ApplicationId":"08576e774ac196133407f48bb75449c37258f5a7","MachineName":"1C3-TEC-GJWGARY","Log4NetLevel":"INFO "}
{"@t":"2023-02-22T02:43:28.1307391Z","@mt":"Hosting environment: {EnvName}","EnvName":"Development","SourceContext":"Microsoft.Hosting.Lifetime","ProcessId":23208,"ProcessName":"Clean.Site","ThreadId":1,"ApplicationId":"08576e774ac196133407f48bb75449c37258f5a7","MachineName":"1C3-TEC-GJWGARY","Log4NetLevel":"INFO "}
{"@t":"2023-02-22T02:43:28.1307528Z","@mt":"Content root path: {ContentRoot}","ContentRoot":"C:\\Hadi\\Umbraco\\Clean\\Clean.Site","SourceContext":"Microsoft.Hosting.Lifetime","ProcessId":23208,"ProcessName":"Clean.Site","ThreadId":1,"ApplicationId":"08576e774ac196133407f48bb75449c37258f5a7","MachineName":"1C3-TEC-GJWGARY","Log4NetLevel":"INFO "}
{"@t":"2023-02-22T02:43:29.7904815Z","@mt":"Registered with MainDom, localContentDbExists? {LocalContentDbExists}, localMediaDbExists? {LocalMediaDbExists}","LocalContentDbExists":true,"LocalMediaDbExists":true,"SourceContext":"Umbraco.Cms.Infrastructure.PublishedCache.PublishedSnapshotService","ActionId":"8f3ef521-4d8a-4d7a-862a-489c4cff1f2e","ActionName":"Umbraco.Cms.Web.BackOffice.Controllers.ContentController.GetById (Umbraco.Web.BackOffice)","RequestId":"0HMOKFQ9T1HKL:00000083","RequestPath":"/umbraco/backoffice/umbracoapi/content/GetById","ConnectionId":"0HMOKFQ9T1HKL","ProcessId":23208,"ProcessName":"Clean.Site","ThreadId":4,"ApplicationId":"08576e774ac196133407f48bb75449c37258f5a7","MachineName":"1C3-TEC-GJWGARY","Log4NetLevel":"INFO ","HttpRequestId":"7cd8f373-7790-4561-be69-801cfa8df4b0","HttpRequestNumber":1,"HttpSessionId":"679e664b-20f6-03c7-17fd-a67763290562"}
{"@t":"2023-02-22T02:43:29.7929169Z","@mt":"Creating the content store, localContentDbExists? {LocalContentDbExists}","LocalContentDbExists":true,"SourceContext":"Umbraco.Cms.Infrastructure.PublishedCache.PublishedSnapshotService","ActionId":"8f3ef521-4d8a-4d7a-862a-489c4cff1f2e","ActionName":"Umbraco.Cms.Web.BackOffice.Controllers.ContentController.GetById (Umbraco.Web.BackOffice)","RequestId":"0HMOKFQ9T1HKL:00000083","RequestPath":"/umbraco/backoffice/umbracoapi/content/GetById","ConnectionId":"0HMOKFQ9T1HKL","ProcessId":23208,"ProcessName":"Clean.Site","ThreadId":4,"ApplicationId":"08576e774ac196133407f48bb75449c37258f5a7","MachineName":"1C3-TEC-GJWGARY","Log4NetLevel":"INFO ","HttpRequestId":"7cd8f373-7790-4561-be69-801cfa8df4b0","HttpRequestNumber":1,"HttpSessionId":"679e664b-20f6-03c7-17fd-a67763290562"}
{"@t":"2023-02-22T02:43:29.7955442Z","@mt":"Creating the media store, localMediaDbExists? {LocalMediaDbExists}","LocalMediaDbExists":true,"SourceContext":"Umbraco.Cms.Infrastructure.PublishedCache.PublishedSnapshotService","ActionId":"8f3ef521-4d8a-4d7a-862a-489c4cff1f2e","ActionName":"Umbraco.Cms.Web.BackOffice.Controllers.ContentController.GetById (Umbraco.Web.BackOffice)","RequestId":"0HMOKFQ9T1HKL:00000083","RequestPath":"/umbraco/backoffice/umbracoapi/content/GetById","ConnectionId":"0HMOKFQ9T1HKL","ProcessId":23208,"ProcessName":"Clean.Site","ThreadId":4,"ApplicationId":"08576e774ac196133407f48bb75449c37258f5a7","MachineName":"1C3-TEC-GJWGARY","Log4NetLevel":"INFO ","HttpRequestId":"7cd8f373-7790-4561-be69-801cfa8df4b0","HttpRequestNumber":1,"HttpSessionId":"679e664b-20f6-03c7-17fd-a67763290562"}
{"@t":"2023-02-22T02:43:29.8498385Z","@mt":"{StartMessage} [Timing {TimingId}]","StartMessage":"Loading content from local cache file","TimingId":"da53073","SourceContext":"Umbraco.Cms.Core.Logging.ProfilingLogger","ActionId":"8f3ef521-4d8a-4d7a-862a-489c4cff1f2e","ActionName":"Umbraco.Cms.Web.BackOffice.Controllers.ContentController.GetById (Umbraco.Web.BackOffice)","RequestId":"0HMOKFQ9T1HKL:00000083","RequestPath":"/umbraco/backoffice/umbracoapi/content/GetById","ConnectionId":"0HMOKFQ9T1HKL","ProcessId":23208,"ProcessName":"Clean.Site","ThreadId":4,"ApplicationId":"08576e774ac196133407f48bb75449c37258f5a7","MachineName":"1C3-TEC-GJWGARY","Log4NetLevel":"INFO ","HttpRequestId":"7cd8f373-7790-4561-be69-801cfa8df4b0","HttpRequestNumber":1,"HttpSessionId":"679e664b-20f6-03c7-17fd-a67763290562"}
{"@t":"2023-02-22T02:43:29.8725575Z","@mt":"{EndMessage} ({Duration}ms) [Timing {TimingId}]","EndMessage":"Completed.","Duration":22,"TimingId":"da53073","SourceContext":"Umbraco.Cms.Core.Logging.ProfilingLogger","ActionId":"8f3ef521-4d8a-4d7a-862a-489c4cff1f2e","ActionName":"Umbraco.Cms.Web.BackOffice.Controllers.ContentController.GetById (Umbraco.Web.BackOffice)","RequestId":"0HMOKFQ9T1HKL:00000083","RequestPath":"/umbraco/backoffice/umbracoapi/content/GetById","ConnectionId":"0HMOKFQ9T1HKL","ProcessId":23208,"ProcessName":"Clean.Site","ThreadId":4,"ApplicationId":"08576e774ac196133407f48bb75449c37258f5a7","MachineName":"1C3-TEC-GJWGARY","Log4NetLevel":"INFO ","HttpRequestId":"7cd8f373-7790-4561-be69-801cfa8df4b0","HttpRequestNumber":1,"HttpSessionId":"679e664b-20f6-03c7-17fd-a67763290562"}
{"@t":"2023-02-22T02:43:29.8791226Z","@mt":"{StartMessage} [Timing {TimingId}]","StartMessage":"Loading media from local cache file","TimingId":"5192b89","SourceContext":"Umbraco.Cms.Core.Logging.ProfilingLogger","ActionId":"8f3ef521-4d8a-4d7a-862a-489c4cff1f2e","ActionName":"Umbraco.Cms.Web.BackOffice.Controllers.ContentController.GetById (Umbraco.Web.BackOffice)","RequestId":"0HMOKFQ9T1HKL:00000083","RequestPath":"/umbraco/backoffice/umbracoapi/content/GetById","ConnectionId":"0HMOKFQ9T1HKL","ProcessId":23208,"ProcessName":"Clean.Site","ThreadId":4,"ApplicationId":"08576e774ac196133407f48bb75449c37258f5a7","MachineName":"1C3-TEC-GJWGARY","Log4NetLevel":"INFO ","HttpRequestId":"7cd8f373-7790-4561-be69-801cfa8df4b0","HttpRequestNumber":1,"HttpSessionId":"679e664b-20f6-03c7-17fd-a67763290562"}
{"@t":"2023-02-22T02:43:29.8803442Z","@mt":"Tried to load {entityType} from the local cache file but it was empty.","entityType":"media","SourceContext":"Umbraco.Cms.Infrastructure.PublishedCache.PublishedSnapshotService","ActionId":"8f3ef521-4d8a-4d7a-862a-489c4cff1f2e","ActionName":"Umbraco.Cms.Web.BackOffice.Controllers.ContentController.GetById (Umbraco.Web.BackOffice)","RequestId":"0HMOKFQ9T1HKL:00000083","RequestPath":"/umbraco/backoffice/umbracoapi/content/GetById","ConnectionId":"0HMOKFQ9T1HKL","ProcessId":23208,"ProcessName":"Clean.Site","ThreadId":4,"ApplicationId":"08576e774ac196133407f48bb75449c37258f5a7","MachineName":"1C3-TEC-GJWGARY","Log4NetLevel":"INFO ","HttpRequestId":"7cd8f373-7790-4561-be69-801cfa8df4b0","HttpRequestNumber":1,"HttpSessionId":"679e664b-20f6-03c7-17fd-a67763290562"}
{"@t":"2023-02-22T02:43:29.8804744Z","@mt":"{EndMessage} ({Duration}ms) [Timing {TimingId}]","EndMessage":"Completed.","Duration":1,"TimingId":"5192b89","SourceContext":"Umbraco.Cms.Core.Logging.ProfilingLogger","ActionId":"8f3ef521-4d8a-4d7a-862a-489c4cff1f2e","ActionName":"Umbraco.Cms.Web.BackOffice.Controllers.ContentController.GetById (Umbraco.Web.BackOffice)","RequestId":"0HMOKFQ9T1HKL:00000083","RequestPath":"/umbraco/backoffice/umbracoapi/content/GetById","ConnectionId":"0HMOKFQ9T1HKL","ProcessId":23208,"ProcessName":"Clean.Site","ThreadId":4,"ApplicationId":"08576e774ac196133407f48bb75449c37258f5a7","MachineName":"1C3-TEC-GJWGARY","Log4NetLevel":"INFO ","HttpRequestId":"7cd8f373-7790-4561-be69-801cfa8df4b0","HttpRequestNumber":1,"HttpSessionId":"679e664b-20f6-03c7-17fd-a67763290562"}
{"@t":"2023-02-22T02:43:29.8805390Z","@mt":"Loading media from local db raised warnings, will reload from database.","@l":"Warning","SourceContext":"Umbraco.Cms.Infrastructure.PublishedCache.PublishedSnapshotService","ActionId":"8f3ef521-4d8a-4d7a-862a-489c4cff1f2e","ActionName":"Umbraco.Cms.Web.BackOffice.Controllers.ContentController.GetById (Umbraco.Web.BackOffice)","RequestId":"0HMOKFQ9T1HKL:00000083","RequestPath":"/umbraco/backoffice/umbracoapi/content/GetById","ConnectionId":"0HMOKFQ9T1HKL","ProcessId":23208,"ProcessName":"Clean.Site","ThreadId":4,"ApplicationId":"08576e774ac196133407f48bb75449c37258f5a7","MachineName":"1C3-TEC-GJWGARY","Log4NetLevel":"WARN ","HttpRequestId":"7cd8f373-7790-4561-be69-801cfa8df4b0","HttpRequestNumber":1,"HttpSessionId":"679e664b-20f6-03c7-17fd-a67763290562"}
{"@t":"2023-02-22T02:43:29.8827898Z","@mt":"{StartMessage} [Timing {TimingId}]","StartMessage":"Loading media from database","TimingId":"d69c726","SourceContext":"Umbraco.Cms.Core.Logging.ProfilingLogger","ActionId":"8f3ef521-4d8a-4d7a-862a-489c4cff1f2e","ActionName":"Umbraco.Cms.Web.BackOffice.Controllers.ContentController.GetById (Umbraco.Web.BackOffice)","RequestId":"0HMOKFQ9T1HKL:00000083","RequestPath":"/umbraco/backoffice/umbracoapi/content/GetById","ConnectionId":"0HMOKFQ9T1HKL","ProcessId":23208,"ProcessName":"Clean.Site","ThreadId":4,"ApplicationId":"08576e774ac196133407f48bb75449c37258f5a7","MachineName":"1C3-TEC-GJWGARY","Log4NetLevel":"INFO ","HttpRequestId":"7cd8f373-7790-4561-be69-801cfa8df4b0","HttpRequestNumber":1,"HttpSessionId":"679e664b-20f6-03c7-17fd-a67763290562"}
{"@t":"2023-02-22T02:43:29.9445812Z","@mt":"{EndMessage} ({Duration}ms) [Timing {TimingId}]","EndMessage":"Completed.","Duration":61,"TimingId":"d69c726","SourceContext":"Umbraco.Cms.Core.Logging.ProfilingLogger","ActionId":"8f3ef521-4d8a-4d7a-862a-489c4cff1f2e","ActionName":"Umbraco.Cms.Web.BackOffice.Controllers.ContentController.GetById (Umbraco.Web.BackOffice)","RequestId":"0HMOKFQ9T1HKL:00000083","RequestPath":"/umbraco/backoffice/umbracoapi/content/GetById","ConnectionId":"0HMOKFQ9T1HKL","ProcessId":23208,"ProcessName":"Clean.Site","ThreadId":4,"ApplicationId":"08576e774ac196133407f48bb75449c37258f5a7","MachineName":"1C3-TEC-GJWGARY","Log4NetLevel":"INFO ","HttpRequestId":"7cd8f373-7790-4561-be69-801cfa8df4b0","HttpRequestNumber":1,"HttpSessionId":"679e664b-20f6-03c7-17fd-a67763290562"}
{"@t":"2023-02-22T02:43:43.7074222Z","@mt":"Unable to configure browser refresh script injection on the response. Consider manually adding '<script src=\"/_framework/aspnetcore-browser-refresh.js\"></script>' to the body of the page.","@l":"Warning","EventId":{"Id":3,"Name":"FailedToConfiguredForRefreshes"},"SourceContext":"Microsoft.AspNetCore.Watch.BrowserRefresh.BrowserRefreshMiddleware","RequestId":"0HMOKFQ9T1HKL:00000099","RequestPath":"/","ConnectionId":"0HMOKFQ9T1HKL","ProcessId":23208,"ProcessName":"Clean.Site","ThreadId":13,"ApplicationId":"08576e774ac196133407f48bb75449c37258f5a7","MachineName":"1C3-TEC-GJWGARY","Log4NetLevel":"WARN "}
{"@t":"2023-02-22T02:45:26.2455728Z","@mt":"Adding examine event handlers for {RegisteredIndexers} index providers.","RegisteredIndexers":3,"SourceContext":"Umbraco.Cms.Infrastructure.Examine.ExamineUmbracoIndexingHandler","ActionId":"b41b1166-93c6-41d6-a415-2b6146f39788","ActionName":"Umbraco.Cms.Web.BackOffice.Controllers.ContentTypeController.PostSave (Umbraco.Web.BackOffice)","RequestId":"0HMOKFQ9T1HKL:000000B7","RequestPath":"/umbraco/backoffice/umbracoapi/contenttype/PostSave","ConnectionId":"0HMOKFQ9T1HKL","ProcessId":23208,"ProcessName":"Clean.Site","ThreadId":26,"ApplicationId":"08576e774ac196133407f48bb75449c37258f5a7","MachineName":"1C3-TEC-GJWGARY","Log4NetLevel":"INFO ","HttpRequestId":"41fdbffe-eab7-4e9b-8e12-c4f725cadedd","HttpRequestNumber":2,"HttpSessionId":"32b1c5de-94fb-f69e-c127-847ffa35938c"}
{"@t":"2023-02-22T02:46:44.7724402Z","@mt":"Sending image. Request uri: '{Uri}'. Cached Key: '{Key}'","Uri":"https://localhost:44365/media/laqpqyfc/anirudh-xu4pz7gi9jy-unsplash.jpg?rmode=max&width=500&rnd=%26rnd%3D20230222024643","Key":"22b13999ec5e","EventId":{"Id":3},"SourceContext":"SixLabors.ImageSharp.Web.Middleware.ImageSharpMiddleware","RequestId":"0HMOKFQ9T1HKL:0000019B","RequestPath":"/media/laqpqyfc/anirudh-xu4pz7gi9jy-unsplash.jpg","ConnectionId":"0HMOKFQ9T1HKL","ProcessId":23208,"ProcessName":"Clean.Site","ThreadId":20,"ApplicationId":"08576e774ac196133407f48bb75449c37258f5a7","MachineName":"1C3-TEC-GJWGARY","Log4NetLevel":"INFO "}
{"@t":"2023-02-22T02:46:56.2870728Z","@mt":"Document {ContentName} (id={ContentId}) has been published.","ContentName":"Home","ContentId":1064,"SourceContext":"Umbraco.Cms.Core.Services.ContentService","ActionId":"2534759f-dcb1-48f0-9124-74512475e4cb","ActionName":"Umbraco.Cms.Web.BackOffice.Controllers.ContentController.PostSave (Umbraco.Web.BackOffice)","RequestId":"0HMOKFQ9T1HKL:000001A3","RequestPath":"/umbraco/backoffice/umbracoapi/content/PostSave","ConnectionId":"0HMOKFQ9T1HKL","ProcessId":23208,"ProcessName":"Clean.Site","ThreadId":31,"ApplicationId":"08576e774ac196133407f48bb75449c37258f5a7","MachineName":"1C3-TEC-GJWGARY","Log4NetLevel":"INFO ","HttpRequestId":"91ad47ea-c7a6-4902-95fe-51e152c2f794","HttpRequestNumber":3,"HttpSessionId":"73a0aa51-c65c-be7a-d8fe-1d84074ea5ff"}
{"@t":"2023-02-22T02:47:01.0189845Z","@mt":"Unable to configure browser refresh script injection on the response. Consider manually adding '<script src=\"/_framework/aspnetcore-browser-refresh.js\"></script>' to the body of the page.","@l":"Warning","EventId":{"Id":3,"Name":"FailedToConfiguredForRefreshes"},"SourceContext":"Microsoft.AspNetCore.Watch.BrowserRefresh.BrowserRefreshMiddleware","RequestId":"0HMOKFQ9T1HKL:000001A7","RequestPath":"/","ConnectionId":"0HMOKFQ9T1HKL","ProcessId":23208,"ProcessName":"Clean.Site","ThreadId":3,"ApplicationId":"08576e774ac196133407f48bb75449c37258f5a7","MachineName":"1C3-TEC-GJWGARY","Log4NetLevel":"WARN "}
{"@t":"2023-02-22T02:48:10.7556868Z","@mt":"Acquiring MainDom.","SourceContext":"Umbraco.Cms.Core.Runtime.MainDom","ProcessId":29292,"ProcessName":"Clean.Site","ThreadId":1,"ApplicationId":"08576e774ac196133407f48bb75449c37258f5a7","MachineName":"1C3-TEC-GJWGARY","Log4NetLevel":"INFO "}
{"@t":"2023-02-22T02:48:10.7635272Z","@mt":"Acquired MainDom.","SourceContext":"Umbraco.Cms.Core.Runtime.MainDom","ProcessId":29292,"ProcessName":"Clean.Site","ThreadId":1,"ApplicationId":"08576e774ac196133407f48bb75449c37258f5a7","MachineName":"1C3-TEC-GJWGARY","Log4NetLevel":"INFO "}
{"@t":"2023-02-22T02:48:11.4310621Z","@mt":"Now listening on: {address}","address":"https://localhost:44365","EventId":{"Id":14,"Name":"ListeningOnAddress"},"SourceContext":"Microsoft.Hosting.Lifetime","ProcessId":29292,"ProcessName":"Clean.Site","ThreadId":1,"ApplicationId":"08576e774ac196133407f48bb75449c37258f5a7","MachineName":"1C3-TEC-GJWGARY","Log4NetLevel":"INFO "}
{"@t":"2023-02-22T02:48:11.4314543Z","@mt":"Now listening on: {address}","address":"http://localhost:43116","EventId":{"Id":14,"Name":"ListeningOnAddress"},"SourceContext":"Microsoft.Hosting.Lifetime","ProcessId":29292,"ProcessName":"Clean.Site","ThreadId":1,"ApplicationId":"08576e774ac196133407f48bb75449c37258f5a7","MachineName":"1C3-TEC-GJWGARY","Log4NetLevel":"INFO "}
{"@t":"2023-02-22T02:48:11.4340391Z","@mt":"Application started. Press Ctrl+C to shut down.","SourceContext":"Microsoft.Hosting.Lifetime","ProcessId":29292,"ProcessName":"Clean.Site","ThreadId":1,"ApplicationId":"08576e774ac196133407f48bb75449c37258f5a7","MachineName":"1C3-TEC-GJWGARY","Log4NetLevel":"INFO "}
{"@t":"2023-02-22T02:48:11.4340902Z","@mt":"Hosting environment: {EnvName}","EnvName":"Development","SourceContext":"Microsoft.Hosting.Lifetime","ProcessId":29292,"ProcessName":"Clean.Site","ThreadId":1,"ApplicationId":"08576e774ac196133407f48bb75449c37258f5a7","MachineName":"1C3-TEC-GJWGARY","Log4NetLevel":"INFO "}
{"@t":"2023-02-22T02:48:11.4341109Z","@mt":"Content root path: {ContentRoot}","ContentRoot":"C:\\Hadi\\Umbraco\\Clean\\Clean.Site","SourceContext":"Microsoft.Hosting.Lifetime","ProcessId":29292,"ProcessName":"Clean.Site","ThreadId":1,"ApplicationId":"08576e774ac196133407f48bb75449c37258f5a7","MachineName":"1C3-TEC-GJWGARY","Log4NetLevel":"INFO "}
{"@t":"2023-02-22T02:48:12.9507727Z","@mt":"Registered with MainDom, localContentDbExists? {LocalContentDbExists}, localMediaDbExists? {LocalMediaDbExists}","LocalContentDbExists":true,"LocalMediaDbExists":true,"SourceContext":"Umbraco.Cms.Infrastructure.PublishedCache.PublishedSnapshotService","ActionId":"e4478e0d-c9bb-4327-8250-91d6aa0f1491","ActionName":"Umbraco.Cms.Web.BackOffice.Controllers.ContentController.GetById (Umbraco.Web.BackOffice)","RequestId":"0HMOKFSUAQVGD:00000085","RequestPath":"/umbraco/backoffice/umbracoapi/content/GetById","ConnectionId":"0HMOKFSUAQVGD","ProcessId":29292,"ProcessName":"Clean.Site","ThreadId":18,"ApplicationId":"08576e774ac196133407f48bb75449c37258f5a7","MachineName":"1C3-TEC-GJWGARY","Log4NetLevel":"INFO ","HttpRequestId":"b159b3a7-d59b-4218-a3c6-490f9cd90e7e","HttpRequestNumber":1,"HttpSessionId":"1eb7161a-f3f9-8f19-69fe-b6a7ece1bf52"}
{"@t":"2023-02-22T02:48:12.9532440Z","@mt":"Creating the content store, localContentDbExists? {LocalContentDbExists}","LocalContentDbExists":true,"SourceContext":"Umbraco.Cms.Infrastructure.PublishedCache.PublishedSnapshotService","ActionId":"e4478e0d-c9bb-4327-8250-91d6aa0f1491","ActionName":"Umbraco.Cms.Web.BackOffice.Controllers.ContentController.GetById (Umbraco.Web.BackOffice)","RequestId":"0HMOKFSUAQVGD:00000085","RequestPath":"/umbraco/backoffice/umbracoapi/content/GetById","ConnectionId":"0HMOKFSUAQVGD","ProcessId":29292,"ProcessName":"Clean.Site","ThreadId":18,"ApplicationId":"08576e774ac196133407f48bb75449c37258f5a7","MachineName":"1C3-TEC-GJWGARY","Log4NetLevel":"INFO ","HttpRequestId":"b159b3a7-d59b-4218-a3c6-490f9cd90e7e","HttpRequestNumber":1,"HttpSessionId":"1eb7161a-f3f9-8f19-69fe-b6a7ece1bf52"}
{"@t":"2023-02-22T02:48:12.9552102Z","@mt":"Creating the media store, localMediaDbExists? {LocalMediaDbExists}","LocalMediaDbExists":true,"SourceContext":"Umbraco.Cms.Infrastructure.PublishedCache.PublishedSnapshotService","ActionId":"e4478e0d-c9bb-4327-8250-91d6aa0f1491","ActionName":"Umbraco.Cms.Web.BackOffice.Controllers.ContentController.GetById (Umbraco.Web.BackOffice)","RequestId":"0HMOKFSUAQVGD:00000085","RequestPath":"/umbraco/backoffice/umbracoapi/content/GetById","ConnectionId":"0HMOKFSUAQVGD","ProcessId":29292,"ProcessName":"Clean.Site","ThreadId":18,"ApplicationId":"08576e774ac196133407f48bb75449c37258f5a7","MachineName":"1C3-TEC-GJWGARY","Log4NetLevel":"INFO ","HttpRequestId":"b159b3a7-d59b-4218-a3c6-490f9cd90e7e","HttpRequestNumber":1,"HttpSessionId":"1eb7161a-f3f9-8f19-69fe-b6a7ece1bf52"}
{"@t":"2023-02-22T02:48:13.0062820Z","@mt":"{StartMessage} [Timing {TimingId}]","StartMessage":"Loading content from local cache file","TimingId":"8dc3711","SourceContext":"Umbraco.Cms.Core.Logging.ProfilingLogger","ActionId":"e4478e0d-c9bb-4327-8250-91d6aa0f1491","ActionName":"Umbraco.Cms.Web.BackOffice.Controllers.ContentController.GetById (Umbraco.Web.BackOffice)","RequestId":"0HMOKFSUAQVGD:00000085","RequestPath":"/umbraco/backoffice/umbracoapi/content/GetById","ConnectionId":"0HMOKFSUAQVGD","ProcessId":29292,"ProcessName":"Clean.Site","ThreadId":18,"ApplicationId":"08576e774ac196133407f48bb75449c37258f5a7","MachineName":"1C3-TEC-GJWGARY","Log4NetLevel":"INFO ","HttpRequestId":"b159b3a7-d59b-4218-a3c6-490f9cd90e7e","HttpRequestNumber":1,"HttpSessionId":"1eb7161a-f3f9-8f19-69fe-b6a7ece1bf52"}
{"@t":"2023-02-22T02:48:13.0252175Z","@mt":"{EndMessage} ({Duration}ms) [Timing {TimingId}]","EndMessage":"Completed.","Duration":19,"TimingId":"8dc3711","SourceContext":"Umbraco.Cms.Core.Logging.ProfilingLogger","ActionId":"e4478e0d-c9bb-4327-8250-91d6aa0f1491","ActionName":"Umbraco.Cms.Web.BackOffice.Controllers.ContentController.GetById (Umbraco.Web.BackOffice)","RequestId":"0HMOKFSUAQVGD:00000085","RequestPath":"/umbraco/backoffice/umbracoapi/content/GetById","ConnectionId":"0HMOKFSUAQVGD","ProcessId":29292,"ProcessName":"Clean.Site","ThreadId":18,"ApplicationId":"08576e774ac196133407f48bb75449c37258f5a7","MachineName":"1C3-TEC-GJWGARY","Log4NetLevel":"INFO ","HttpRequestId":"b159b3a7-d59b-4218-a3c6-490f9cd90e7e","HttpRequestNumber":1,"HttpSessionId":"1eb7161a-f3f9-8f19-69fe-b6a7ece1bf52"}
{"@t":"2023-02-22T02:48:13.0304187Z","@mt":"{StartMessage} [Timing {TimingId}]","StartMessage":"Loading media from local cache file","TimingId":"affc033","SourceContext":"Umbraco.Cms.Core.Logging.ProfilingLogger","ActionId":"e4478e0d-c9bb-4327-8250-91d6aa0f1491","ActionName":"Umbraco.Cms.Web.BackOffice.Controllers.ContentController.GetById (Umbraco.Web.BackOffice)","RequestId":"0HMOKFSUAQVGD:00000085","RequestPath":"/umbraco/backoffice/umbracoapi/content/GetById","ConnectionId":"0HMOKFSUAQVGD","ProcessId":29292,"ProcessName":"Clean.Site","ThreadId":18,"ApplicationId":"08576e774ac196133407f48bb75449c37258f5a7","MachineName":"1C3-TEC-GJWGARY","Log4NetLevel":"INFO ","HttpRequestId":"b159b3a7-d59b-4218-a3c6-490f9cd90e7e","HttpRequestNumber":1,"HttpSessionId":"1eb7161a-f3f9-8f19-69fe-b6a7ece1bf52"}
{"@t":"2023-02-22T02:48:13.0312648Z","@mt":"{EndMessage} ({Duration}ms) [Timing {TimingId}]","EndMessage":"Completed.","Duration":0,"TimingId":"affc033","SourceContext":"Umbraco.Cms.Core.Logging.ProfilingLogger","ActionId":"e4478e0d-c9bb-4327-8250-91d6aa0f1491","ActionName":"Umbraco.Cms.Web.BackOffice.Controllers.ContentController.GetById (Umbraco.Web.BackOffice)","RequestId":"0HMOKFSUAQVGD:00000085","RequestPath":"/umbraco/backoffice/umbracoapi/content/GetById","ConnectionId":"0HMOKFSUAQVGD","ProcessId":29292,"ProcessName":"Clean.Site","ThreadId":18,"ApplicationId":"08576e774ac196133407f48bb75449c37258f5a7","MachineName":"1C3-TEC-GJWGARY","Log4NetLevel":"INFO ","HttpRequestId":"b159b3a7-d59b-4218-a3c6-490f9cd90e7e","HttpRequestNumber":1,"HttpSessionId":"1eb7161a-f3f9-8f19-69fe-b6a7ece1bf52"}
{"@t":"2023-02-22T02:49:28.9728649Z","@mt":"Unable to configure browser refresh script injection on the response. Consider manually adding '<script src=\"/_framework/aspnetcore-browser-refresh.js\"></script>' to the body of the page.","@l":"Warning","EventId":{"Id":3,"Name":"FailedToConfiguredForRefreshes"},"SourceContext":"Microsoft.AspNetCore.Watch.BrowserRefresh.BrowserRefreshMiddleware","RequestId":"0HMOKFSUAQVGD:000000A9","RequestPath":"/","ConnectionId":"0HMOKFSUAQVGD","ProcessId":29292,"ProcessName":"Clean.Site","ThreadId":26,"ApplicationId":"08576e774ac196133407f48bb75449c37258f5a7","MachineName":"1C3-TEC-GJWGARY","Log4NetLevel":"WARN "}
{"@t":"2023-02-22T02:51:42.7056712Z","@mt":"Unable to configure browser refresh script injection on the response. Consider manually adding '<script src=\"/_framework/aspnetcore-browser-refresh.js\"></script>' to the body of the page.","@l":"Warning","EventId":{"Id":3,"Name":"FailedToConfiguredForRefreshes"},"SourceContext":"Microsoft.AspNetCore.Watch.BrowserRefresh.BrowserRefreshMiddleware","RequestId":"0HMOKFSUAQVGD:000000BD","RequestPath":"/","ConnectionId":"0HMOKFSUAQVGD","ProcessId":29292,"ProcessName":"Clean.Site","ThreadId":33,"ApplicationId":"08576e774ac196133407f48bb75449c37258f5a7","MachineName":"1C3-TEC-GJWGARY","Log4NetLevel":"WARN "}
{"@t":"2023-02-22T02:51:43.6435915Z","@mt":"Unable to configure browser refresh script injection on the response. Consider manually adding '<script src=\"/_framework/aspnetcore-browser-refresh.js\"></script>' to the body of the page.","@l":"Warning","EventId":{"Id":3,"Name":"FailedToConfiguredForRefreshes"},"SourceContext":"Microsoft.AspNetCore.Watch.BrowserRefresh.BrowserRefreshMiddleware","RequestId":"0HMOKFSUAQVGD:000000C1","RequestPath":"/","ConnectionId":"0HMOKFSUAQVGD","ProcessId":29292,"ProcessName":"Clean.Site","ThreadId":32,"ApplicationId":"08576e774ac196133407f48bb75449c37258f5a7","MachineName":"1C3-TEC-GJWGARY","Log4NetLevel":"WARN "}
{"@t":"2023-02-22T02:56:03.7594618Z","@mt":"Acquiring MainDom.","SourceContext":"Umbraco.Cms.Core.Runtime.MainDom","ProcessId":28496,"ProcessName":"Clean.Site","ThreadId":1,"ApplicationId":"08576e774ac196133407f48bb75449c37258f5a7","MachineName":"1C3-TEC-GJWGARY","Log4NetLevel":"INFO "}
{"@t":"2023-02-22T02:56:03.7692940Z","@mt":"Acquired MainDom.","SourceContext":"Umbraco.Cms.Core.Runtime.MainDom","ProcessId":28496,"ProcessName":"Clean.Site","ThreadId":1,"ApplicationId":"08576e774ac196133407f48bb75449c37258f5a7","MachineName":"1C3-TEC-GJWGARY","Log4NetLevel":"INFO "}
{"@t":"2023-02-22T02:56:04.7404770Z","@mt":"Now listening on: {address}","address":"https://localhost:44365","EventId":{"Id":14,"Name":"ListeningOnAddress"},"SourceContext":"Microsoft.Hosting.Lifetime","ProcessId":28496,"ProcessName":"Clean.Site","ThreadId":1,"ApplicationId":"08576e774ac196133407f48bb75449c37258f5a7","MachineName":"1C3-TEC-GJWGARY","Log4NetLevel":"INFO "}
{"@t":"2023-02-22T02:56:04.7412424Z","@mt":"Now listening on: {address}","address":"http://localhost:43116","EventId":{"Id":14,"Name":"ListeningOnAddress"},"SourceContext":"Microsoft.Hosting.Lifetime","ProcessId":28496,"ProcessName":"Clean.Site","ThreadId":1,"ApplicationId":"08576e774ac196133407f48bb75449c37258f5a7","MachineName":"1C3-TEC-GJWGARY","Log4NetLevel":"INFO "}
{"@t":"2023-02-22T02:56:04.7450371Z","@mt":"Application started. Press Ctrl+C to shut down.","SourceContext":"Microsoft.Hosting.Lifetime","ProcessId":28496,"ProcessName":"Clean.Site","ThreadId":1,"ApplicationId":"08576e774ac196133407f48bb75449c37258f5a7","MachineName":"1C3-TEC-GJWGARY","Log4NetLevel":"INFO "}
{"@t":"2023-02-22T02:56:04.7451326Z","@mt":"Hosting environment: {EnvName}","EnvName":"Development","SourceContext":"Microsoft.Hosting.Lifetime","ProcessId":28496,"ProcessName":"Clean.Site","ThreadId":1,"ApplicationId":"08576e774ac196133407f48bb75449c37258f5a7","MachineName":"1C3-TEC-GJWGARY","Log4NetLevel":"INFO "}
{"@t":"2023-02-22T02:56:04.7451613Z","@mt":"Content root path: {ContentRoot}","ContentRoot":"C:\\Hadi\\Umbraco\\Clean\\Clean.Site","SourceContext":"Microsoft.Hosting.Lifetime","ProcessId":28496,"ProcessName":"Clean.Site","ThreadId":1,"ApplicationId":"08576e774ac196133407f48bb75449c37258f5a7","MachineName":"1C3-TEC-GJWGARY","Log4NetLevel":"INFO "}
{"@t":"2023-02-22T02:56:05.6985962Z","@mt":"Registered with MainDom, localContentDbExists? {LocalContentDbExists}, localMediaDbExists? {LocalMediaDbExists}","LocalContentDbExists":true,"LocalMediaDbExists":true,"SourceContext":"Umbraco.Cms.Infrastructure.PublishedCache.PublishedSnapshotService","RequestId":"0HMOKG1BGH26G:00000001","RequestPath":"/","ConnectionId":"0HMOKG1BGH26G","ProcessId":28496,"ProcessName":"Clean.Site","ThreadId":7,"ApplicationId":"08576e774ac196133407f48bb75449c37258f5a7","MachineName":"1C3-TEC-GJWGARY","Log4NetLevel":"INFO ","HttpRequestId":"25d24042-d2e7-4279-bcc0-a5393c15dde6","HttpRequestNumber":1,"HttpSessionId":"0"}
{"@t":"2023-02-22T02:56:05.7005823Z","@mt":"Creating the content store, localContentDbExists? {LocalContentDbExists}","LocalContentDbExists":true,"SourceContext":"Umbraco.Cms.Infrastructure.PublishedCache.PublishedSnapshotService","RequestId":"0HMOKG1BGH26G:00000001","RequestPath":"/","ConnectionId":"0HMOKG1BGH26G","ProcessId":28496,"ProcessName":"Clean.Site","ThreadId":7,"ApplicationId":"08576e774ac196133407f48bb75449c37258f5a7","MachineName":"1C3-TEC-GJWGARY","Log4NetLevel":"INFO ","HttpRequestId":"25d24042-d2e7-4279-bcc0-a5393c15dde6","HttpRequestNumber":1,"HttpSessionId":"0"}
{"@t":"2023-02-22T02:56:05.7027273Z","@mt":"Creating the media store, localMediaDbExists? {LocalMediaDbExists}","LocalMediaDbExists":true,"SourceContext":"Umbraco.Cms.Infrastructure.PublishedCache.PublishedSnapshotService","RequestId":"0HMOKG1BGH26G:00000001","RequestPath":"/","ConnectionId":"0HMOKG1BGH26G","ProcessId":28496,"ProcessName":"Clean.Site","ThreadId":7,"ApplicationId":"08576e774ac196133407f48bb75449c37258f5a7","MachineName":"1C3-TEC-GJWGARY","Log4NetLevel":"INFO ","HttpRequestId":"25d24042-d2e7-4279-bcc0-a5393c15dde6","HttpRequestNumber":1,"HttpSessionId":"0"}
{"@t":"2023-02-22T02:56:06.1028572Z","@mt":"{StartMessage} [Timing {TimingId}]","StartMessage":"Loading content from local cache file","TimingId":"406ed83","SourceContext":"Umbraco.Cms.Core.Logging.ProfilingLogger","RequestId":"0HMOKG1BGH26G:00000001","RequestPath":"/","ConnectionId":"0HMOKG1BGH26G","ProcessId":28496,"ProcessName":"Clean.Site","ThreadId":7,"ApplicationId":"08576e774ac196133407f48bb75449c37258f5a7","MachineName":"1C3-TEC-GJWGARY","Log4NetLevel":"INFO ","HttpRequestId":"25d24042-d2e7-4279-bcc0-a5393c15dde6","HttpRequestNumber":1,"HttpSessionId":"0"}
{"@t":"2023-02-22T02:56:06.1495086Z","@mt":"{EndMessage} ({Duration}ms) [Timing {TimingId}]","EndMessage":"Completed.","Duration":46,"TimingId":"406ed83","SourceContext":"Umbraco.Cms.Core.Logging.ProfilingLogger","RequestId":"0HMOKG1BGH26G:00000001","RequestPath":"/","ConnectionId":"0HMOKG1BGH26G","ProcessId":28496,"ProcessName":"Clean.Site","ThreadId":7,"ApplicationId":"08576e774ac196133407f48bb75449c37258f5a7","MachineName":"1C3-TEC-GJWGARY","Log4NetLevel":"INFO ","HttpRequestId":"25d24042-d2e7-4279-bcc0-a5393c15dde6","HttpRequestNumber":1,"HttpSessionId":"0"}
{"@t":"2023-02-22T02:56:06.1652634Z","@mt":"{StartMessage} [Timing {TimingId}]","StartMessage":"Loading media from local cache file","TimingId":"8157466","SourceContext":"Umbraco.Cms.Core.Logging.ProfilingLogger","RequestId":"0HMOKG1BGH26G:00000001","RequestPath":"/","ConnectionId":"0HMOKG1BGH26G","ProcessId":28496,"ProcessName":"Clean.Site","ThreadId":7,"ApplicationId":"08576e774ac196133407f48bb75449c37258f5a7","MachineName":"1C3-TEC-GJWGARY","Log4NetLevel":"INFO ","HttpRequestId":"25d24042-d2e7-4279-bcc0-a5393c15dde6","HttpRequestNumber":1,"HttpSessionId":"0"}
{"@t":"2023-02-22T02:56:06.1671442Z","@mt":"{EndMessage} ({Duration}ms) [Timing {TimingId}]","EndMessage":"Completed.","Duration":1,"TimingId":"8157466","SourceContext":"Umbraco.Cms.Core.Logging.ProfilingLogger","RequestId":"0HMOKG1BGH26G:00000001","RequestPath":"/","ConnectionId":"0HMOKG1BGH26G","ProcessId":28496,"ProcessName":"Clean.Site","ThreadId":7,"ApplicationId":"08576e774ac196133407f48bb75449c37258f5a7","MachineName":"1C3-TEC-GJWGARY","Log4NetLevel":"INFO ","HttpRequestId":"25d24042-d2e7-4279-bcc0-a5393c15dde6","HttpRequestNumber":1,"HttpSessionId":"0"}
{"@t":"2023-02-22T02:56:10.1166548Z","@mt":"Unable to configure browser refresh script injection on the response. Consider manually adding '<script src=\"/_framework/aspnetcore-browser-refresh.js\"></script>' to the body of the page.","@l":"Warning","EventId":{"Id":3,"Name":"FailedToConfiguredForRefreshes"},"SourceContext":"Microsoft.AspNetCore.Watch.BrowserRefresh.BrowserRefreshMiddleware","RequestId":"0HMOKG1BGH26G:00000001","RequestPath":"/","ConnectionId":"0HMOKG1BGH26G","ProcessId":28496,"ProcessName":"Clean.Site","ThreadId":7,"ApplicationId":"08576e774ac196133407f48bb75449c37258f5a7","MachineName":"1C3-TEC-GJWGARY","Log4NetLevel":"WARN "}
{"@t":"2023-02-22T03:15:27.0381645Z","@mt":"Adding examine event handlers for {RegisteredIndexers} index providers.","RegisteredIndexers":3,"SourceContext":"Umbraco.Cms.Infrastructure.Examine.ExamineUmbracoIndexingHandler","ActionId":"3785cd74-339f-42e5-ba5c-c9bb36268ad7","ActionName":"Umbraco.Cms.Web.BackOffice.Controllers.ContentTypeController.PostSave (Umbraco.Web.BackOffice)","RequestId":"0HMOKG1BGH26L:000000CB","RequestPath":"/umbraco/backoffice/umbracoapi/contenttype/PostSave","ConnectionId":"0HMOKG1BGH26L","ProcessId":28496,"ProcessName":"Clean.Site","ThreadId":73,"ApplicationId":"08576e774ac196133407f48bb75449c37258f5a7","MachineName":"1C3-TEC-GJWGARY","Log4NetLevel":"INFO ","HttpRequestId":"0c8d268c-a8ef-4d4b-b679-2d1169869135","HttpRequestNumber":2,"HttpSessionId":"c0f76635-4608-803d-b499-2c151f9df698"}
{"@t":"2023-02-22T03:16:29.6829624Z","@mt":"Document {ContentName} (id={ContentId}) has been published.","ContentName":"Home","ContentId":1064,"SourceContext":"Umbraco.Cms.Core.Services.ContentService","ActionId":"bfa0cb00-a3fd-4b6d-8545-ea7f6f4fa690","ActionName":"Umbraco.Cms.Web.BackOffice.Controllers.ContentController.PostSave (Umbraco.Web.BackOffice)","RequestId":"0HMOKG1BGH26L:00000199","RequestPath":"/umbraco/backoffice/umbracoapi/content/PostSave","ConnectionId":"0HMOKG1BGH26L","ProcessId":28496,"ProcessName":"Clean.Site","ThreadId":94,"ApplicationId":"08576e774ac196133407f48bb75449c37258f5a7","MachineName":"1C3-TEC-GJWGARY","Log4NetLevel":"INFO ","HttpRequestId":"7fedf22b-8187-4da3-a84a-78cdae99905f","HttpRequestNumber":3,"HttpSessionId":"8259834a-edfa-0b8c-394f-0961dc995894"}
{"@t":"2023-02-22T03:19:50.6790622Z","@mt":"An unhandled exception has occurred while executing the request.","@l":"Error","@x":"Microsoft.AspNetCore.Mvc.Razor.RuntimeCompilation.CompilationFailedException: One or more compilation failures occurred:\r\nC:\\Hadi\\Umbraco\\Clean\\Clean.Site\\Views\\HomePage.cshtml(9,12): error CS1061: 'HomePage' does not contain a definition for 'BodyText' and no accessible extension method 'BodyText' accepting a first argument of type 'HomePage' could be found (are you missing a using directive or an assembly reference?)\r\n   at Microsoft.AspNetCore.Mvc.Razor.RuntimeCompilation.RuntimeViewCompiler.CompileAndEmit(RazorCodeDocument codeDocument, String generatedCode)\r\n   at Microsoft.AspNetCore.Mvc.Razor.RuntimeCompilation.RuntimeViewCompiler.CompileAndEmit(String relativePath)\r\n   at Microsoft.AspNetCore.Mvc.Razor.RuntimeCompilation.RuntimeViewCompiler.OnCacheMiss(String normalizedPath)\r\n--- End of stack trace from previous location ---\r\n   at Microsoft.AspNetCore.Mvc.Razor.Compilation.DefaultRazorPageFactoryProvider.CreateFactory(String relativePath)\r\n   at Microsoft.AspNetCore.Mvc.Razor.RazorViewEngine.CreateCacheResult(HashSet`1 expirationTokens, String relativePath, Boolean isMainPage)\r\n   at Microsoft.AspNetCore.Mvc.Razor.RazorViewEngine.OnCacheMiss(ViewLocationExpanderContext expanderContext, ViewLocationCacheKey cacheKey)\r\n   at Microsoft.AspNetCore.Mvc.Razor.RazorViewEngine.LocatePageFromViewLocations(ActionContext actionContext, String pageName, Boolean isMainPage)\r\n   at Microsoft.AspNetCore.Mvc.Razor.RazorViewEngine.FindView(ActionContext context, String viewName, Boolean isMainPage)\r\n   at Umbraco.Cms.Web.Website.ViewEngines.ProfilingViewEngine.FindView(ActionContext context, String viewName, Boolean isMainPage)\r\n   at Microsoft.AspNetCore.Mvc.ViewEngines.CompositeViewEngine.FindView(ActionContext context, String viewName, Boolean isMainPage)\r\n   at Umbraco.Cms.Web.Common.Controllers.UmbracoPageController.EnsurePhsyicalViewExists(String template)\r\n   at Umbraco.Cms.Web.Common.Controllers.RenderController.CurrentTemplate[T](T model)\r\n   at Umbraco.Cms.Web.Common.Controllers.RenderController.Index()\r\n   at lambda_method14(Closure, Object, Object[])\r\n   at Microsoft.AspNetCore.Mvc.Infrastructure.ActionMethodExecutor.SyncActionResultExecutor.Execute(ActionContext actionContext, IActionResultTypeMapper mapper, ObjectMethodExecutor executor, Object controller, Object[] arguments)\r\n   at Microsoft.AspNetCore.Mvc.Infrastructure.ControllerActionInvoker.InvokeActionMethodAsync()\r\n   at Microsoft.AspNetCore.Mvc.Infrastructure.ControllerActionInvoker.Next(State& next, Scope& scope, Object& state, Boolean& isCompleted)\r\n   at Microsoft.AspNetCore.Mvc.Infrastructure.ControllerActionInvoker.InvokeNextActionFilterAsync()\r\n--- End of stack trace from previous location ---\r\n   at Microsoft.AspNetCore.Mvc.Infrastructure.ControllerActionInvoker.Rethrow(ActionExecutedContextSealed context)\r\n   at Microsoft.AspNetCore.Mvc.Infrastructure.ControllerActionInvoker.Next(State& next, Scope& scope, Object& state, Boolean& isCompleted)\r\n   at Microsoft.AspNetCore.Mvc.Infrastructure.ControllerActionInvoker.InvokeInnerFilterAsync()\r\n--- End of stack trace from previous location ---\r\n   at Microsoft.AspNetCore.Mvc.Infrastructure.ResourceInvoker.<InvokeNextExceptionFilterAsync>g__Awaited|26_0(ResourceInvoker invoker, Task lastTask, State next, Scope scope, Object state, Boolean isCompleted)\r\n   at Microsoft.AspNetCore.Mvc.Infrastructure.ResourceInvoker.Rethrow(ExceptionContextSealed context)\r\n   at Microsoft.AspNetCore.Mvc.Infrastructure.ResourceInvoker.Next(State& next, Scope& scope, Object& state, Boolean& isCompleted)\r\n   at Microsoft.AspNetCore.Mvc.Infrastructure.ResourceInvoker.InvokeNextResourceFilter()\r\n--- End of stack trace from previous location ---\r\n   at Microsoft.AspNetCore.Mvc.Infrastructure.ResourceInvoker.Rethrow(ResourceExecutedContextSealed context)\r\n   at Microsoft.AspNetCore.Mvc.Infrastructure.ResourceInvoker.Next(State& next, Scope& scope, Object& state, Boolean& isCompleted)\r\n   at Microsoft.AspNetCore.Mvc.Infrastructure.ResourceInvoker.InvokeFilterPipelineAsync()\r\n--- End of stack trace from previous location ---\r\n   at Microsoft.AspNetCore.Mvc.Infrastructure.ResourceInvoker.<InvokeAsync>g__Awaited|17_0(ResourceInvoker invoker, Task task, IDisposable scope)\r\n   at Microsoft.AspNetCore.Mvc.Infrastructure.ResourceInvoker.<InvokeAsync>g__Awaited|17_0(ResourceInvoker invoker, Task task, IDisposable scope)\r\n   at Microsoft.AspNetCore.Routing.EndpointMiddleware.<Invoke>g__AwaitRequestTask|6_0(Endpoint endpoint, Task requestTask, ILogger logger)\r\n   at Umbraco.Cms.Web.Common.Middleware.BasicAuthenticationMiddleware.InvokeAsync(HttpContext context, RequestDelegate next)\r\n   at Microsoft.AspNetCore.Builder.UseMiddlewareExtensions.<>c__DisplayClass6_1.<<UseMiddlewareInterface>b__1>d.MoveNext()\r\n--- End of stack trace from previous location ---\r\n   at Umbraco.Cms.Web.BackOffice.Middleware.BackOfficeExternalLoginProviderErrorMiddleware.InvokeAsync(HttpContext context, RequestDelegate next)\r\n   at Microsoft.AspNetCore.Builder.UseMiddlewareExtensions.<>c__DisplayClass6_1.<<UseMiddlewareInterface>b__1>d.MoveNext()\r\n--- End of stack trace from previous location ---\r\n   at Microsoft.AspNetCore.Session.SessionMiddleware.Invoke(HttpContext context)\r\n   at Microsoft.AspNetCore.Session.SessionMiddleware.Invoke(HttpContext context)\r\n   at Microsoft.AspNetCore.Localization.RequestLocalizationMiddleware.Invoke(HttpContext context)\r\n   at Microsoft.AspNetCore.Authorization.AuthorizationMiddleware.Invoke(HttpContext context)\r\n   at Microsoft.AspNetCore.Authentication.AuthenticationMiddleware.Invoke(HttpContext context)\r\n   at StackExchange.Profiling.MiniProfilerMiddleware.Invoke(HttpContext context) in C:\\projects\\dotnet\\src\\MiniProfiler.AspNetCore\\MiniProfilerMiddleware.cs:line 121\r\n   at Umbraco.Cms.Web.Common.Middleware.UmbracoRequestMiddleware.InvokeAsync(HttpContext context, RequestDelegate next)\r\n   at Umbraco.Cms.Web.Common.Middleware.UmbracoRequestMiddleware.InvokeAsync(HttpContext context, RequestDelegate next)\r\n   at Microsoft.AspNetCore.Builder.UseMiddlewareExtensions.<>c__DisplayClass6_1.<<UseMiddlewareInterface>b__1>d.MoveNext()\r\n--- End of stack trace from previous location ---\r\n   at Umbraco.Cms.Web.Common.Middleware.PreviewAuthenticationMiddleware.InvokeAsync(HttpContext context, RequestDelegate next)\r\n   at Microsoft.AspNetCore.Builder.UseMiddlewareExtensions.<>c__DisplayClass6_1.<<UseMiddlewareInterface>b__1>d.MoveNext()\r\n--- End of stack trace from previous location ---\r\n   at Umbraco.Cms.Web.Common.Middleware.UmbracoRequestLoggingMiddleware.InvokeAsync(HttpContext context, RequestDelegate next)\r\n   at Microsoft.AspNetCore.Builder.UseMiddlewareExtensions.<>c__DisplayClass6_1.<<UseMiddlewareInterface>b__1>d.MoveNext()\r\n--- End of stack trace from previous location ---\r\n   at SixLabors.ImageSharp.Web.Middleware.ImageSharpMiddleware.Invoke(HttpContext httpContext, Boolean retry)\r\n   at Microsoft.AspNetCore.Diagnostics.DeveloperExceptionPageMiddlewareImpl.Invoke(HttpContext context)","EventId":{"Id":1,"Name":"UnhandledException"},"SourceContext":"Microsoft.AspNetCore.Diagnostics.DeveloperExceptionPageMiddleware","RequestId":"0HMOKG1BGH26L:000001C5","RequestPath":"/","ConnectionId":"0HMOKG1BGH26L","ProcessId":28496,"ProcessName":"Clean.Site","ThreadId":106,"ApplicationId":"08576e774ac196133407f48bb75449c37258f5a7","MachineName":"1C3-TEC-GJWGARY","Log4NetLevel":"ERROR"}
{"@t":"2023-02-22T03:20:07.4580142Z","@mt":"Stopping ({SignalSource})","SignalSource":"environment","SourceContext":"Umbraco.Cms.Core.Runtime.MainDom","ProcessId":28496,"ProcessName":"Clean.Site","ThreadId":112,"ApplicationId":"08576e774ac196133407f48bb75449c37258f5a7","MachineName":"1C3-TEC-GJWGARY","Log4NetLevel":"INFO "}
{"@t":"2023-02-22T03:20:07.4619196Z","@mt":"Released from MainDom","SourceContext":"Umbraco.Cms.Infrastructure.PublishedCache.PublishedSnapshotService","ProcessId":28496,"ProcessName":"Clean.Site","ThreadId":112,"ApplicationId":"08576e774ac196133407f48bb75449c37258f5a7","MachineName":"1C3-TEC-GJWGARY","Log4NetLevel":"INFO "}
{"@t":"2023-02-22T03:20:07.4621761Z","@mt":"{StartMessage} [Timing {TimingId}]","StartMessage":"Examine shutting down","TimingId":"b461f9a","SourceContext":"Umbraco.Cms.Core.Logging.ProfilingLogger","ProcessId":28496,"ProcessName":"Clean.Site","ThreadId":112,"ApplicationId":"08576e774ac196133407f48bb75449c37258f5a7","MachineName":"1C3-TEC-GJWGARY","Log4NetLevel":"INFO "}
{"@t":"2023-02-22T03:20:07.4753566Z","@mt":"{EndMessage} ({Duration}ms) [Timing {TimingId}]","EndMessage":"Completed.","Duration":13,"TimingId":"b461f9a","SourceContext":"Umbraco.Cms.Core.Logging.ProfilingLogger","ProcessId":28496,"ProcessName":"Clean.Site","ThreadId":112,"ApplicationId":"08576e774ac196133407f48bb75449c37258f5a7","MachineName":"1C3-TEC-GJWGARY","Log4NetLevel":"INFO "}
{"@t":"2023-02-22T03:20:07.4756525Z","@mt":"Released ({SignalSource})","SignalSource":"environment","SourceContext":"Umbraco.Cms.Core.Runtime.MainDom","ProcessId":28496,"ProcessName":"Clean.Site","ThreadId":112,"ApplicationId":"08576e774ac196133407f48bb75449c37258f5a7","MachineName":"1C3-TEC-GJWGARY","Log4NetLevel":"INFO "}
{"@t":"2023-02-22T03:20:07.4759253Z","@mt":"Application is shutting down...","SourceContext":"Microsoft.Hosting.Lifetime","ProcessId":28496,"ProcessName":"Clean.Site","ThreadId":112,"ApplicationId":"08576e774ac196133407f48bb75449c37258f5a7","MachineName":"1C3-TEC-GJWGARY","Log4NetLevel":"INFO "}
{"@t":"2023-02-22T03:20:07.4972949Z","@mt":"Queued Hosted Service is stopping.","SourceContext":"Umbraco.Cms.Infrastructure.HostedServices.QueuedHostedService","ProcessId":28496,"ProcessName":"Clean.Site","ThreadId":109,"ApplicationId":"08576e774ac196133407f48bb75449c37258f5a7","MachineName":"1C3-TEC-GJWGARY","Log4NetLevel":"INFO "}
{"@t":"2023-02-22T03:20:27.4967500Z","@mt":"Acquiring MainDom.","SourceContext":"Umbraco.Cms.Core.Runtime.MainDom","ProcessId":28172,"ProcessName":"Clean.Site","ThreadId":1,"ApplicationId":"08576e774ac196133407f48bb75449c37258f5a7","MachineName":"1C3-TEC-GJWGARY","Log4NetLevel":"INFO "}
{"@t":"2023-02-22T03:20:27.5077875Z","@mt":"Acquired MainDom.","SourceContext":"Umbraco.Cms.Core.Runtime.MainDom","ProcessId":28172,"ProcessName":"Clean.Site","ThreadId":1,"ApplicationId":"08576e774ac196133407f48bb75449c37258f5a7","MachineName":"1C3-TEC-GJWGARY","Log4NetLevel":"INFO "}
{"@t":"2023-02-22T03:20:28.9041061Z","@mt":"Now listening on: {address}","address":"https://localhost:44365","EventId":{"Id":14,"Name":"ListeningOnAddress"},"SourceContext":"Microsoft.Hosting.Lifetime","ProcessId":28172,"ProcessName":"Clean.Site","ThreadId":1,"ApplicationId":"08576e774ac196133407f48bb75449c37258f5a7","MachineName":"1C3-TEC-GJWGARY","Log4NetLevel":"INFO "}
{"@t":"2023-02-22T03:20:28.9065878Z","@mt":"Now listening on: {address}","address":"http://localhost:43116","EventId":{"Id":14,"Name":"ListeningOnAddress"},"SourceContext":"Microsoft.Hosting.Lifetime","ProcessId":28172,"ProcessName":"Clean.Site","ThreadId":1,"ApplicationId":"08576e774ac196133407f48bb75449c37258f5a7","MachineName":"1C3-TEC-GJWGARY","Log4NetLevel":"INFO "}
{"@t":"2023-02-22T03:20:28.9116978Z","@mt":"Application started. Press Ctrl+C to shut down.","SourceContext":"Microsoft.Hosting.Lifetime","ProcessId":28172,"ProcessName":"Clean.Site","ThreadId":1,"ApplicationId":"08576e774ac196133407f48bb75449c37258f5a7","MachineName":"1C3-TEC-GJWGARY","Log4NetLevel":"INFO "}
{"@t":"2023-02-22T03:20:28.9117713Z","@mt":"Hosting environment: {EnvName}","EnvName":"Development","SourceContext":"Microsoft.Hosting.Lifetime","ProcessId":28172,"ProcessName":"Clean.Site","ThreadId":1,"ApplicationId":"08576e774ac196133407f48bb75449c37258f5a7","MachineName":"1C3-TEC-GJWGARY","Log4NetLevel":"INFO "}
{"@t":"2023-02-22T03:20:28.9117968Z","@mt":"Content root path: {ContentRoot}","ContentRoot":"C:\\Hadi\\Umbraco\\Clean\\Clean.Site","SourceContext":"Microsoft.Hosting.Lifetime","ProcessId":28172,"ProcessName":"Clean.Site","ThreadId":1,"ApplicationId":"08576e774ac196133407f48bb75449c37258f5a7","MachineName":"1C3-TEC-GJWGARY","Log4NetLevel":"INFO "}
{"@t":"2023-02-22T03:20:30.0991324Z","@mt":"Registered with MainDom, localContentDbExists? {LocalContentDbExists}, localMediaDbExists? {LocalMediaDbExists}","LocalContentDbExists":true,"LocalMediaDbExists":true,"SourceContext":"Umbraco.Cms.Infrastructure.PublishedCache.PublishedSnapshotService","RequestId":"0HMOKGEVSGVKV:00000001","RequestPath":"/","ConnectionId":"0HMOKGEVSGVKV","ProcessId":28172,"ProcessName":"Clean.Site","ThreadId":7,"ApplicationId":"08576e774ac196133407f48bb75449c37258f5a7","MachineName":"1C3-TEC-GJWGARY","Log4NetLevel":"INFO ","HttpRequestId":"9940e738-632a-414a-961c-76db60b09ff9","HttpRequestNumber":1,"HttpSessionId":"0"}
{"@t":"2023-02-22T03:20:30.1011710Z","@mt":"Creating the content store, localContentDbExists? {LocalContentDbExists}","LocalContentDbExists":true,"SourceContext":"Umbraco.Cms.Infrastructure.PublishedCache.PublishedSnapshotService","RequestId":"0HMOKGEVSGVKV:00000001","RequestPath":"/","ConnectionId":"0HMOKGEVSGVKV","ProcessId":28172,"ProcessName":"Clean.Site","ThreadId":7,"ApplicationId":"08576e774ac196133407f48bb75449c37258f5a7","MachineName":"1C3-TEC-GJWGARY","Log4NetLevel":"INFO ","HttpRequestId":"9940e738-632a-414a-961c-76db60b09ff9","HttpRequestNumber":1,"HttpSessionId":"0"}
{"@t":"2023-02-22T03:20:30.1031354Z","@mt":"Creating the media store, localMediaDbExists? {LocalMediaDbExists}","LocalMediaDbExists":true,"SourceContext":"Umbraco.Cms.Infrastructure.PublishedCache.PublishedSnapshotService","RequestId":"0HMOKGEVSGVKV:00000001","RequestPath":"/","ConnectionId":"0HMOKGEVSGVKV","ProcessId":28172,"ProcessName":"Clean.Site","ThreadId":7,"ApplicationId":"08576e774ac196133407f48bb75449c37258f5a7","MachineName":"1C3-TEC-GJWGARY","Log4NetLevel":"INFO ","HttpRequestId":"9940e738-632a-414a-961c-76db60b09ff9","HttpRequestNumber":1,"HttpSessionId":"0"}
{"@t":"2023-02-22T03:20:30.5802474Z","@mt":"{StartMessage} [Timing {TimingId}]","StartMessage":"Loading content from local cache file","TimingId":"893a614","SourceContext":"Umbraco.Cms.Core.Logging.ProfilingLogger","RequestId":"0HMOKGEVSGVKV:00000001","RequestPath":"/","ConnectionId":"0HMOKGEVSGVKV","ProcessId":28172,"ProcessName":"Clean.Site","ThreadId":7,"ApplicationId":"08576e774ac196133407f48bb75449c37258f5a7","MachineName":"1C3-TEC-GJWGARY","Log4NetLevel":"INFO ","HttpRequestId":"9940e738-632a-414a-961c-76db60b09ff9","HttpRequestNumber":1,"HttpSessionId":"0"}
{"@t":"2023-02-22T03:20:30.6105832Z","@mt":"{EndMessage} ({Duration}ms) [Timing {TimingId}]","EndMessage":"Completed.","Duration":30,"TimingId":"893a614","SourceContext":"Umbraco.Cms.Core.Logging.ProfilingLogger","RequestId":"0HMOKGEVSGVKV:00000001","RequestPath":"/","ConnectionId":"0HMOKGEVSGVKV","ProcessId":28172,"ProcessName":"Clean.Site","ThreadId":7,"ApplicationId":"08576e774ac196133407f48bb75449c37258f5a7","MachineName":"1C3-TEC-GJWGARY","Log4NetLevel":"INFO ","HttpRequestId":"9940e738-632a-414a-961c-76db60b09ff9","HttpRequestNumber":1,"HttpSessionId":"0"}
{"@t":"2023-02-22T03:20:30.6191253Z","@mt":"{StartMessage} [Timing {TimingId}]","StartMessage":"Loading media from local cache file","TimingId":"1b0e84a","SourceContext":"Umbraco.Cms.Core.Logging.ProfilingLogger","RequestId":"0HMOKGEVSGVKV:00000001","RequestPath":"/","ConnectionId":"0HMOKGEVSGVKV","ProcessId":28172,"ProcessName":"Clean.Site","ThreadId":7,"ApplicationId":"08576e774ac196133407f48bb75449c37258f5a7","MachineName":"1C3-TEC-GJWGARY","Log4NetLevel":"INFO ","HttpRequestId":"9940e738-632a-414a-961c-76db60b09ff9","HttpRequestNumber":1,"HttpSessionId":"0"}
{"@t":"2023-02-22T03:20:30.6202939Z","@mt":"{EndMessage} ({Duration}ms) [Timing {TimingId}]","EndMessage":"Completed.","Duration":1,"TimingId":"1b0e84a","SourceContext":"Umbraco.Cms.Core.Logging.ProfilingLogger","RequestId":"0HMOKGEVSGVKV:00000001","RequestPath":"/","ConnectionId":"0HMOKGEVSGVKV","ProcessId":28172,"ProcessName":"Clean.Site","ThreadId":7,"ApplicationId":"08576e774ac196133407f48bb75449c37258f5a7","MachineName":"1C3-TEC-GJWGARY","Log4NetLevel":"INFO ","HttpRequestId":"9940e738-632a-414a-961c-76db60b09ff9","HttpRequestNumber":1,"HttpSessionId":"0"}
{"@t":"2023-02-22T03:20:36.1042929Z","@mt":"Unable to configure browser refresh script injection on the response. Consider manually adding '<script src=\"/_framework/aspnetcore-browser-refresh.js\"></script>' to the body of the page.","@l":"Warning","EventId":{"Id":3,"Name":"FailedToConfiguredForRefreshes"},"SourceContext":"Microsoft.AspNetCore.Watch.BrowserRefresh.BrowserRefreshMiddleware","RequestId":"0HMOKGEVSGVKV:00000001","RequestPath":"/","ConnectionId":"0HMOKGEVSGVKV","ProcessId":28172,"ProcessName":"Clean.Site","ThreadId":7,"ApplicationId":"08576e774ac196133407f48bb75449c37258f5a7","MachineName":"1C3-TEC-GJWGARY","Log4NetLevel":"WARN "}
{"@t":"2023-02-22T03:21:18.0169925Z","@mt":"Document {ContentName} (id={ContentId}) has been published.","ContentName":"Home","ContentId":1064,"SourceContext":"Umbraco.Cms.Core.Services.ContentService","ActionId":"cc3fe91e-a71e-46c7-89c1-b616be3ff911","ActionName":"Umbraco.Cms.Web.BackOffice.Controllers.ContentController.PostSave (Umbraco.Web.BackOffice)","RequestId":"0HMOKGEVSGVKV:00000005","RequestPath":"/umbraco/backoffice/umbracoapi/content/PostSave","ConnectionId":"0HMOKGEVSGVKV","ProcessId":28172,"ProcessName":"Clean.Site","ThreadId":4,"ApplicationId":"08576e774ac196133407f48bb75449c37258f5a7","MachineName":"1C3-TEC-GJWGARY","Log4NetLevel":"INFO ","HttpRequestId":"248af47f-5205-43a9-8784-e7ab1234e90b","HttpRequestNumber":2,"HttpSessionId":"acd3caaa-499b-9da4-b070-e8e4cacc58af"}
{"@t":"2023-02-22T03:21:18.3162014Z","@mt":"Adding examine event handlers for {RegisteredIndexers} index providers.","RegisteredIndexers":3,"SourceContext":"Umbraco.Cms.Infrastructure.Examine.ExamineUmbracoIndexingHandler","ActionId":"cc3fe91e-a71e-46c7-89c1-b616be3ff911","ActionName":"Umbraco.Cms.Web.BackOffice.Controllers.ContentController.PostSave (Umbraco.Web.BackOffice)","RequestId":"0HMOKGEVSGVKV:00000005","RequestPath":"/umbraco/backoffice/umbracoapi/content/PostSave","ConnectionId":"0HMOKGEVSGVKV","ProcessId":28172,"ProcessName":"Clean.Site","ThreadId":4,"ApplicationId":"08576e774ac196133407f48bb75449c37258f5a7","MachineName":"1C3-TEC-GJWGARY","Log4NetLevel":"INFO ","HttpRequestId":"248af47f-5205-43a9-8784-e7ab1234e90b","HttpRequestNumber":2,"HttpSessionId":"acd3caaa-499b-9da4-b070-e8e4cacc58af"}
{"@t":"2023-02-22T03:21:24.7070439Z","@mt":"Unable to configure browser refresh script injection on the response. Consider manually adding '<script src=\"/_framework/aspnetcore-browser-refresh.js\"></script>' to the body of the page.","@l":"Warning","EventId":{"Id":3,"Name":"FailedToConfiguredForRefreshes"},"SourceContext":"Microsoft.AspNetCore.Watch.BrowserRefresh.BrowserRefreshMiddleware","RequestId":"0HMOKGEVSGVKV:00000009","RequestPath":"/","ConnectionId":"0HMOKGEVSGVKV","ProcessId":28172,"ProcessName":"Clean.Site","ThreadId":23,"ApplicationId":"08576e774ac196133407f48bb75449c37258f5a7","MachineName":"1C3-TEC-GJWGARY","Log4NetLevel":"WARN "}
{"@t":"2023-02-22T03:22:25.2640839Z","@mt":"Unable to configure browser refresh script injection on the response. Consider manually adding '<script src=\"/_framework/aspnetcore-browser-refresh.js\"></script>' to the body of the page.","@l":"Warning","EventId":{"Id":3,"Name":"FailedToConfiguredForRefreshes"},"SourceContext":"Microsoft.AspNetCore.Watch.BrowserRefresh.BrowserRefreshMiddleware","RequestId":"0HMOKGEVSGVKV:00000035","RequestPath":"/","ConnectionId":"0HMOKGEVSGVKV","ProcessId":28172,"ProcessName":"Clean.Site","ThreadId":4,"ApplicationId":"08576e774ac196133407f48bb75449c37258f5a7","MachineName":"1C3-TEC-GJWGARY","Log4NetLevel":"WARN "}
{"@t":"2023-02-22T03:41:14.3362298Z","@mt":"User logged will be logged out due to timeout: {Username}, IP Address: {IPAddress}","Username":"admin@example.com","IPAddress":"::1","SourceContext":"Umbraco.Cms.Web.BackOffice.Controllers.AuthenticationController","ActionId":"8c80839e-14ef-4548-a6a6-a4d6f98eb3b4","ActionName":"Umbraco.Cms.Web.BackOffice.Controllers.AuthenticationController.GetRemainingTimeoutSeconds (Umbraco.Web.BackOffice)","RequestId":"0HMOKGEVSGVKV:00000063","RequestPath":"/umbraco/backoffice/umbracoapi/authentication/GetRemainingTimeoutSeconds","ConnectionId":"0HMOKGEVSGVKV","ProcessId":28172,"ProcessName":"Clean.Site","ThreadId":65,"ApplicationId":"08576e774ac196133407f48bb75449c37258f5a7","MachineName":"1C3-TEC-GJWGARY","Log4NetLevel":"INFO ","HttpRequestId":"fc06a023-a0b0-4367-b4d8-4b037f01466b","HttpRequestNumber":3,"HttpSessionId":"3b55bb6c-850c-b2e1-fe35-68b0da232746"}
{"@t":"2023-02-22T03:46:16.3321121Z","@mt":"Document {ContentName} (id={ContentId}) has been published.","ContentName":"Home","ContentId":1064,"SourceContext":"Umbraco.Cms.Core.Services.ContentService","ActionId":"cc3fe91e-a71e-46c7-89c1-b616be3ff911","ActionName":"Umbraco.Cms.Web.BackOffice.Controllers.ContentController.PostSave (Umbraco.Web.BackOffice)","RequestId":"0HMOKGEVSGVL5:0000000F","RequestPath":"/umbraco/backoffice/umbracoapi/content/PostSave","ConnectionId":"0HMOKGEVSGVL5","ProcessId":28172,"ProcessName":"Clean.Site","ThreadId":75,"ApplicationId":"08576e774ac196133407f48bb75449c37258f5a7","MachineName":"1C3-TEC-GJWGARY","Log4NetLevel":"INFO ","HttpRequestId":"a7408e5e-3e1d-4e09-8e3f-b8cd8f78870b","HttpRequestNumber":4,"HttpSessionId":"2da8a92e-3600-00ac-f44e-163a05eb4775"}
{"@t":"2023-02-22T03:46:19.9148897Z","@mt":"Unable to configure browser refresh script injection on the response. Consider manually adding '<script src=\"/_framework/aspnetcore-browser-refresh.js\"></script>' to the body of the page.","@l":"Warning","EventId":{"Id":3,"Name":"FailedToConfiguredForRefreshes"},"SourceContext":"Microsoft.AspNetCore.Watch.BrowserRefresh.BrowserRefreshMiddleware","RequestId":"0HMOKGEVSGVL5:00000013","RequestPath":"/","ConnectionId":"0HMOKGEVSGVL5","ProcessId":28172,"ProcessName":"Clean.Site","ThreadId":85,"ApplicationId":"08576e774ac196133407f48bb75449c37258f5a7","MachineName":"1C3-TEC-GJWGARY","Log4NetLevel":"WARN "}
{"@t":"2023-02-22T04:05:34.3127669Z","@mt":"Acquiring MainDom.","SourceContext":"Umbraco.Cms.Core.Runtime.MainDom","ProcessId":23564,"ProcessName":"Clean.Site","ThreadId":1,"ApplicationId":"08576e774ac196133407f48bb75449c37258f5a7","MachineName":"1C3-TEC-GJWGARY","Log4NetLevel":"INFO "}
{"@t":"2023-02-22T04:05:34.3198096Z","@mt":"Acquired MainDom.","SourceContext":"Umbraco.Cms.Core.Runtime.MainDom","ProcessId":23564,"ProcessName":"Clean.Site","ThreadId":1,"ApplicationId":"08576e774ac196133407f48bb75449c37258f5a7","MachineName":"1C3-TEC-GJWGARY","Log4NetLevel":"INFO "}
{"@t":"2023-02-22T04:05:35.1274508Z","@mt":"Now listening on: {address}","address":"https://localhost:44365","EventId":{"Id":14,"Name":"ListeningOnAddress"},"SourceContext":"Microsoft.Hosting.Lifetime","ProcessId":23564,"ProcessName":"Clean.Site","ThreadId":1,"ApplicationId":"08576e774ac196133407f48bb75449c37258f5a7","MachineName":"1C3-TEC-GJWGARY","Log4NetLevel":"INFO "}
{"@t":"2023-02-22T04:05:35.1278734Z","@mt":"Now listening on: {address}","address":"http://localhost:43116","EventId":{"Id":14,"Name":"ListeningOnAddress"},"SourceContext":"Microsoft.Hosting.Lifetime","ProcessId":23564,"ProcessName":"Clean.Site","ThreadId":1,"ApplicationId":"08576e774ac196133407f48bb75449c37258f5a7","MachineName":"1C3-TEC-GJWGARY","Log4NetLevel":"INFO "}
{"@t":"2023-02-22T04:05:35.1303035Z","@mt":"Application started. Press Ctrl+C to shut down.","SourceContext":"Microsoft.Hosting.Lifetime","ProcessId":23564,"ProcessName":"Clean.Site","ThreadId":1,"ApplicationId":"08576e774ac196133407f48bb75449c37258f5a7","MachineName":"1C3-TEC-GJWGARY","Log4NetLevel":"INFO "}
{"@t":"2023-02-22T04:05:35.1303495Z","@mt":"Hosting environment: {EnvName}","EnvName":"Development","SourceContext":"Microsoft.Hosting.Lifetime","ProcessId":23564,"ProcessName":"Clean.Site","ThreadId":1,"ApplicationId":"08576e774ac196133407f48bb75449c37258f5a7","MachineName":"1C3-TEC-GJWGARY","Log4NetLevel":"INFO "}
{"@t":"2023-02-22T04:05:35.1303660Z","@mt":"Content root path: {ContentRoot}","ContentRoot":"C:\\Hadi\\Umbraco\\Clean\\Clean.Site","SourceContext":"Microsoft.Hosting.Lifetime","ProcessId":23564,"ProcessName":"Clean.Site","ThreadId":1,"ApplicationId":"08576e774ac196133407f48bb75449c37258f5a7","MachineName":"1C3-TEC-GJWGARY","Log4NetLevel":"INFO "}
{"@t":"2023-02-22T04:06:17.2701283Z","@mt":"Registered with MainDom, localContentDbExists? {LocalContentDbExists}, localMediaDbExists? {LocalMediaDbExists}","LocalContentDbExists":true,"LocalMediaDbExists":true,"SourceContext":"Umbraco.Cms.Infrastructure.PublishedCache.PublishedSnapshotService","ActionId":"ed8fb385-5def-4a56-b47c-f419664df5aa","ActionName":"Umbraco.Cms.Web.BackOffice.Controllers.ContentController.GetById (Umbraco.Web.BackOffice)","RequestId":"0HMOKH89BFP3P:00000089","RequestPath":"/umbraco/backoffice/umbracoapi/content/GetById","ConnectionId":"0HMOKH89BFP3P","ProcessId":23564,"ProcessName":"Clean.Site","ThreadId":13,"ApplicationId":"08576e774ac196133407f48bb75449c37258f5a7","MachineName":"1C3-TEC-GJWGARY","Log4NetLevel":"INFO ","HttpRequestId":"475ee6eb-0ce0-47a9-82d2-ada14612273d","HttpRequestNumber":1,"HttpSessionId":"982a2ed4-35c1-82a3-efc3-c6262fb8a0d7"}
{"@t":"2023-02-22T04:06:17.2728961Z","@mt":"Creating the content store, localContentDbExists? {LocalContentDbExists}","LocalContentDbExists":true,"SourceContext":"Umbraco.Cms.Infrastructure.PublishedCache.PublishedSnapshotService","ActionId":"ed8fb385-5def-4a56-b47c-f419664df5aa","ActionName":"Umbraco.Cms.Web.BackOffice.Controllers.ContentController.GetById (Umbraco.Web.BackOffice)","RequestId":"0HMOKH89BFP3P:00000089","RequestPath":"/umbraco/backoffice/umbracoapi/content/GetById","ConnectionId":"0HMOKH89BFP3P","ProcessId":23564,"ProcessName":"Clean.Site","ThreadId":13,"ApplicationId":"08576e774ac196133407f48bb75449c37258f5a7","MachineName":"1C3-TEC-GJWGARY","Log4NetLevel":"INFO ","HttpRequestId":"475ee6eb-0ce0-47a9-82d2-ada14612273d","HttpRequestNumber":1,"HttpSessionId":"982a2ed4-35c1-82a3-efc3-c6262fb8a0d7"}
{"@t":"2023-02-22T04:06:17.2750701Z","@mt":"Creating the media store, localMediaDbExists? {LocalMediaDbExists}","LocalMediaDbExists":true,"SourceContext":"Umbraco.Cms.Infrastructure.PublishedCache.PublishedSnapshotService","ActionId":"ed8fb385-5def-4a56-b47c-f419664df5aa","ActionName":"Umbraco.Cms.Web.BackOffice.Controllers.ContentController.GetById (Umbraco.Web.BackOffice)","RequestId":"0HMOKH89BFP3P:00000089","RequestPath":"/umbraco/backoffice/umbracoapi/content/GetById","ConnectionId":"0HMOKH89BFP3P","ProcessId":23564,"ProcessName":"Clean.Site","ThreadId":13,"ApplicationId":"08576e774ac196133407f48bb75449c37258f5a7","MachineName":"1C3-TEC-GJWGARY","Log4NetLevel":"INFO ","HttpRequestId":"475ee6eb-0ce0-47a9-82d2-ada14612273d","HttpRequestNumber":1,"HttpSessionId":"982a2ed4-35c1-82a3-efc3-c6262fb8a0d7"}
{"@t":"2023-02-22T04:06:17.3458470Z","@mt":"{StartMessage} [Timing {TimingId}]","StartMessage":"Loading content from local cache file","TimingId":"237f1c3","SourceContext":"Umbraco.Cms.Core.Logging.ProfilingLogger","ActionId":"ed8fb385-5def-4a56-b47c-f419664df5aa","ActionName":"Umbraco.Cms.Web.BackOffice.Controllers.ContentController.GetById (Umbraco.Web.BackOffice)","RequestId":"0HMOKH89BFP3P:00000089","RequestPath":"/umbraco/backoffice/umbracoapi/content/GetById","ConnectionId":"0HMOKH89BFP3P","ProcessId":23564,"ProcessName":"Clean.Site","ThreadId":13,"ApplicationId":"08576e774ac196133407f48bb75449c37258f5a7","MachineName":"1C3-TEC-GJWGARY","Log4NetLevel":"INFO ","HttpRequestId":"475ee6eb-0ce0-47a9-82d2-ada14612273d","HttpRequestNumber":1,"HttpSessionId":"982a2ed4-35c1-82a3-efc3-c6262fb8a0d7"}
{"@t":"2023-02-22T04:06:17.3725803Z","@mt":"{EndMessage} ({Duration}ms) [Timing {TimingId}]","EndMessage":"Completed.","Duration":26,"TimingId":"237f1c3","SourceContext":"Umbraco.Cms.Core.Logging.ProfilingLogger","ActionId":"ed8fb385-5def-4a56-b47c-f419664df5aa","ActionName":"Umbraco.Cms.Web.BackOffice.Controllers.ContentController.GetById (Umbraco.Web.BackOffice)","RequestId":"0HMOKH89BFP3P:00000089","RequestPath":"/umbraco/backoffice/umbracoapi/content/GetById","ConnectionId":"0HMOKH89BFP3P","ProcessId":23564,"ProcessName":"Clean.Site","ThreadId":13,"ApplicationId":"08576e774ac196133407f48bb75449c37258f5a7","MachineName":"1C3-TEC-GJWGARY","Log4NetLevel":"INFO ","HttpRequestId":"475ee6eb-0ce0-47a9-82d2-ada14612273d","HttpRequestNumber":1,"HttpSessionId":"982a2ed4-35c1-82a3-efc3-c6262fb8a0d7"}
{"@t":"2023-02-22T04:06:17.3778032Z","@mt":"{StartMessage} [Timing {TimingId}]","StartMessage":"Loading media from local cache file","TimingId":"47d48d3","SourceContext":"Umbraco.Cms.Core.Logging.ProfilingLogger","ActionId":"ed8fb385-5def-4a56-b47c-f419664df5aa","ActionName":"Umbraco.Cms.Web.BackOffice.Controllers.ContentController.GetById (Umbraco.Web.BackOffice)","RequestId":"0HMOKH89BFP3P:00000089","RequestPath":"/umbraco/backoffice/umbracoapi/content/GetById","ConnectionId":"0HMOKH89BFP3P","ProcessId":23564,"ProcessName":"Clean.Site","ThreadId":13,"ApplicationId":"08576e774ac196133407f48bb75449c37258f5a7","MachineName":"1C3-TEC-GJWGARY","Log4NetLevel":"INFO ","HttpRequestId":"475ee6eb-0ce0-47a9-82d2-ada14612273d","HttpRequestNumber":1,"HttpSessionId":"982a2ed4-35c1-82a3-efc3-c6262fb8a0d7"}
{"@t":"2023-02-22T04:06:17.3790972Z","@mt":"{EndMessage} ({Duration}ms) [Timing {TimingId}]","EndMessage":"Completed.","Duration":1,"TimingId":"47d48d3","SourceContext":"Umbraco.Cms.Core.Logging.ProfilingLogger","ActionId":"ed8fb385-5def-4a56-b47c-f419664df5aa","ActionName":"Umbraco.Cms.Web.BackOffice.Controllers.ContentController.GetById (Umbraco.Web.BackOffice)","RequestId":"0HMOKH89BFP3P:00000089","RequestPath":"/umbraco/backoffice/umbracoapi/content/GetById","ConnectionId":"0HMOKH89BFP3P","ProcessId":23564,"ProcessName":"Clean.Site","ThreadId":13,"ApplicationId":"08576e774ac196133407f48bb75449c37258f5a7","MachineName":"1C3-TEC-GJWGARY","Log4NetLevel":"INFO ","HttpRequestId":"475ee6eb-0ce0-47a9-82d2-ada14612273d","HttpRequestNumber":1,"HttpSessionId":"982a2ed4-35c1-82a3-efc3-c6262fb8a0d7"}
{"@t":"2023-02-22T04:06:25.9989787Z","@mt":"Unable to configure browser refresh script injection on the response. Consider manually adding '<script src=\"/_framework/aspnetcore-browser-refresh.js\"></script>' to the body of the page.","@l":"Warning","EventId":{"Id":3,"Name":"FailedToConfiguredForRefreshes"},"SourceContext":"Microsoft.AspNetCore.Watch.BrowserRefresh.BrowserRefreshMiddleware","RequestId":"0HMOKH89BFP3P:000000BD","RequestPath":"/","ConnectionId":"0HMOKH89BFP3P","ProcessId":23564,"ProcessName":"Clean.Site","ThreadId":24,"ApplicationId":"08576e774ac196133407f48bb75449c37258f5a7","MachineName":"1C3-TEC-GJWGARY","Log4NetLevel":"WARN "}
{"@t":"2023-02-22T04:06:29.7691298Z","@mt":"Document {ContentName} (id={ContentId}) has been published.","ContentName":"Home","ContentId":1064,"SourceContext":"Umbraco.Cms.Core.Services.ContentService","ActionId":"2e37ace3-5f91-4f91-9d14-28b00c05bbab","ActionName":"Umbraco.Cms.Web.BackOffice.Controllers.ContentController.PostSave (Umbraco.Web.BackOffice)","RequestId":"0HMOKH89BFP3P:000000C1","RequestPath":"/umbraco/backoffice/umbracoapi/content/PostSave","ConnectionId":"0HMOKH89BFP3P","ProcessId":23564,"ProcessName":"Clean.Site","ThreadId":24,"ApplicationId":"08576e774ac196133407f48bb75449c37258f5a7","MachineName":"1C3-TEC-GJWGARY","Log4NetLevel":"INFO ","HttpRequestId":"fc42f8c0-9805-401d-b19a-cea4b87c9e66","HttpRequestNumber":2,"HttpSessionId":"1b7e8419-fdd1-65a9-f6d5-21b43da39d5f"}
{"@t":"2023-02-22T04:06:30.0786729Z","@mt":"Adding examine event handlers for {RegisteredIndexers} index providers.","RegisteredIndexers":3,"SourceContext":"Umbraco.Cms.Infrastructure.Examine.ExamineUmbracoIndexingHandler","ActionId":"2e37ace3-5f91-4f91-9d14-28b00c05bbab","ActionName":"Umbraco.Cms.Web.BackOffice.Controllers.ContentController.PostSave (Umbraco.Web.BackOffice)","RequestId":"0HMOKH89BFP3P:000000C1","RequestPath":"/umbraco/backoffice/umbracoapi/content/PostSave","ConnectionId":"0HMOKH89BFP3P","ProcessId":23564,"ProcessName":"Clean.Site","ThreadId":24,"ApplicationId":"08576e774ac196133407f48bb75449c37258f5a7","MachineName":"1C3-TEC-GJWGARY","Log4NetLevel":"INFO ","HttpRequestId":"fc42f8c0-9805-401d-b19a-cea4b87c9e66","HttpRequestNumber":2,"HttpSessionId":"1b7e8419-fdd1-65a9-f6d5-21b43da39d5f"}
{"@t":"2023-02-22T04:06:32.7127209Z","@mt":"Unable to configure browser refresh script injection on the response. Consider manually adding '<script src=\"/_framework/aspnetcore-browser-refresh.js\"></script>' to the body of the page.","@l":"Warning","EventId":{"Id":3,"Name":"FailedToConfiguredForRefreshes"},"SourceContext":"Microsoft.AspNetCore.Watch.BrowserRefresh.BrowserRefreshMiddleware","RequestId":"0HMOKH89BFP3P:000000C5","RequestPath":"/","ConnectionId":"0HMOKH89BFP3P","ProcessId":23564,"ProcessName":"Clean.Site","ThreadId":13,"ApplicationId":"08576e774ac196133407f48bb75449c37258f5a7","MachineName":"1C3-TEC-GJWGARY","Log4NetLevel":"WARN "}
{"@t":"2023-02-22T04:09:12.3610018Z","@mt":"Acquiring MainDom.","SourceContext":"Umbraco.Cms.Core.Runtime.MainDom","ProcessId":18936,"ProcessName":"Clean.Site","ThreadId":1,"ApplicationId":"08576e774ac196133407f48bb75449c37258f5a7","MachineName":"1C3-TEC-GJWGARY","Log4NetLevel":"INFO "}
{"@t":"2023-02-22T04:09:12.3681655Z","@mt":"Acquired MainDom.","SourceContext":"Umbraco.Cms.Core.Runtime.MainDom","ProcessId":18936,"ProcessName":"Clean.Site","ThreadId":1,"ApplicationId":"08576e774ac196133407f48bb75449c37258f5a7","MachineName":"1C3-TEC-GJWGARY","Log4NetLevel":"INFO "}
{"@t":"2023-02-22T04:09:13.0988620Z","@mt":"Now listening on: {address}","address":"https://localhost:44365","EventId":{"Id":14,"Name":"ListeningOnAddress"},"SourceContext":"Microsoft.Hosting.Lifetime","ProcessId":18936,"ProcessName":"Clean.Site","ThreadId":1,"ApplicationId":"08576e774ac196133407f48bb75449c37258f5a7","MachineName":"1C3-TEC-GJWGARY","Log4NetLevel":"INFO "}
{"@t":"2023-02-22T04:09:13.0992572Z","@mt":"Now listening on: {address}","address":"http://localhost:43116","EventId":{"Id":14,"Name":"ListeningOnAddress"},"SourceContext":"Microsoft.Hosting.Lifetime","ProcessId":18936,"ProcessName":"Clean.Site","ThreadId":1,"ApplicationId":"08576e774ac196133407f48bb75449c37258f5a7","MachineName":"1C3-TEC-GJWGARY","Log4NetLevel":"INFO "}
{"@t":"2023-02-22T04:09:13.1016820Z","@mt":"Application started. Press Ctrl+C to shut down.","SourceContext":"Microsoft.Hosting.Lifetime","ProcessId":18936,"ProcessName":"Clean.Site","ThreadId":1,"ApplicationId":"08576e774ac196133407f48bb75449c37258f5a7","MachineName":"1C3-TEC-GJWGARY","Log4NetLevel":"INFO "}
{"@t":"2023-02-22T04:09:13.1017293Z","@mt":"Hosting environment: {EnvName}","EnvName":"Development","SourceContext":"Microsoft.Hosting.Lifetime","ProcessId":18936,"ProcessName":"Clean.Site","ThreadId":1,"ApplicationId":"08576e774ac196133407f48bb75449c37258f5a7","MachineName":"1C3-TEC-GJWGARY","Log4NetLevel":"INFO "}
{"@t":"2023-02-22T04:09:13.1017406Z","@mt":"Content root path: {ContentRoot}","ContentRoot":"C:\\Hadi\\Umbraco\\Clean\\Clean.Site","SourceContext":"Microsoft.Hosting.Lifetime","ProcessId":18936,"ProcessName":"Clean.Site","ThreadId":1,"ApplicationId":"08576e774ac196133407f48bb75449c37258f5a7","MachineName":"1C3-TEC-GJWGARY","Log4NetLevel":"INFO "}
{"@t":"2023-02-22T04:09:15.0408562Z","@mt":"Registered with MainDom, localContentDbExists? {LocalContentDbExists}, localMediaDbExists? {LocalMediaDbExists}","LocalContentDbExists":true,"LocalMediaDbExists":true,"SourceContext":"Umbraco.Cms.Infrastructure.PublishedCache.PublishedSnapshotService","ActionId":"7aee9594-ca47-4019-9e68-e053639d6c91","ActionName":"Umbraco.Cms.Web.BackOffice.Controllers.ContentController.GetById (Umbraco.Web.BackOffice)","RequestId":"0HMOKHA77C9PD:00000083","RequestPath":"/umbraco/backoffice/umbracoapi/content/GetById","ConnectionId":"0HMOKHA77C9PD","ProcessId":18936,"ProcessName":"Clean.Site","ThreadId":17,"ApplicationId":"08576e774ac196133407f48bb75449c37258f5a7","MachineName":"1C3-TEC-GJWGARY","Log4NetLevel":"INFO ","HttpRequestId":"1697a3d8-8537-4818-8bfe-9519ec62d543","HttpRequestNumber":1,"HttpSessionId":"6c20f25c-f9d4-2531-203d-4fa8a8ea6d9f"}
{"@t":"2023-02-22T04:09:15.0426067Z","@mt":"Creating the content store, localContentDbExists? {LocalContentDbExists}","LocalContentDbExists":true,"SourceContext":"Umbraco.Cms.Infrastructure.PublishedCache.PublishedSnapshotService","ActionId":"7aee9594-ca47-4019-9e68-e053639d6c91","ActionName":"Umbraco.Cms.Web.BackOffice.Controllers.ContentController.GetById (Umbraco.Web.BackOffice)","RequestId":"0HMOKHA77C9PD:00000083","RequestPath":"/umbraco/backoffice/umbracoapi/content/GetById","ConnectionId":"0HMOKHA77C9PD","ProcessId":18936,"ProcessName":"Clean.Site","ThreadId":17,"ApplicationId":"08576e774ac196133407f48bb75449c37258f5a7","MachineName":"1C3-TEC-GJWGARY","Log4NetLevel":"INFO ","HttpRequestId":"1697a3d8-8537-4818-8bfe-9519ec62d543","HttpRequestNumber":1,"HttpSessionId":"6c20f25c-f9d4-2531-203d-4fa8a8ea6d9f"}
{"@t":"2023-02-22T04:09:15.0442934Z","@mt":"Creating the media store, localMediaDbExists? {LocalMediaDbExists}","LocalMediaDbExists":true,"SourceContext":"Umbraco.Cms.Infrastructure.PublishedCache.PublishedSnapshotService","ActionId":"7aee9594-ca47-4019-9e68-e053639d6c91","ActionName":"Umbraco.Cms.Web.BackOffice.Controllers.ContentController.GetById (Umbraco.Web.BackOffice)","RequestId":"0HMOKHA77C9PD:00000083","RequestPath":"/umbraco/backoffice/umbracoapi/content/GetById","ConnectionId":"0HMOKHA77C9PD","ProcessId":18936,"ProcessName":"Clean.Site","ThreadId":17,"ApplicationId":"08576e774ac196133407f48bb75449c37258f5a7","MachineName":"1C3-TEC-GJWGARY","Log4NetLevel":"INFO ","HttpRequestId":"1697a3d8-8537-4818-8bfe-9519ec62d543","HttpRequestNumber":1,"HttpSessionId":"6c20f25c-f9d4-2531-203d-4fa8a8ea6d9f"}
{"@t":"2023-02-22T04:09:15.1111338Z","@mt":"{StartMessage} [Timing {TimingId}]","StartMessage":"Loading content from local cache file","TimingId":"137698c","SourceContext":"Umbraco.Cms.Core.Logging.ProfilingLogger","ActionId":"7aee9594-ca47-4019-9e68-e053639d6c91","ActionName":"Umbraco.Cms.Web.BackOffice.Controllers.ContentController.GetById (Umbraco.Web.BackOffice)","RequestId":"0HMOKHA77C9PD:00000083","RequestPath":"/umbraco/backoffice/umbracoapi/content/GetById","ConnectionId":"0HMOKHA77C9PD","ProcessId":18936,"ProcessName":"Clean.Site","ThreadId":17,"ApplicationId":"08576e774ac196133407f48bb75449c37258f5a7","MachineName":"1C3-TEC-GJWGARY","Log4NetLevel":"INFO ","HttpRequestId":"1697a3d8-8537-4818-8bfe-9519ec62d543","HttpRequestNumber":1,"HttpSessionId":"6c20f25c-f9d4-2531-203d-4fa8a8ea6d9f"}
{"@t":"2023-02-22T04:09:15.1375366Z","@mt":"{EndMessage} ({Duration}ms) [Timing {TimingId}]","EndMessage":"Completed.","Duration":26,"TimingId":"137698c","SourceContext":"Umbraco.Cms.Core.Logging.ProfilingLogger","ActionId":"7aee9594-ca47-4019-9e68-e053639d6c91","ActionName":"Umbraco.Cms.Web.BackOffice.Controllers.ContentController.GetById (Umbraco.Web.BackOffice)","RequestId":"0HMOKHA77C9PD:00000083","RequestPath":"/umbraco/backoffice/umbracoapi/content/GetById","ConnectionId":"0HMOKHA77C9PD","ProcessId":18936,"ProcessName":"Clean.Site","ThreadId":17,"ApplicationId":"08576e774ac196133407f48bb75449c37258f5a7","MachineName":"1C3-TEC-GJWGARY","Log4NetLevel":"INFO ","HttpRequestId":"1697a3d8-8537-4818-8bfe-9519ec62d543","HttpRequestNumber":1,"HttpSessionId":"6c20f25c-f9d4-2531-203d-4fa8a8ea6d9f"}
{"@t":"2023-02-22T04:09:15.1466781Z","@mt":"{StartMessage} [Timing {TimingId}]","StartMessage":"Loading media from local cache file","TimingId":"d14c362","SourceContext":"Umbraco.Cms.Core.Logging.ProfilingLogger","ActionId":"7aee9594-ca47-4019-9e68-e053639d6c91","ActionName":"Umbraco.Cms.Web.BackOffice.Controllers.ContentController.GetById (Umbraco.Web.BackOffice)","RequestId":"0HMOKHA77C9PD:00000083","RequestPath":"/umbraco/backoffice/umbracoapi/content/GetById","ConnectionId":"0HMOKHA77C9PD","ProcessId":18936,"ProcessName":"Clean.Site","ThreadId":17,"ApplicationId":"08576e774ac196133407f48bb75449c37258f5a7","MachineName":"1C3-TEC-GJWGARY","Log4NetLevel":"INFO ","HttpRequestId":"1697a3d8-8537-4818-8bfe-9519ec62d543","HttpRequestNumber":1,"HttpSessionId":"6c20f25c-f9d4-2531-203d-4fa8a8ea6d9f"}
{"@t":"2023-02-22T04:09:15.1481788Z","@mt":"{EndMessage} ({Duration}ms) [Timing {TimingId}]","EndMessage":"Completed.","Duration":1,"TimingId":"d14c362","SourceContext":"Umbraco.Cms.Core.Logging.ProfilingLogger","ActionId":"7aee9594-ca47-4019-9e68-e053639d6c91","ActionName":"Umbraco.Cms.Web.BackOffice.Controllers.ContentController.GetById (Umbraco.Web.BackOffice)","RequestId":"0HMOKHA77C9PD:00000083","RequestPath":"/umbraco/backoffice/umbracoapi/content/GetById","ConnectionId":"0HMOKHA77C9PD","ProcessId":18936,"ProcessName":"Clean.Site","ThreadId":17,"ApplicationId":"08576e774ac196133407f48bb75449c37258f5a7","MachineName":"1C3-TEC-GJWGARY","Log4NetLevel":"INFO ","HttpRequestId":"1697a3d8-8537-4818-8bfe-9519ec62d543","HttpRequestNumber":1,"HttpSessionId":"6c20f25c-f9d4-2531-203d-4fa8a8ea6d9f"}
{"@t":"2023-02-22T04:10:18.1447844Z","@mt":"Document {ContentName} (id={ContentId}) has been published.","ContentName":"Home","ContentId":1064,"SourceContext":"Umbraco.Cms.Core.Services.ContentService","ActionId":"bd60013c-03a0-4380-9e4e-dc3a25fca1e6","ActionName":"Umbraco.Cms.Web.BackOffice.Controllers.ContentController.PostSave (Umbraco.Web.BackOffice)","RequestId":"0HMOKHA77C9PD:00000177","RequestPath":"/umbraco/backoffice/umbracoapi/content/PostSave","ConnectionId":"0HMOKHA77C9PD","ProcessId":18936,"ProcessName":"Clean.Site","ThreadId":9,"ApplicationId":"08576e774ac196133407f48bb75449c37258f5a7","MachineName":"1C3-TEC-GJWGARY","Log4NetLevel":"INFO ","HttpRequestId":"2a3e8e94-5223-44a5-8abb-67cc2f237d62","HttpRequestNumber":2,"HttpSessionId":"3d47fdfc-9207-9e31-f23a-31718b549923"}
{"@t":"2023-02-22T04:10:18.3985047Z","@mt":"Adding examine event handlers for {RegisteredIndexers} index providers.","RegisteredIndexers":3,"SourceContext":"Umbraco.Cms.Infrastructure.Examine.ExamineUmbracoIndexingHandler","ActionId":"bd60013c-03a0-4380-9e4e-dc3a25fca1e6","ActionName":"Umbraco.Cms.Web.BackOffice.Controllers.ContentController.PostSave (Umbraco.Web.BackOffice)","RequestId":"0HMOKHA77C9PD:00000177","RequestPath":"/umbraco/backoffice/umbracoapi/content/PostSave","ConnectionId":"0HMOKHA77C9PD","ProcessId":18936,"ProcessName":"Clean.Site","ThreadId":9,"ApplicationId":"08576e774ac196133407f48bb75449c37258f5a7","MachineName":"1C3-TEC-GJWGARY","Log4NetLevel":"INFO ","HttpRequestId":"2a3e8e94-5223-44a5-8abb-67cc2f237d62","HttpRequestNumber":2,"HttpSessionId":"3d47fdfc-9207-9e31-f23a-31718b549923"}
{"@t":"2023-02-22T04:10:24.6055248Z","@mt":"Unable to configure browser refresh script injection on the response. Consider manually adding '<script src=\"/_framework/aspnetcore-browser-refresh.js\"></script>' to the body of the page.","@l":"Warning","EventId":{"Id":3,"Name":"FailedToConfiguredForRefreshes"},"SourceContext":"Microsoft.AspNetCore.Watch.BrowserRefresh.BrowserRefreshMiddleware","RequestId":"0HMOKHA77C9PD:0000017B","RequestPath":"/","ConnectionId":"0HMOKHA77C9PD","ProcessId":18936,"ProcessName":"Clean.Site","ThreadId":26,"ApplicationId":"08576e774ac196133407f48bb75449c37258f5a7","MachineName":"1C3-TEC-GJWGARY","Log4NetLevel":"WARN "}
{"@t":"2023-02-22T04:14:33.6451083Z","@mt":"Document {ContentName} (id={ContentId}) has been published.","ContentName":"Home","ContentId":1064,"SourceContext":"Umbraco.Cms.Core.Services.ContentService","ActionId":"bd60013c-03a0-4380-9e4e-dc3a25fca1e6","ActionName":"Umbraco.Cms.Web.BackOffice.Controllers.ContentController.PostSave (Umbraco.Web.BackOffice)","RequestId":"0HMOKHA77C9PD:000001A3","RequestPath":"/umbraco/backoffice/umbracoapi/content/PostSave","ConnectionId":"0HMOKHA77C9PD","ProcessId":18936,"ProcessName":"Clean.Site","ThreadId":28,"ApplicationId":"08576e774ac196133407f48bb75449c37258f5a7","MachineName":"1C3-TEC-GJWGARY","Log4NetLevel":"INFO ","HttpRequestId":"6b0c8327-5174-442a-b297-6b7edecfab41","HttpRequestNumber":3,"HttpSessionId":"0369ff6b-9b2c-cbbb-7bb1-3d527cea20eb"}
{"@t":"2023-02-22T04:15:18.0244832Z","@mt":"Document {ContentName} (id={ContentId}) has been published.","ContentName":"Home","ContentId":1064,"SourceContext":"Umbraco.Cms.Core.Services.ContentService","ActionId":"bd60013c-03a0-4380-9e4e-dc3a25fca1e6","ActionName":"Umbraco.Cms.Web.BackOffice.Controllers.ContentController.PostSave (Umbraco.Web.BackOffice)","RequestId":"0HMOKHA77C9PD:000001B5","RequestPath":"/umbraco/backoffice/umbracoapi/content/PostSave","ConnectionId":"0HMOKHA77C9PD","ProcessId":18936,"ProcessName":"Clean.Site","ThreadId":11,"ApplicationId":"08576e774ac196133407f48bb75449c37258f5a7","MachineName":"1C3-TEC-GJWGARY","Log4NetLevel":"INFO ","HttpRequestId":"749278ea-7261-45e3-a2a2-6d46498c03f4","HttpRequestNumber":4,"HttpSessionId":"c307416e-7022-5230-d5df-88c90c7378c8"}
