{"@t":"2023-09-08T13:10:12.2769886Z","@mt":"Acquiring MainDom.","SourceContext":"Umbraco.Cms.Core.Runtime.MainDom","ProcessId":12660,"ProcessName":"Clean.Site","ThreadId":1,"ApplicationId":"922d68280cd9ca120ef41ba7b9e2a8df58eb5c00","MachineName":"DESKTOP-R8BM551","Log4NetLevel":"INFO "}
{"@t":"2023-09-08T13:10:12.2827838Z","@mt":"Acquired MainDom.","SourceContext":"Umbraco.Cms.Core.Runtime.MainDom","ProcessId":12660,"ProcessName":"Clean.Site","ThreadId":1,"ApplicationId":"922d68280cd9ca120ef41ba7b9e2a8df58eb5c00","MachineName":"DESKTOP-R8BM551","Log4NetLevel":"INFO "}
{"@t":"2023-09-08T13:10:12.8209956Z","@mt":"Now listening on: {address}","address":"https://localhost:44365","EventId":{"Id":14,"Name":"ListeningOnAddress"},"SourceContext":"Microsoft.Hosting.Lifetime","ProcessId":12660,"ProcessName":"Clean.Site","ThreadId":1,"ApplicationId":"922d68280cd9ca120ef41ba7b9e2a8df58eb5c00","MachineName":"DESKTOP-R8BM551","Log4NetLevel":"INFO "}
{"@t":"2023-09-08T13:10:12.8213289Z","@mt":"Now listening on: {address}","address":"http://localhost:43116","EventId":{"Id":14,"Name":"ListeningOnAddress"},"SourceContext":"Microsoft.Hosting.Lifetime","ProcessId":12660,"ProcessName":"Clean.Site","ThreadId":1,"ApplicationId":"922d68280cd9ca120ef41ba7b9e2a8df58eb5c00","MachineName":"DESKTOP-R8BM551","Log4NetLevel":"INFO "}
{"@t":"2023-09-08T13:10:12.8264515Z","@mt":"uSync: Startup Complete {elapsed}ms","elapsed":1,"SourceContext":"uSync.BackOffice.Notifications.uSyncApplicationStartingHandler","ProcessId":12660,"ProcessName":"Clean.Site","ThreadId":1,"ApplicationId":"922d68280cd9ca120ef41ba7b9e2a8df58eb5c00","MachineName":"DESKTOP-R8BM551","Log4NetLevel":"INFO "}
{"@t":"2023-09-08T13:10:12.8267002Z","@mt":"Application started. Press Ctrl+C to shut down.","SourceContext":"Microsoft.Hosting.Lifetime","ProcessId":12660,"ProcessName":"Clean.Site","ThreadId":1,"ApplicationId":"922d68280cd9ca120ef41ba7b9e2a8df58eb5c00","MachineName":"DESKTOP-R8BM551","Log4NetLevel":"INFO "}
{"@t":"2023-09-08T13:10:12.8267258Z","@mt":"Hosting environment: {EnvName}","EnvName":"Development","SourceContext":"Microsoft.Hosting.Lifetime","ProcessId":12660,"ProcessName":"Clean.Site","ThreadId":1,"ApplicationId":"922d68280cd9ca120ef41ba7b9e2a8df58eb5c00","MachineName":"DESKTOP-R8BM551","Log4NetLevel":"INFO "}
{"@t":"2023-09-08T13:10:12.8267354Z","@mt":"Content root path: {ContentRoot}","ContentRoot":"C:\\Development\\Umbraco\\Corp\\Clean.Site","SourceContext":"Microsoft.Hosting.Lifetime","ProcessId":12660,"ProcessName":"Clean.Site","ThreadId":1,"ApplicationId":"922d68280cd9ca120ef41ba7b9e2a8df58eb5c00","MachineName":"DESKTOP-R8BM551","Log4NetLevel":"INFO "}
{"@t":"2023-09-08T13:10:20.1542065Z","@mt":"Registered with MainDom, localContentDbExists? {LocalContentDbExists}, localMediaDbExists? {LocalMediaDbExists}","LocalContentDbExists":true,"LocalMediaDbExists":true,"SourceContext":"Umbraco.Cms.Infrastructure.PublishedCache.PublishedSnapshotService","RequestId":"0HMTGDJPUMQ87:00000001","RequestPath":"/","ConnectionId":"0HMTGDJPUMQ87","ProcessId":12660,"ProcessName":"Clean.Site","ThreadId":12,"ApplicationId":"922d68280cd9ca120ef41ba7b9e2a8df58eb5c00","MachineName":"DESKTOP-R8BM551","Log4NetLevel":"INFO ","HttpRequestId":"6b8dbeab-db07-4017-9d87-03a1ea626146","HttpRequestNumber":1,"HttpSessionId":"0"}
{"@t":"2023-09-08T13:10:20.1557206Z","@mt":"Creating the content store, localContentDbExists? {LocalContentDbExists}","LocalContentDbExists":true,"SourceContext":"Umbraco.Cms.Infrastructure.PublishedCache.PublishedSnapshotService","RequestId":"0HMTGDJPUMQ87:00000001","RequestPath":"/","ConnectionId":"0HMTGDJPUMQ87","ProcessId":12660,"ProcessName":"Clean.Site","ThreadId":12,"ApplicationId":"922d68280cd9ca120ef41ba7b9e2a8df58eb5c00","MachineName":"DESKTOP-R8BM551","Log4NetLevel":"INFO ","HttpRequestId":"6b8dbeab-db07-4017-9d87-03a1ea626146","HttpRequestNumber":1,"HttpSessionId":"0"}
{"@t":"2023-09-08T13:10:20.1567420Z","@mt":"Creating the media store, localMediaDbExists? {LocalMediaDbExists}","LocalMediaDbExists":true,"SourceContext":"Umbraco.Cms.Infrastructure.PublishedCache.PublishedSnapshotService","RequestId":"0HMTGDJPUMQ87:00000001","RequestPath":"/","ConnectionId":"0HMTGDJPUMQ87","ProcessId":12660,"ProcessName":"Clean.Site","ThreadId":12,"ApplicationId":"922d68280cd9ca120ef41ba7b9e2a8df58eb5c00","MachineName":"DESKTOP-R8BM551","Log4NetLevel":"INFO ","HttpRequestId":"6b8dbeab-db07-4017-9d87-03a1ea626146","HttpRequestNumber":1,"HttpSessionId":"0"}
{"@t":"2023-09-08T13:10:20.4234625Z","@mt":"{StartMessage} [Timing {TimingId}]","StartMessage":"Loading content from local cache file","TimingId":"815249d","SourceContext":"Umbraco.Cms.Core.Logging.ProfilingLogger","RequestId":"0HMTGDJPUMQ87:00000001","RequestPath":"/","ConnectionId":"0HMTGDJPUMQ87","ProcessId":12660,"ProcessName":"Clean.Site","ThreadId":12,"ApplicationId":"922d68280cd9ca120ef41ba7b9e2a8df58eb5c00","MachineName":"DESKTOP-R8BM551","Log4NetLevel":"INFO ","HttpRequestId":"6b8dbeab-db07-4017-9d87-03a1ea626146","HttpRequestNumber":1,"HttpSessionId":"0"}
{"@t":"2023-09-08T13:10:20.4397976Z","@mt":"{EndMessage} ({Duration}ms) [Timing {TimingId}]","EndMessage":"Completed.","Duration":16,"TimingId":"815249d","SourceContext":"Umbraco.Cms.Core.Logging.ProfilingLogger","RequestId":"0HMTGDJPUMQ87:00000001","RequestPath":"/","ConnectionId":"0HMTGDJPUMQ87","ProcessId":12660,"ProcessName":"Clean.Site","ThreadId":12,"ApplicationId":"922d68280cd9ca120ef41ba7b9e2a8df58eb5c00","MachineName":"DESKTOP-R8BM551","Log4NetLevel":"INFO ","HttpRequestId":"6b8dbeab-db07-4017-9d87-03a1ea626146","HttpRequestNumber":1,"HttpSessionId":"0"}
{"@t":"2023-09-08T13:10:20.4438229Z","@mt":"{StartMessage} [Timing {TimingId}]","StartMessage":"Loading media from local cache file","TimingId":"677f25c","SourceContext":"Umbraco.Cms.Core.Logging.ProfilingLogger","RequestId":"0HMTGDJPUMQ87:00000001","RequestPath":"/","ConnectionId":"0HMTGDJPUMQ87","ProcessId":12660,"ProcessName":"Clean.Site","ThreadId":12,"ApplicationId":"922d68280cd9ca120ef41ba7b9e2a8df58eb5c00","MachineName":"DESKTOP-R8BM551","Log4NetLevel":"INFO ","HttpRequestId":"6b8dbeab-db07-4017-9d87-03a1ea626146","HttpRequestNumber":1,"HttpSessionId":"0"}
{"@t":"2023-09-08T13:10:20.4464770Z","@mt":"{EndMessage} ({Duration}ms) [Timing {TimingId}]","EndMessage":"Completed.","Duration":2,"TimingId":"677f25c","SourceContext":"Umbraco.Cms.Core.Logging.ProfilingLogger","RequestId":"0HMTGDJPUMQ87:00000001","RequestPath":"/","ConnectionId":"0HMTGDJPUMQ87","ProcessId":12660,"ProcessName":"Clean.Site","ThreadId":12,"ApplicationId":"922d68280cd9ca120ef41ba7b9e2a8df58eb5c00","MachineName":"DESKTOP-R8BM551","Log4NetLevel":"INFO ","HttpRequestId":"6b8dbeab-db07-4017-9d87-03a1ea626146","HttpRequestNumber":1,"HttpSessionId":"0"}
{"@t":"2023-09-08T13:12:00.0177459Z","@mt":"Sending image. Request uri: '{Uri}'. Cached Key: '{Key}'","Uri":"http://localhost:43116/media/0cyp04dk/oppo-find-n2-flip-raya-herobanner-desktop.jpg?rmode=max&width=500&rnd=%26rnd%3D20230405065301","Key":"1fbebd169ff6","EventId":{"Id":3},"SourceContext":"SixLabors.ImageSharp.Web.Middleware.ImageSharpMiddleware","RequestId":"0HMTGDJPUMQ8K:00000017","RequestPath":"/media/0cyp04dk/oppo-find-n2-flip-raya-herobanner-desktop.jpg","ConnectionId":"0HMTGDJPUMQ8K","ProcessId":12660,"ProcessName":"Clean.Site","ThreadId":27,"ApplicationId":"922d68280cd9ca120ef41ba7b9e2a8df58eb5c00","MachineName":"DESKTOP-R8BM551","Log4NetLevel":"INFO "}
{"@t":"2023-09-08T13:12:02.4636805Z","@mt":"Sending image. Request uri: '{Uri}'. Cached Key: '{Key}'","Uri":"http://localhost:43116/media/x44jejau/herobanner-desktop.jpg?rmode=max&width=500&rnd=%26rnd%3D20230405062219","Key":"072ecdbc7fa2","EventId":{"Id":3},"SourceContext":"SixLabors.ImageSharp.Web.Middleware.ImageSharpMiddleware","RequestId":"0HMTGDJPUMQ8H:00000029","RequestPath":"/media/x44jejau/herobanner-desktop.jpg","ConnectionId":"0HMTGDJPUMQ8H","ProcessId":12660,"ProcessName":"Clean.Site","ThreadId":24,"ApplicationId":"922d68280cd9ca120ef41ba7b9e2a8df58eb5c00","MachineName":"DESKTOP-R8BM551","Log4NetLevel":"INFO "}
{"@t":"2023-09-08T13:13:12.5440987Z","@mt":"Deleted {count} ContentVersion(s)","count":80,"SourceContext":"Umbraco.Cms.Infrastructure.HostedServices.ContentVersionCleanup","ProcessId":12660,"ProcessName":"Clean.Site","ThreadId":28,"ApplicationId":"922d68280cd9ca120ef41ba7b9e2a8df58eb5c00","MachineName":"DESKTOP-R8BM551","Log4NetLevel":"INFO "}
{"@t":"2023-09-08T13:13:54.0005887Z","@mt":"Sending image. Request uri: '{Uri}'. Cached Key: '{Key}'","Uri":"http://localhost:43116/media/xq1nevkr/always-be-ahead-herobanner-desktop.jpg?width=500","Key":"ab706b911c9a","EventId":{"Id":3},"SourceContext":"SixLabors.ImageSharp.Web.Middleware.ImageSharpMiddleware","RequestId":"0HMTGDJPUMQ8L:0000001F","RequestPath":"/media/xq1nevkr/always-be-ahead-herobanner-desktop.jpg","ConnectionId":"0HMTGDJPUMQ8L","ProcessId":12660,"ProcessName":"Clean.Site","ThreadId":36,"ApplicationId":"922d68280cd9ca120ef41ba7b9e2a8df58eb5c00","MachineName":"DESKTOP-R8BM551","Log4NetLevel":"INFO "}
{"@t":"2023-09-08T13:13:54.0005887Z","@mt":"Sending image. Request uri: '{Uri}'. Cached Key: '{Key}'","Uri":"http://localhost:43116/media/v5omcujo/breaker-banner-desktop.jpg?width=500","Key":"74408596eebf","EventId":{"Id":3},"SourceContext":"SixLabors.ImageSharp.Web.Middleware.ImageSharpMiddleware","RequestId":"0HMTGDJPUMQ8M:00000015","RequestPath":"/media/v5omcujo/breaker-banner-desktop.jpg","ConnectionId":"0HMTGDJPUMQ8M","ProcessId":12660,"ProcessName":"Clean.Site","ThreadId":33,"ApplicationId":"922d68280cd9ca120ef41ba7b9e2a8df58eb5c00","MachineName":"DESKTOP-R8BM551","Log4NetLevel":"INFO "}
{"@t":"2023-09-08T13:13:54.0006986Z","@mt":"Sending image. Request uri: '{Uri}'. Cached Key: '{Key}'","Uri":"http://localhost:43116/media/1zpgcdyv/marek-piwnicki-0u3zmxtk6qc-unsplash.jpg?width=500","Key":"81d92b62300a","EventId":{"Id":3},"SourceContext":"SixLabors.ImageSharp.Web.Middleware.ImageSharpMiddleware","RequestId":"0HMTGDJPUMQ8K:00000046","RequestPath":"/media/1zpgcdyv/marek-piwnicki-0u3zmxtk6qc-unsplash.jpg","ConnectionId":"0HMTGDJPUMQ8K","ProcessId":12660,"ProcessName":"Clean.Site","ThreadId":28,"ApplicationId":"922d68280cd9ca120ef41ba7b9e2a8df58eb5c00","MachineName":"DESKTOP-R8BM551","Log4NetLevel":"INFO "}
{"@t":"2023-09-08T13:13:54.0007017Z","@mt":"Sending image. Request uri: '{Uri}'. Cached Key: '{Key}'","Uri":"http://localhost:43116/media/lbonn05a/gsmarena_003.jpg?width=500","Key":"955770601555","EventId":{"Id":3},"SourceContext":"SixLabors.ImageSharp.Web.Middleware.ImageSharpMiddleware","RequestId":"0HMTGDJPUMQ8I:00000036","RequestPath":"/media/lbonn05a/gsmarena_003.jpg","ConnectionId":"0HMTGDJPUMQ8I","ProcessId":12660,"ProcessName":"Clean.Site","ThreadId":27,"ApplicationId":"922d68280cd9ca120ef41ba7b9e2a8df58eb5c00","MachineName":"DESKTOP-R8BM551","Log4NetLevel":"INFO "}
{"@t":"2023-09-08T13:13:54.0007096Z","@mt":"Sending image. Request uri: '{Uri}'. Cached Key: '{Key}'","Uri":"http://localhost:43116/media/oinhmdz0/i2.jpg?width=500","Key":"20824d4eb61b","EventId":{"Id":3},"SourceContext":"SixLabors.ImageSharp.Web.Middleware.ImageSharpMiddleware","RequestId":"0HMTGDJPUMQ8H:00000045","RequestPath":"/media/oinhmdz0/i2.jpg","ConnectionId":"0HMTGDJPUMQ8H","ProcessId":12660,"ProcessName":"Clean.Site","ThreadId":39,"ApplicationId":"922d68280cd9ca120ef41ba7b9e2a8df58eb5c00","MachineName":"DESKTOP-R8BM551","Log4NetLevel":"INFO "}
{"@t":"2023-09-08T13:13:54.0069416Z","@mt":"Sending image. Request uri: '{Uri}'. Cached Key: '{Key}'","Uri":"http://localhost:43116/media/ujsfqjga/oskar-kadaksoo-tu2qdnfah3m-unsplash.jpg?width=500","Key":"981ffed8522f","EventId":{"Id":3},"SourceContext":"SixLabors.ImageSharp.Web.Middleware.ImageSharpMiddleware","RequestId":"0HMTGDJPUMQ8J:00000014","RequestPath":"/media/ujsfqjga/oskar-kadaksoo-tu2qdnfah3m-unsplash.jpg","ConnectionId":"0HMTGDJPUMQ8J","ProcessId":12660,"ProcessName":"Clean.Site","ThreadId":39,"ApplicationId":"922d68280cd9ca120ef41ba7b9e2a8df58eb5c00","MachineName":"DESKTOP-R8BM551","Log4NetLevel":"INFO "}
{"@t":"2023-09-08T13:13:54.0168807Z","@mt":"Sending image. Request uri: '{Uri}'. Cached Key: '{Key}'","Uri":"http://localhost:43116/media/s4mbi3e5/timelab-1_wqczrlmms-unsplash.jpg?width=500","Key":"506ea8e8285d","EventId":{"Id":3},"SourceContext":"SixLabors.ImageSharp.Web.Middleware.ImageSharpMiddleware","RequestId":"0HMTGDJPUMQ8M:00000016","RequestPath":"/media/s4mbi3e5/timelab-1_wqczrlmms-unsplash.jpg","ConnectionId":"0HMTGDJPUMQ8M","ProcessId":12660,"ProcessName":"Clean.Site","ThreadId":33,"ApplicationId":"922d68280cd9ca120ef41ba7b9e2a8df58eb5c00","MachineName":"DESKTOP-R8BM551","Log4NetLevel":"INFO "}
{"@t":"2023-09-08T13:13:54.0207712Z","@mt":"Sending image. Request uri: '{Uri}'. Cached Key: '{Key}'","Uri":"http://localhost:43116/media/kq5h0mih/jon-tyson-a-obuh61bkw-unsplash.jpg?width=500","Key":"c0756b5df9cd","EventId":{"Id":3},"SourceContext":"SixLabors.ImageSharp.Web.Middleware.ImageSharpMiddleware","RequestId":"0HMTGDJPUMQ8H:00000046","RequestPath":"/media/kq5h0mih/jon-tyson-a-obuh61bkw-unsplash.jpg","ConnectionId":"0HMTGDJPUMQ8H","ProcessId":12660,"ProcessName":"Clean.Site","ThreadId":35,"ApplicationId":"922d68280cd9ca120ef41ba7b9e2a8df58eb5c00","MachineName":"DESKTOP-R8BM551","Log4NetLevel":"INFO "}
{"@t":"2023-09-08T13:13:54.0220224Z","@mt":"Sending image. Request uri: '{Uri}'. Cached Key: '{Key}'","Uri":"http://localhost:43116/media/laqpqyfc/anirudh-xu4pz7gi9jy-unsplash.jpg?width=500","Key":"260536036393","EventId":{"Id":3},"SourceContext":"SixLabors.ImageSharp.Web.Middleware.ImageSharpMiddleware","RequestId":"0HMTGDJPUMQ8K:00000047","RequestPath":"/media/laqpqyfc/anirudh-xu4pz7gi9jy-unsplash.jpg","ConnectionId":"0HMTGDJPUMQ8K","ProcessId":12660,"ProcessName":"Clean.Site","ThreadId":26,"ApplicationId":"922d68280cd9ca120ef41ba7b9e2a8df58eb5c00","MachineName":"DESKTOP-R8BM551","Log4NetLevel":"INFO "}
{"@t":"2023-09-08T13:13:54.0255396Z","@mt":"Sending image. Request uri: '{Uri}'. Cached Key: '{Key}'","Uri":"http://localhost:43116/media/x44jejau/herobanner-desktop.jpg?width=500","Key":"c3d81017bc27","EventId":{"Id":3},"SourceContext":"SixLabors.ImageSharp.Web.Middleware.ImageSharpMiddleware","RequestId":"0HMTGDJPUMQ8I:00000037","RequestPath":"/media/x44jejau/herobanner-desktop.jpg","ConnectionId":"0HMTGDJPUMQ8I","ProcessId":12660,"ProcessName":"Clean.Site","ThreadId":33,"ApplicationId":"922d68280cd9ca120ef41ba7b9e2a8df58eb5c00","MachineName":"DESKTOP-R8BM551","Log4NetLevel":"INFO "}
{"@t":"2023-09-08T13:13:54.0277474Z","@mt":"Sending image. Request uri: '{Uri}'. Cached Key: '{Key}'","Uri":"http://localhost:43116/media/0cyp04dk/oppo-find-n2-flip-raya-herobanner-desktop.jpg?width=500","Key":"be2f4b8abdf5","EventId":{"Id":3},"SourceContext":"SixLabors.ImageSharp.Web.Middleware.ImageSharpMiddleware","RequestId":"0HMTGDJPUMQ8L:00000020","RequestPath":"/media/0cyp04dk/oppo-find-n2-flip-raya-herobanner-desktop.jpg","ConnectionId":"0HMTGDJPUMQ8L","ProcessId":12660,"ProcessName":"Clean.Site","ThreadId":35,"ApplicationId":"922d68280cd9ca120ef41ba7b9e2a8df58eb5c00","MachineName":"DESKTOP-R8BM551","Log4NetLevel":"INFO "}
{"@t":"2023-09-08T13:13:54.0307069Z","@mt":"Sending image. Request uri: '{Uri}'. Cached Key: '{Key}'","Uri":"http://localhost:43116/media/nnaftewe/i3.jpg?width=500","Key":"52411485c5b0","EventId":{"Id":3},"SourceContext":"SixLabors.ImageSharp.Web.Middleware.ImageSharpMiddleware","RequestId":"0HMTGDJPUMQ8J:00000015","RequestPath":"/media/nnaftewe/i3.jpg","ConnectionId":"0HMTGDJPUMQ8J","ProcessId":12660,"ProcessName":"Clean.Site","ThreadId":39,"ApplicationId":"922d68280cd9ca120ef41ba7b9e2a8df58eb5c00","MachineName":"DESKTOP-R8BM551","Log4NetLevel":"INFO "}
{"@t":"2023-09-08T13:13:54.0363878Z","@mt":"Sending image. Request uri: '{Uri}'. Cached Key: '{Key}'","Uri":"http://localhost:43116/media/lyrav0ab/always-be-ahead-herobanner-desktop.jpg?width=500","Key":"d3da08dcc2ca","EventId":{"Id":3},"SourceContext":"SixLabors.ImageSharp.Web.Middleware.ImageSharpMiddleware","RequestId":"0HMTGDJPUMQ8M:00000017","RequestPath":"/media/lyrav0ab/always-be-ahead-herobanner-desktop.jpg","ConnectionId":"0HMTGDJPUMQ8M","ProcessId":12660,"ProcessName":"Clean.Site","ThreadId":16,"ApplicationId":"922d68280cd9ca120ef41ba7b9e2a8df58eb5c00","MachineName":"DESKTOP-R8BM551","Log4NetLevel":"INFO "}
{"@t":"2023-09-08T13:13:54.0397958Z","@mt":"Sending image. Request uri: '{Uri}'. Cached Key: '{Key}'","Uri":"http://localhost:43116/media/p3apmykp/i1.jpg?width=500","Key":"9db4463058ba","EventId":{"Id":3},"SourceContext":"SixLabors.ImageSharp.Web.Middleware.ImageSharpMiddleware","RequestId":"0HMTGDJPUMQ8H:00000048","RequestPath":"/media/p3apmykp/i1.jpg","ConnectionId":"0HMTGDJPUMQ8H","ProcessId":12660,"ProcessName":"Clean.Site","ThreadId":33,"ApplicationId":"922d68280cd9ca120ef41ba7b9e2a8df58eb5c00","MachineName":"DESKTOP-R8BM551","Log4NetLevel":"INFO "}
{"@t":"2023-09-08T13:15:31.5947278Z","@mt":"Stopping ({SignalSource})","SignalSource":"environment","SourceContext":"Umbraco.Cms.Core.Runtime.MainDom","ProcessId":12660,"ProcessName":"Clean.Site","ThreadId":44,"ApplicationId":"922d68280cd9ca120ef41ba7b9e2a8df58eb5c00","MachineName":"DESKTOP-R8BM551","Log4NetLevel":"INFO "}
{"@t":"2023-09-08T13:15:31.6019058Z","@mt":"Released from MainDom","SourceContext":"Umbraco.Cms.Infrastructure.PublishedCache.PublishedSnapshotService","ProcessId":12660,"ProcessName":"Clean.Site","ThreadId":44,"ApplicationId":"922d68280cd9ca120ef41ba7b9e2a8df58eb5c00","MachineName":"DESKTOP-R8BM551","Log4NetLevel":"INFO "}
{"@t":"2023-09-08T13:15:31.6022133Z","@mt":"Released ({SignalSource})","SignalSource":"environment","SourceContext":"Umbraco.Cms.Core.Runtime.MainDom","ProcessId":12660,"ProcessName":"Clean.Site","ThreadId":44,"ApplicationId":"922d68280cd9ca120ef41ba7b9e2a8df58eb5c00","MachineName":"DESKTOP-R8BM551","Log4NetLevel":"INFO "}
{"@t":"2023-09-08T13:15:31.6024605Z","@mt":"Application is shutting down...","SourceContext":"Microsoft.Hosting.Lifetime","ProcessId":12660,"ProcessName":"Clean.Site","ThreadId":44,"ApplicationId":"922d68280cd9ca120ef41ba7b9e2a8df58eb5c00","MachineName":"DESKTOP-R8BM551","Log4NetLevel":"INFO "}
{"@t":"2023-09-08T13:16:01.6020754Z","@mt":"Queued Hosted Service is stopping.","SourceContext":"Umbraco.Cms.Infrastructure.HostedServices.QueuedHostedService","ProcessId":12660,"ProcessName":"Clean.Site","ThreadId":47,"ApplicationId":"922d68280cd9ca120ef41ba7b9e2a8df58eb5c00","MachineName":"DESKTOP-R8BM551","Log4NetLevel":"INFO "}
