{"@t":"2023-03-23T00:48:08.0245375Z","@mt":"Acquiring MainDom.","SourceContext":"Umbraco.Cms.Core.Runtime.MainDom","ProcessId":17752,"ProcessName":"Clean.Site","ThreadId":1,"ApplicationId":"08576e774ac196133407f48bb75449c37258f5a7","MachineName":"1C3-TEC-GJWGARY","Log4NetLevel":"INFO "}
{"@t":"2023-03-23T00:48:08.0344182Z","@mt":"Acquired MainDom.","SourceContext":"Umbraco.Cms.Core.Runtime.MainDom","ProcessId":17752,"ProcessName":"Clean.Site","ThreadId":1,"ApplicationId":"08576e774ac196133407f48bb75449c37258f5a7","MachineName":"1C3-TEC-GJWGARY","Log4NetLevel":"INFO "}
{"@t":"2023-03-23T00:48:09.1314888Z","@mt":"Now listening on: {address}","address":"https://localhost:44365","EventId":{"Id":14,"Name":"ListeningOnAddress"},"SourceContext":"Microsoft.Hosting.Lifetime","ProcessId":17752,"ProcessName":"Clean.Site","ThreadId":1,"ApplicationId":"08576e774ac196133407f48bb75449c37258f5a7","MachineName":"1C3-TEC-GJWGARY","Log4NetLevel":"INFO "}
{"@t":"2023-03-23T00:48:09.1319606Z","@mt":"Now listening on: {address}","address":"http://localhost:43116","EventId":{"Id":14,"Name":"ListeningOnAddress"},"SourceContext":"Microsoft.Hosting.Lifetime","ProcessId":17752,"ProcessName":"Clean.Site","ThreadId":1,"ApplicationId":"08576e774ac196133407f48bb75449c37258f5a7","MachineName":"1C3-TEC-GJWGARY","Log4NetLevel":"INFO "}
{"@t":"2023-03-23T00:48:09.1413686Z","@mt":"uSync: Startup Complete {elapsed}ms","elapsed":3,"SourceContext":"uSync.BackOffice.Notifications.uSyncApplicationStartingHandler","ProcessId":17752,"ProcessName":"Clean.Site","ThreadId":1,"ApplicationId":"08576e774ac196133407f48bb75449c37258f5a7","MachineName":"1C3-TEC-GJWGARY","Log4NetLevel":"INFO "}
{"@t":"2023-03-23T00:48:09.1419238Z","@mt":"Application started. Press Ctrl+C to shut down.","SourceContext":"Microsoft.Hosting.Lifetime","ProcessId":17752,"ProcessName":"Clean.Site","ThreadId":1,"ApplicationId":"08576e774ac196133407f48bb75449c37258f5a7","MachineName":"1C3-TEC-GJWGARY","Log4NetLevel":"INFO "}
{"@t":"2023-03-23T00:48:09.1419716Z","@mt":"Hosting environment: {EnvName}","EnvName":"Development","SourceContext":"Microsoft.Hosting.Lifetime","ProcessId":17752,"ProcessName":"Clean.Site","ThreadId":1,"ApplicationId":"08576e774ac196133407f48bb75449c37258f5a7","MachineName":"1C3-TEC-GJWGARY","Log4NetLevel":"INFO "}
{"@t":"2023-03-23T00:48:09.1419936Z","@mt":"Content root path: {ContentRoot}","ContentRoot":"C:\\Hadi\\Umbraco\\Clean\\Clean.Site","SourceContext":"Microsoft.Hosting.Lifetime","ProcessId":17752,"ProcessName":"Clean.Site","ThreadId":1,"ApplicationId":"08576e774ac196133407f48bb75449c37258f5a7","MachineName":"1C3-TEC-GJWGARY","Log4NetLevel":"INFO "}
{"@t":"2023-03-23T00:48:09.8050980Z","@mt":"Registered with MainDom, localContentDbExists? {LocalContentDbExists}, localMediaDbExists? {LocalMediaDbExists}","LocalContentDbExists":true,"LocalMediaDbExists":true,"SourceContext":"Umbraco.Cms.Infrastructure.PublishedCache.PublishedSnapshotService","RequestId":"0HMPB712U8S06:00000001","RequestPath":"/","ConnectionId":"0HMPB712U8S06","ProcessId":17752,"ProcessName":"Clean.Site","ThreadId":9,"ApplicationId":"08576e774ac196133407f48bb75449c37258f5a7","MachineName":"1C3-TEC-GJWGARY","Log4NetLevel":"INFO ","HttpRequestId":"1febcf1f-3ab7-4bb7-ac91-77360c190f47","HttpRequestNumber":1,"HttpSessionId":"0"}
{"@t":"2023-03-23T00:48:09.8073674Z","@mt":"Creating the content store, localContentDbExists? {LocalContentDbExists}","LocalContentDbExists":true,"SourceContext":"Umbraco.Cms.Infrastructure.PublishedCache.PublishedSnapshotService","RequestId":"0HMPB712U8S06:00000001","RequestPath":"/","ConnectionId":"0HMPB712U8S06","ProcessId":17752,"ProcessName":"Clean.Site","ThreadId":9,"ApplicationId":"08576e774ac196133407f48bb75449c37258f5a7","MachineName":"1C3-TEC-GJWGARY","Log4NetLevel":"INFO ","HttpRequestId":"1febcf1f-3ab7-4bb7-ac91-77360c190f47","HttpRequestNumber":1,"HttpSessionId":"0"}
{"@t":"2023-03-23T00:48:09.8095180Z","@mt":"Creating the media store, localMediaDbExists? {LocalMediaDbExists}","LocalMediaDbExists":true,"SourceContext":"Umbraco.Cms.Infrastructure.PublishedCache.PublishedSnapshotService","RequestId":"0HMPB712U8S06:00000001","RequestPath":"/","ConnectionId":"0HMPB712U8S06","ProcessId":17752,"ProcessName":"Clean.Site","ThreadId":9,"ApplicationId":"08576e774ac196133407f48bb75449c37258f5a7","MachineName":"1C3-TEC-GJWGARY","Log4NetLevel":"INFO ","HttpRequestId":"1febcf1f-3ab7-4bb7-ac91-77360c190f47","HttpRequestNumber":1,"HttpSessionId":"0"}
{"@t":"2023-03-23T00:48:10.3249752Z","@mt":"{StartMessage} [Timing {TimingId}]","StartMessage":"Loading content from local cache file","TimingId":"05f7805","SourceContext":"Umbraco.Cms.Core.Logging.ProfilingLogger","RequestId":"0HMPB712U8S06:00000001","RequestPath":"/","ConnectionId":"0HMPB712U8S06","ProcessId":17752,"ProcessName":"Clean.Site","ThreadId":9,"ApplicationId":"08576e774ac196133407f48bb75449c37258f5a7","MachineName":"1C3-TEC-GJWGARY","Log4NetLevel":"INFO ","HttpRequestId":"1febcf1f-3ab7-4bb7-ac91-77360c190f47","HttpRequestNumber":1,"HttpSessionId":"0"}
{"@t":"2023-03-23T00:48:10.3510122Z","@mt":"{EndMessage} ({Duration}ms) [Timing {TimingId}]","EndMessage":"Completed.","Duration":26,"TimingId":"05f7805","SourceContext":"Umbraco.Cms.Core.Logging.ProfilingLogger","RequestId":"0HMPB712U8S06:00000001","RequestPath":"/","ConnectionId":"0HMPB712U8S06","ProcessId":17752,"ProcessName":"Clean.Site","ThreadId":9,"ApplicationId":"08576e774ac196133407f48bb75449c37258f5a7","MachineName":"1C3-TEC-GJWGARY","Log4NetLevel":"INFO ","HttpRequestId":"1febcf1f-3ab7-4bb7-ac91-77360c190f47","HttpRequestNumber":1,"HttpSessionId":"0"}
{"@t":"2023-03-23T00:48:10.3596199Z","@mt":"{StartMessage} [Timing {TimingId}]","StartMessage":"Loading media from local cache file","TimingId":"8164887","SourceContext":"Umbraco.Cms.Core.Logging.ProfilingLogger","RequestId":"0HMPB712U8S06:00000001","RequestPath":"/","ConnectionId":"0HMPB712U8S06","ProcessId":17752,"ProcessName":"Clean.Site","ThreadId":9,"ApplicationId":"08576e774ac196133407f48bb75449c37258f5a7","MachineName":"1C3-TEC-GJWGARY","Log4NetLevel":"INFO ","HttpRequestId":"1febcf1f-3ab7-4bb7-ac91-77360c190f47","HttpRequestNumber":1,"HttpSessionId":"0"}
{"@t":"2023-03-23T00:48:10.3610451Z","@mt":"{EndMessage} ({Duration}ms) [Timing {TimingId}]","EndMessage":"Completed.","Duration":1,"TimingId":"8164887","SourceContext":"Umbraco.Cms.Core.Logging.ProfilingLogger","RequestId":"0HMPB712U8S06:00000001","RequestPath":"/","ConnectionId":"0HMPB712U8S06","ProcessId":17752,"ProcessName":"Clean.Site","ThreadId":9,"ApplicationId":"08576e774ac196133407f48bb75449c37258f5a7","MachineName":"1C3-TEC-GJWGARY","Log4NetLevel":"INFO ","HttpRequestId":"1febcf1f-3ab7-4bb7-ac91-77360c190f47","HttpRequestNumber":1,"HttpSessionId":"0"}
