{"@t":"2023-03-22T08:51:18.0346783Z","@mt":"Deleted {count} ContentVersion(s)","count":4,"SourceContext":"Umbraco.Cms.Infrastructure.HostedServices.ContentVersionCleanup","ProcessId":18724,"ProcessName":"Clean.Site","ThreadId":115,"ApplicationId":"08576e774ac196133407f48bb75449c37258f5a7","MachineName":"1C3-TEC-GJWGARY","Log4NetLevel":"INFO "}
{"@t":"2023-03-22T09:09:44.2016961Z","@mt":"Stopping ({SignalSource})","SignalSource":"environment","SourceContext":"Umbraco.Cms.Core.Runtime.MainDom","ProcessId":18724,"ProcessName":"Clean.Site","ThreadId":28,"ApplicationId":"08576e774ac196133407f48bb75449c37258f5a7","MachineName":"1C3-TEC-GJWGARY","Log4NetLevel":"INFO "}
{"@t":"2023-03-22T09:09:44.2123621Z","@mt":"Released from MainDom","SourceContext":"Umbraco.Cms.Infrastructure.PublishedCache.PublishedSnapshotService","ProcessId":18724,"ProcessName":"Clean.Site","ThreadId":28,"ApplicationId":"08576e774ac196133407f48bb75449c37258f5a7","MachineName":"1C3-TEC-GJWGARY","Log4NetLevel":"INFO "}
{"@t":"2023-03-22T09:09:44.2152545Z","@mt":"{StartMessage} [Timing {TimingId}]","StartMessage":"Examine shutting down","TimingId":"5c86058","SourceContext":"Umbraco.Cms.Core.Logging.ProfilingLogger","ProcessId":18724,"ProcessName":"Clean.Site","ThreadId":28,"ApplicationId":"08576e774ac196133407f48bb75449c37258f5a7","MachineName":"1C3-TEC-GJWGARY","Log4NetLevel":"INFO "}
{"@t":"2023-03-22T09:09:44.2460877Z","@mt":"{EndMessage} ({Duration}ms) [Timing {TimingId}]","EndMessage":"Completed.","Duration":30,"TimingId":"5c86058","SourceContext":"Umbraco.Cms.Core.Logging.ProfilingLogger","ProcessId":18724,"ProcessName":"Clean.Site","ThreadId":28,"ApplicationId":"08576e774ac196133407f48bb75449c37258f5a7","MachineName":"1C3-TEC-GJWGARY","Log4NetLevel":"INFO "}
{"@t":"2023-03-22T09:09:44.2464380Z","@mt":"Released ({SignalSource})","SignalSource":"environment","SourceContext":"Umbraco.Cms.Core.Runtime.MainDom","ProcessId":18724,"ProcessName":"Clean.Site","ThreadId":28,"ApplicationId":"08576e774ac196133407f48bb75449c37258f5a7","MachineName":"1C3-TEC-GJWGARY","Log4NetLevel":"INFO "}
{"@t":"2023-03-22T09:09:44.2469380Z","@mt":"Application is shutting down...","SourceContext":"Microsoft.Hosting.Lifetime","ProcessId":18724,"ProcessName":"Clean.Site","ThreadId":28,"ApplicationId":"08576e774ac196133407f48bb75449c37258f5a7","MachineName":"1C3-TEC-GJWGARY","Log4NetLevel":"INFO "}
{"@t":"2023-03-22T09:09:44.2546323Z","@mt":"Queued Hosted Service is stopping.","SourceContext":"Umbraco.Cms.Infrastructure.HostedServices.QueuedHostedService","ProcessId":18724,"ProcessName":"Clean.Site","ThreadId":21,"ApplicationId":"08576e774ac196133407f48bb75449c37258f5a7","MachineName":"1C3-TEC-GJWGARY","Log4NetLevel":"INFO "}
