{"@t":"2023-03-06T06:04:56.2392746Z","@mt":"Acquiring MainDom.","SourceContext":"Umbraco.Cms.Core.Runtime.MainDom","ProcessId":29944,"ProcessName":"Clean.Site","ThreadId":1,"ApplicationId":"08576e774ac196133407f48bb75449c37258f5a7","MachineName":"1C3-TEC-GJWGARY","Log4NetLevel":"INFO "}
{"@t":"2023-03-06T06:04:56.2456564Z","@mt":"Acquired MainDom.","SourceContext":"Umbraco.Cms.Core.Runtime.MainDom","ProcessId":29944,"ProcessName":"Clean.Site","ThreadId":1,"ApplicationId":"08576e774ac196133407f48bb75449c37258f5a7","MachineName":"1C3-TEC-GJWGARY","Log4NetLevel":"INFO "}
{"@t":"2023-03-06T06:04:57.3915577Z","@mt":"Now listening on: {address}","address":"https://localhost:44365","EventId":{"Id":14,"Name":"ListeningOnAddress"},"SourceContext":"Microsoft.Hosting.Lifetime","ProcessId":29944,"ProcessName":"Clean.Site","ThreadId":1,"ApplicationId":"08576e774ac196133407f48bb75449c37258f5a7","MachineName":"1C3-TEC-GJWGARY","Log4NetLevel":"INFO "}
{"@t":"2023-03-06T06:04:57.3921207Z","@mt":"Now listening on: {address}","address":"http://localhost:43116","EventId":{"Id":14,"Name":"ListeningOnAddress"},"SourceContext":"Microsoft.Hosting.Lifetime","ProcessId":29944,"ProcessName":"Clean.Site","ThreadId":1,"ApplicationId":"08576e774ac196133407f48bb75449c37258f5a7","MachineName":"1C3-TEC-GJWGARY","Log4NetLevel":"INFO "}
{"@t":"2023-03-06T06:04:57.3948713Z","@mt":"Application started. Press Ctrl+C to shut down.","SourceContext":"Microsoft.Hosting.Lifetime","ProcessId":29944,"ProcessName":"Clean.Site","ThreadId":1,"ApplicationId":"08576e774ac196133407f48bb75449c37258f5a7","MachineName":"1C3-TEC-GJWGARY","Log4NetLevel":"INFO "}
{"@t":"2023-03-06T06:04:57.3949795Z","@mt":"Hosting environment: {EnvName}","EnvName":"Development","SourceContext":"Microsoft.Hosting.Lifetime","ProcessId":29944,"ProcessName":"Clean.Site","ThreadId":1,"ApplicationId":"08576e774ac196133407f48bb75449c37258f5a7","MachineName":"1C3-TEC-GJWGARY","Log4NetLevel":"INFO "}
{"@t":"2023-03-06T06:04:57.3950455Z","@mt":"Content root path: {ContentRoot}","ContentRoot":"C:\\Hadi\\Umbraco\\Clean\\Clean.Site","SourceContext":"Microsoft.Hosting.Lifetime","ProcessId":29944,"ProcessName":"Clean.Site","ThreadId":1,"ApplicationId":"08576e774ac196133407f48bb75449c37258f5a7","MachineName":"1C3-TEC-GJWGARY","Log4NetLevel":"INFO "}
{"@t":"2023-03-06T06:04:58.2303249Z","@mt":"Registered with MainDom, localContentDbExists? {LocalContentDbExists}, localMediaDbExists? {LocalMediaDbExists}","LocalContentDbExists":true,"LocalMediaDbExists":true,"SourceContext":"Umbraco.Cms.Infrastructure.PublishedCache.PublishedSnapshotService","RequestId":"0HMOU12RBE9MU:00000001","RequestPath":"/","ConnectionId":"0HMOU12RBE9MU","ProcessId":29944,"ProcessName":"Clean.Site","ThreadId":7,"ApplicationId":"08576e774ac196133407f48bb75449c37258f5a7","MachineName":"1C3-TEC-GJWGARY","Log4NetLevel":"INFO ","HttpRequestId":"fec8ef72-5ebd-4493-8b2b-b7dc5f6fa134","HttpRequestNumber":1,"HttpSessionId":"0"}
{"@t":"2023-03-06T06:04:58.2320629Z","@mt":"Creating the content store, localContentDbExists? {LocalContentDbExists}","LocalContentDbExists":true,"SourceContext":"Umbraco.Cms.Infrastructure.PublishedCache.PublishedSnapshotService","RequestId":"0HMOU12RBE9MU:00000001","RequestPath":"/","ConnectionId":"0HMOU12RBE9MU","ProcessId":29944,"ProcessName":"Clean.Site","ThreadId":7,"ApplicationId":"08576e774ac196133407f48bb75449c37258f5a7","MachineName":"1C3-TEC-GJWGARY","Log4NetLevel":"INFO ","HttpRequestId":"fec8ef72-5ebd-4493-8b2b-b7dc5f6fa134","HttpRequestNumber":1,"HttpSessionId":"0"}
{"@t":"2023-03-06T06:04:58.2340047Z","@mt":"Creating the media store, localMediaDbExists? {LocalMediaDbExists}","LocalMediaDbExists":true,"SourceContext":"Umbraco.Cms.Infrastructure.PublishedCache.PublishedSnapshotService","RequestId":"0HMOU12RBE9MU:00000001","RequestPath":"/","ConnectionId":"0HMOU12RBE9MU","ProcessId":29944,"ProcessName":"Clean.Site","ThreadId":7,"ApplicationId":"08576e774ac196133407f48bb75449c37258f5a7","MachineName":"1C3-TEC-GJWGARY","Log4NetLevel":"INFO ","HttpRequestId":"fec8ef72-5ebd-4493-8b2b-b7dc5f6fa134","HttpRequestNumber":1,"HttpSessionId":"0"}
{"@t":"2023-03-06T06:04:58.5922792Z","@mt":"{StartMessage} [Timing {TimingId}]","StartMessage":"Loading content from local cache file","TimingId":"8f69842","SourceContext":"Umbraco.Cms.Core.Logging.ProfilingLogger","RequestId":"0HMOU12RBE9MU:00000001","RequestPath":"/","ConnectionId":"0HMOU12RBE9MU","ProcessId":29944,"ProcessName":"Clean.Site","ThreadId":7,"ApplicationId":"08576e774ac196133407f48bb75449c37258f5a7","MachineName":"1C3-TEC-GJWGARY","Log4NetLevel":"INFO ","HttpRequestId":"fec8ef72-5ebd-4493-8b2b-b7dc5f6fa134","HttpRequestNumber":1,"HttpSessionId":"0"}
{"@t":"2023-03-06T06:04:58.6175916Z","@mt":"{EndMessage} ({Duration}ms) [Timing {TimingId}]","EndMessage":"Completed.","Duration":26,"TimingId":"8f69842","SourceContext":"Umbraco.Cms.Core.Logging.ProfilingLogger","RequestId":"0HMOU12RBE9MU:00000001","RequestPath":"/","ConnectionId":"0HMOU12RBE9MU","ProcessId":29944,"ProcessName":"Clean.Site","ThreadId":7,"ApplicationId":"08576e774ac196133407f48bb75449c37258f5a7","MachineName":"1C3-TEC-GJWGARY","Log4NetLevel":"INFO ","HttpRequestId":"fec8ef72-5ebd-4493-8b2b-b7dc5f6fa134","HttpRequestNumber":1,"HttpSessionId":"0"}
{"@t":"2023-03-06T06:04:58.6313042Z","@mt":"{StartMessage} [Timing {TimingId}]","StartMessage":"Loading media from local cache file","TimingId":"a4e1fb8","SourceContext":"Umbraco.Cms.Core.Logging.ProfilingLogger","RequestId":"0HMOU12RBE9MU:00000001","RequestPath":"/","ConnectionId":"0HMOU12RBE9MU","ProcessId":29944,"ProcessName":"Clean.Site","ThreadId":7,"ApplicationId":"08576e774ac196133407f48bb75449c37258f5a7","MachineName":"1C3-TEC-GJWGARY","Log4NetLevel":"INFO ","HttpRequestId":"fec8ef72-5ebd-4493-8b2b-b7dc5f6fa134","HttpRequestNumber":1,"HttpSessionId":"0"}
{"@t":"2023-03-06T06:04:58.6329195Z","@mt":"{EndMessage} ({Duration}ms) [Timing {TimingId}]","EndMessage":"Completed.","Duration":1,"TimingId":"a4e1fb8","SourceContext":"Umbraco.Cms.Core.Logging.ProfilingLogger","RequestId":"0HMOU12RBE9MU:00000001","RequestPath":"/","ConnectionId":"0HMOU12RBE9MU","ProcessId":29944,"ProcessName":"Clean.Site","ThreadId":7,"ApplicationId":"08576e774ac196133407f48bb75449c37258f5a7","MachineName":"1C3-TEC-GJWGARY","Log4NetLevel":"INFO ","HttpRequestId":"fec8ef72-5ebd-4493-8b2b-b7dc5f6fa134","HttpRequestNumber":1,"HttpSessionId":"0"}
{"@t":"2023-03-06T06:06:15.9909610Z","@mt":"The image '{Uri}' was not modified","Uri":"https://localhost:44365/media/laqpqyfc/anirudh-xu4pz7gi9jy-unsplash.jpg?rmode=max&width=500&rnd=%26rnd%3D20230222024643","EventId":{"Id":4},"SourceContext":"SixLabors.ImageSharp.Web.Middleware.ImageSharpMiddleware","RequestId":"0HMOU12RBE9MU:000000D9","RequestPath":"/media/laqpqyfc/anirudh-xu4pz7gi9jy-unsplash.jpg","ConnectionId":"0HMOU12RBE9MU","ProcessId":29944,"ProcessName":"Clean.Site","ThreadId":9,"ApplicationId":"08576e774ac196133407f48bb75449c37258f5a7","MachineName":"1C3-TEC-GJWGARY","Log4NetLevel":"INFO "}
{"@t":"2023-03-06T06:07:56.6777836Z","@mt":"Deleted {count} ContentVersion(s)","count":7,"SourceContext":"Umbraco.Cms.Infrastructure.HostedServices.ContentVersionCleanup","ProcessId":29944,"ProcessName":"Clean.Site","ThreadId":4,"ApplicationId":"08576e774ac196133407f48bb75449c37258f5a7","MachineName":"1C3-TEC-GJWGARY","Log4NetLevel":"INFO "}
{"@t":"2023-03-06T06:10:09.7871276Z","@mt":"Stopping ({SignalSource})","SignalSource":"environment","SourceContext":"Umbraco.Cms.Core.Runtime.MainDom","ProcessId":29944,"ProcessName":"Clean.Site","ThreadId":32,"ApplicationId":"08576e774ac196133407f48bb75449c37258f5a7","MachineName":"1C3-TEC-GJWGARY","Log4NetLevel":"INFO "}
{"@t":"2023-03-06T06:10:09.7961803Z","@mt":"Released from MainDom","SourceContext":"Umbraco.Cms.Infrastructure.PublishedCache.PublishedSnapshotService","ProcessId":29944,"ProcessName":"Clean.Site","ThreadId":32,"ApplicationId":"08576e774ac196133407f48bb75449c37258f5a7","MachineName":"1C3-TEC-GJWGARY","Log4NetLevel":"INFO "}
{"@t":"2023-03-06T06:10:09.7965825Z","@mt":"Released ({SignalSource})","SignalSource":"environment","SourceContext":"Umbraco.Cms.Core.Runtime.MainDom","ProcessId":29944,"ProcessName":"Clean.Site","ThreadId":32,"ApplicationId":"08576e774ac196133407f48bb75449c37258f5a7","MachineName":"1C3-TEC-GJWGARY","Log4NetLevel":"INFO "}
{"@t":"2023-03-06T06:10:09.7969254Z","@mt":"Application is shutting down...","SourceContext":"Microsoft.Hosting.Lifetime","ProcessId":29944,"ProcessName":"Clean.Site","ThreadId":32,"ApplicationId":"08576e774ac196133407f48bb75449c37258f5a7","MachineName":"1C3-TEC-GJWGARY","Log4NetLevel":"INFO "}
{"@t":"2023-03-06T06:10:09.8029570Z","@mt":"Queued Hosted Service is stopping.","SourceContext":"Umbraco.Cms.Infrastructure.HostedServices.QueuedHostedService","ProcessId":29944,"ProcessName":"Clean.Site","ThreadId":24,"ApplicationId":"08576e774ac196133407f48bb75449c37258f5a7","MachineName":"1C3-TEC-GJWGARY","Log4NetLevel":"INFO "}
